time_utc,time_local_sp,run_id,run_start,wrf_vis_raw_km,wrf_vis_norm_km,metar_vis_km,RH_2M,T_2M,SST,DELTA_T,WSPD_10M,DPD,SAT_DEF,PWAT,L_CLOUD,CEIL_HGT,T_CLOUD,Q_HYDRO_INT,TEMP_GRAD,IX_RH_WIND,IX_RH_CLOUD,IX_WIND_RAIN,IX_DPD_WIND,IX_RH_TGRAD,FOG_INDEX,hour_sin,hour_cos
2014-06-15 12:00:00,2014-06-15 09:00:00,1,2014-06-15 12:00:00,20.0,10.0,9.994,87.490913,295.905518,0.0,295.905518,1.658785,2.185863,3.461511,35.945293,0.0,10000.0,0.0,0.0,0.007477,1.451286,0.0,0.0,3.625877,0.006542,0.497451,0.707107,-0.707107
2014-06-15 13:00:00,2014-06-15 10:00:00,1,2014-06-15 12:00:00,20.0,10.0,9.994,68.918213,298.086151,0.0,298.086151,2.152345,6.098486,9.807487,36.285694,0.0,10000.0,0.0,0.0,0.007898,1.483358,0.0,0.0,13.126047,0.005443,0.305984,0.5,-0.866025
2014-06-15 14:00:00,2014-06-15 11:00:00,1,2014-06-15 12:00:00,20.0,10.0,9.994,68.027512,298.501526,0.0,298.501526,1.968318,6.325922,10.34149,37.685406,32.508232,717.403625,32.508232,0.001306,0.007849,1.338998,0.0,0.014785,12.451428,0.005339,0.328903,0.258819,-0.965926
2014-06-15 15:00:00,2014-06-15 12:00:00,1,2014-06-15 12:00:00,20.0,10.0,9.994,67.905655,298.799133,0.0,298.799133,2.704596,6.368597,10.566239,37.364265,11.454062,946.002563,11.454062,0.00046,0.008261,1.836574,0.0,0.007881,17.224483,0.00561,0.242123,0.0,-1.0
2014-06-15 16:00:00,2014-06-15 13:00:00,1,2014-06-15 12:00:00,20.0,10.0,9.994,68.791153,298.167267,0.0,298.167267,1.722475,6.131693,9.895378,36.50555,100.0,10000.0,100.0,0.0,0.007368,1.184911,0.0,0.0,10.561691,0.005068,0.37746,-0.258819,-0.965926
2014-06-15 17:00:00,2014-06-15 14:00:00,1,2014-06-15 12:00:00,20.0,10.0,9.994,65.519218,298.494537,0.0,298.494537,3.070692,6.926517,11.148155,35.145912,61.507744,10000.0,61.507744,0.0,0.007937,2.011893,0.0,0.0,21.269201,0.0052,0.20664,-0.5,-0.866025
2014-06-15 18:00:00,2014-06-15 15:00:00,1,2014-06-15 12:00:00,20.0,10.0,9.994,63.1082,298.897491,0.0,298.897491,3.032441,7.545774,12.216815,34.940746,1.002815,10000.0,1.002815,0.0,0.008314,1.913719,0.0,0.0,22.882116,0.005247,0.201467,-0.707107,-0.707107
2014-06-15 19:00:00,2014-06-15 16:00:00,1,2014-06-15 12:00:00,20.0,10.0,9.994,66.727684,298.162079,0.0,298.162079,3.135451,6.618299,10.546373,35.193958,0.0,10000.0,0.0,0.0,0.008003,2.092214,0.0,0.0,20.751356,0.00534,0.206239,-0.866025,-0.5
2014-06-15 20:00:00,2014-06-15 17:00:00,1,2014-06-15 12:00:00,20.0,10.0,9.994,72.455544,296.765198,0.0,296.765198,3.174069,5.24313,8.029,35.201416,0.0,10000.0,0.0,0.0,0.00767,2.299789,0.0,0.0,16.642056,0.005557,0.221301,-0.965926,-0.258819
2014-06-15 21:00:00,2014-06-15 18:00:00,1,2014-06-15 12:00:00,20.0,10.0,9.994,77.134636,295.878662,0.0,295.878662,2.665969,4.213039,6.316993,35.170242,0.0,10000.0,0.0,0.0,0.00756,2.056386,0.0,0.0,11.231834,0.005832,0.27887,-1.0,-0.0
2014-06-15 22:00:00,2014-06-15 19:00:00,1,2014-06-15 12:00:00,20.0,10.0,9.994,79.955437,295.356445,0.0,295.356445,1.970483,3.623978,5.36456,34.805134,12.170451,10000.0,12.170451,0.0,0.007609,1.575509,0.0,0.0,7.140988,0.006084,0.386168,-0.965926,0.258819
2014-06-15 23:00:00,2014-06-15 20:00:00,1,2014-06-15 12:00:00,20.0,10.0,9.994,83.953926,294.799713,0.0,294.799713,1.727443,2.830046,4.150877,34.33165,4.011104,10000.0,4.011104,0.0,0.00689,1.450256,0.0,0.0,4.888743,0.005784,0.459406,-0.866025,0.5
2014-06-16 00:00:00,2014-06-15 21:00:00,1,2014-06-15 12:00:00,20.0,10.0,9.994,83.950058,294.390503,0.0,294.390503,1.921398,2.822084,4.049034,33.982983,0.0,10000.0,0.0,0.0,0.006419,1.613015,0.0,0.0,5.422348,0.005388,0.415307,-0.707107,0.707107
2014-06-16 01:00:00,2014-06-15 22:00:00,1,2014-06-15 12:00:00,20.0,10.0,9.994,84.896759,293.920349,0.0,293.920349,1.934855,2.633656,3.701612,33.605324,1.557118,10000.0,1.557118,0.0,0.006241,1.642629,0.0,0.0,5.095741,0.005298,0.417213,-0.5,0.866025
2014-06-16 02:00:00,2014-06-15 23:00:00,1,2014-06-15 12:00:00,20.0,10.0,9.994,87.633606,293.578857,0.0,293.578857,1.874205,2.121939,2.967667,32.961475,0.0,10000.0,0.0,0.0,0.004448,1.642434,0.0,0.0,3.976949,0.003898,0.443893,-0.258819,0.965926
2014-06-16 03:00:00,2014-06-16 00:00:00,1,2014-06-15 12:00:00,18.996,10.0,9.994,89.168022,293.274109,0.0,293.274109,1.664474,1.840618,2.550911,32.228458,0.0,10000.0,0.0,0.0,0.003253,1.484179,0.0,0.0,3.063662,0.0029,0.505352,0.0,1.0
2014-06-16 04:00:00,2014-06-16 01:00:00,1,2014-06-15 12:00:00,13.2642,10.0,9.994,90.305443,293.023438,0.0,293.023438,1.461844,1.635279,2.24786,31.82942,0.0,10000.0,0.0,0.0,-0.000251,1.320125,0.0,0.0,2.390523,-0.000227,0.578197,0.258819,0.965926
2014-06-16 05:00:00,2014-06-16 02:00:00,1,2014-06-15 12:00:00,9.0731,9.0731,9.994,91.314766,292.789032,0.0,292.789032,1.577484,1.455429,1.984735,31.263481,0.0,10000.0,0.0,0.0,-0.002373,1.440476,0.0,0.0,2.295916,-0.002167,0.544356,0.5,0.866025
2014-06-16 06:00:00,2014-06-16 03:00:00,1,2014-06-15 12:00:00,13.741,10.0,9.994,90.203461,292.556641,0.0,292.556641,1.655499,1.647442,2.206565,31.072712,0.0,10000.0,0.0,0.0,-0.005212,1.493317,0.0,0.0,2.727338,-0.004702,0.513834,0.707107,0.707107
2014-06-16 07:00:00,2014-06-16 04:00:00,1,2014-06-15 12:00:00,15.8856,10.0,9.994,89.764801,292.387299,0.0,292.387299,1.501628,1.722601,2.281178,31.752644,1.159692,10000.0,1.159692,0.0,-0.004898,1.347933,0.0,0.0,2.586705,-0.004396,0.56046,0.866025,0.5
2014-06-16 08:00:00,2014-06-16 05:00:00,1,2014-06-15 12:00:00,9.0418,9.0418,9.994,91.323364,292.481262,0.0,292.481262,1.497327,1.450541,1.945168,31.550007,7.011796,10000.0,7.011796,0.0,-0.001903,1.36741,0.0,0.0,2.171934,-0.001738,0.571726,0.965926,0.258819
2014-06-16 09:00:00,2014-06-16 06:00:00,1,2014-06-15 12:00:00,9.0436,9.0436,9.994,91.322868,292.342896,0.0,292.342896,1.650723,1.4491,1.928577,31.050371,1.77466,10000.0,1.77466,0.0,-0.003089,1.507487,0.0,0.0,2.392063,-0.002821,0.52163,1.0,0.0
2014-06-16 10:00:00,2014-06-16 07:00:00,1,2014-06-15 12:00:00,12.1656,10.0,9.994,90.548294,292.161621,0.0,292.161621,1.510145,1.582083,2.077108,30.673683,0.0,10000.0,0.0,0.0,-0.006887,1.367411,0.0,0.0,2.389174,-0.006236,0.562361,0.965926,-0.258819
2014-06-16 11:00:00,2014-06-16 08:00:00,1,2014-06-15 12:00:00,20.0,10.0,7.9984,81.48951,293.68808,0.0,293.68808,1.108457,3.278572,4.472175,30.429937,0.0,10000.0,0.0,0.0,0.00421,0.903276,0.0,0.0,3.634156,0.003431,0.674327,0.866025,-0.5
2014-06-16 12:00:00,2014-06-16 09:00:00,1,2014-06-15 12:00:00,20.0,10.0,7.9984,72.963402,295.398254,0.0,295.398254,1.242151,5.079674,7.254307,29.784918,0.0,10000.0,0.0,0.0,0.008244,0.906316,0.0,0.0,6.309723,0.006015,0.54363,0.707107,-0.707107
2014-06-16 13:00:00,2014-06-16 10:00:00,1,2014-06-15 12:00:00,20.0,10.0,7.9984,64.339897,297.017273,0.0,297.017273,1.135142,7.137901,10.553713,29.202648,0.0,10000.0,0.0,0.0,0.008395,0.730349,0.0,0.0,8.102534,0.005401,0.520911,0.5,-0.866025
2014-06-16 14:00:00,2014-06-16 11:00:00,1,2014-06-15 12:00:00,20.0,10.0,9.994,57.359459,298.468506,0.0,298.468506,0.828012,9.030302,13.764981,28.868647,0.0,10000.0,0.0,0.0,0.008082,0.474943,0.0,0.0,7.4772,0.004636,0.618089,0.258819,-0.965926
2014-06-16 15:00:00,2014-06-16 12:00:00,1,2014-06-15 12:00:00,20.0,10.0,9.994,51.522835,299.61676,0.0,299.61676,0.688782,10.794164,16.751583,28.632748,0.0,10000.0,0.0,0.0,0.008274,0.35488,0.0,0.0,7.43482,0.004263,0.653195,0.0,-1.0
2014-06-16 16:00:00,2014-06-16 13:00:00,1,2014-06-15 12:00:00,20.0,10.0,9.994,50.380695,300.31958,0.0,300.31958,1.457405,11.200953,17.870718,29.196007,0.0,10000.0,0.0,0.0,0.008403,0.734251,0.0,0.0,16.324331,0.004234,0.323491,-0.258819,-0.965926
2014-06-16 17:00:00,2014-06-16 14:00:00,1,2014-06-15 12:00:00,20.0,10.0,9.994,56.20005,299.61438,0.0,299.61438,2.918341,9.429113,15.133214,29.206224,0.0,10000.0,0.0,0.0,0.008659,1.640109,0.0,0.0,27.51737,0.004866,0.186195,-0.5,-0.866025
2014-06-16 18:00:00,2014-06-16 15:00:00,1,2014-06-15 12:00:00,20.0,10.0,9.994,58.338982,299.167572,0.0,299.167572,3.034962,8.809156,14.01886,29.157591,0.0,10000.0,0.0,0.0,0.008386,1.770566,0.0,0.0,26.735453,0.004892,0.186092,-0.707107,-0.707107
2014-06-16 19:00:00,2014-06-16 16:00:00,1,2014-06-15 12:00:00,20.0,10.0,9.994,65.442917,298.202637,0.0,298.202637,3.336101,6.93021,10.980148,29.479773,0.0,10000.0,0.0,0.0,0.00814,2.183241,0.0,0.0,23.119877,0.005327,0.190457,-0.866025,-0.5
2014-06-16 20:00:00,2014-06-16 17:00:00,1,2014-06-15 12:00:00,20.0,10.0,9.994,72.547874,296.968536,0.0,296.968536,3.142461,5.230698,8.100737,30.021975,0.0,10000.0,0.0,0.0,0.007594,2.279788,0.0,0.0,16.437262,0.005509,0.223743,-0.965926,-0.258819
2014-06-16 21:00:00,2014-06-16 18:00:00,1,2014-06-15 12:00:00,20.0,10.0,9.994,78.745964,296.232635,0.0,296.232635,2.971686,3.892706,5.999201,29.906738,0.0,10000.0,0.0,0.0,0.007252,2.340082,0.0,0.0,11.567899,0.005711,0.256361,-1.0,-0.0
2014-06-16 22:00:00,2014-06-16 19:00:00,1,2014-06-15 12:00:00,20.0,10.0,9.994,81.536797,295.936646,0.0,295.936646,2.402873,3.325068,5.118795,30.236593,0.0,10000.0,0.0,0.0,0.006873,1.959225,0.0,0.0,7.989714,0.005604,0.325773,-0.965926,0.258819
2014-06-16 23:00:00,2014-06-16 20:00:00,1,2014-06-15 12:00:00,20.0,10.0,9.994,83.757965,295.591675,0.0,295.591675,1.880069,2.884539,4.409592,30.039791,1.315981,10000.0,1.315981,0.0,0.0067,1.574708,0.0,0.0,5.423133,0.005612,0.423005,-0.866025,0.5
2014-06-17 00:00:00,2014-06-16 21:00:00,1,2014-06-15 12:00:00,20.0,10.0,,85.29837,295.204926,0.0,295.204926,1.116973,2.583332,3.898435,29.439411,2.088794,10000.0,2.088794,0.0,0.006314,0.952759,0.0,0.0,2.885511,0.005386,0.700906,-0.707107,0.707107
2014-06-17 01:00:00,2014-06-16 22:00:00,1,2014-06-15 12:00:00,20.0,10.0,,87.460045,294.752228,0.0,294.752228,0.730382,2.172686,3.234482,28.662153,3.904778,10000.0,3.904778,0.0,0.005654,0.638793,0.0,0.0,1.586891,0.004945,1.05325,-0.5,0.866025
2014-06-17 02:00:00,2014-06-16 23:00:00,1,2014-06-15 12:00:00,16.7319,10.0,,89.598824,294.319336,0.0,294.319336,0.690064,1.777752,2.612538,27.796144,2.233431,10000.0,2.233431,0.0,0.004867,0.618289,0.0,0.0,1.226762,0.004361,1.134071,-0.258819,0.965926
2014-06-17 03:00:00,2014-06-17 00:00:00,1,2014-06-15 12:00:00,8.5376,8.5376,,91.464951,293.939026,0.0,293.939026,0.296728,1.441761,2.094241,27.771721,0.0,10000.0,0.0,0.0,0.003957,0.271402,0.0,0.0,0.427811,0.00362,2.305483,0.0,1.0
2014-06-17 04:00:00,2014-06-17 01:00:00,1,2014-06-15 12:00:00,7.016,7.016,,91.933784,293.618286,0.0,293.618286,0.86903,1.356268,1.940436,27.475574,1.377329,10000.0,1.377329,0.0,0.003662,0.798932,0.0,0.0,1.178638,0.003366,0.948719,0.258819,0.965926
2014-06-17 05:00:00,2014-06-17 02:00:00,1,2014-06-15 12:00:00,7.8783,7.8783,,91.659622,293.360657,0.0,293.360657,0.938551,1.401438,1.974693,27.159824,1.779097,10000.0,1.779097,0.0,0.003568,0.860272,0.0,0.0,1.315321,0.003271,0.882572,0.5,0.866025
2014-06-17 06:00:00,2014-06-17 03:00:00,1,2014-06-15 12:00:00,2.3903,2.3903,,94.251373,293.028564,0.0,293.028564,0.714145,0.951958,1.333348,27.57621,2.995493,10000.0,2.995493,0.0,0.00407,0.673091,0.0,0.0,0.679836,0.003836,1.157673,0.707107,0.707107
2014-06-17 07:00:00,2014-06-17 04:00:00,1,2014-06-15 12:00:00,0.0239,0.0239,,99.341675,292.554901,0.0,292.554901,0.880831,0.106161,0.148265,27.516672,14.796453,25.716509,14.796453,0.005903,0.002048,0.875032,0.047522,0.0,0.09351,0.002034,1.012831,0.866025,0.5
2014-06-17 08:00:00,2014-06-17 05:00:00,1,2014-06-15 12:00:00,0.0081,0.0081,,98.245743,292.23526,0.0,292.23526,0.808063,0.283575,0.387293,27.122375,67.895248,25.65637,67.895248,0.043505,0.003697,0.793887,0.208379,4.7e-05,0.229146,0.003632,1.081927,0.965926,0.258819
2014-06-17 09:00:00,2014-06-17 06:00:00,1,2014-06-15 12:00:00,0.0062,0.0062,,98.297333,292.023682,0.0,292.023682,0.537887,0.274731,0.370968,26.941687,92.461784,25.632906,92.461784,0.05991,0.004495,0.528728,0.298347,0.002808,0.147774,0.004419,1.540985,1.0,0.0
2014-06-17 10:00:00,2014-06-17 07:00:00,1,2014-06-15 12:00:00,0.006,0.006,,98.425941,291.847626,0.0,291.847626,0.332034,0.253492,0.339191,27.205688,93.05127,25.614508,93.05127,0.05903,0.004645,0.326808,0.284929,0.0017,0.084168,0.004572,2.278197,0.965926,-0.258819
2014-06-17 11:00:00,2014-06-17 08:00:00,1,2014-06-15 12:00:00,0.006,0.006,,98.355827,291.692169,0.0,291.692169,0.177264,0.264551,0.350868,27.114914,93.380669,25.594629,93.380669,0.059312,0.004177,0.17435,0.30091,3e-06,0.046895,0.004109,3.547369,0.866025,-0.5
2014-06-17 12:00:00,2014-06-17 09:00:00,1,2014-06-15 12:00:00,0.0117,0.0117,,97.965584,291.839264,0.0,291.839264,0.132949,0.328281,0.438164,26.459543,91.452995,25.607157,91.452995,0.030645,0.00383,0.130245,0.119037,0.0,0.043645,0.003752,4.205446,0.707107,-0.707107
2023-08-01 12:00:00,2023-08-01 09:00:00,2,2023-08-01 12:00:00,12.833,10.0,8.9962,90.399368,293.584137,0.0,293.584137,0.963963,1.625603,2.304696,23.266975,0.0,10000.0,0.0,0.0,0.007401,0.871417,0.0,0.0,1.567021,0.00669,0.849648,0.707107,-0.707107
2023-08-01 13:00:00,2023-08-01 10:00:00,2,2023-08-01 12:00:00,20.0,10.0,8.9962,71.053055,295.228699,0.0,295.228699,0.473709,5.491411,7.687012,22.354973,23.550852,10000.0,23.550852,0.0,0.007937,0.336585,0.0,0.0,2.601334,0.005639,1.238485,0.5,-0.866025
2023-08-01 14:00:00,2023-08-01 11:00:00,2,2023-08-01 12:00:00,20.0,10.0,9.994,62.346355,296.767853,0.0,296.767853,0.348883,7.618727,10.977509,21.145386,24.101776,10000.0,24.101776,0.0,0.008282,0.217516,0.0,0.0,2.658044,0.005163,1.388922,0.258819,-0.965926
2023-08-01 15:00:00,2023-08-01 12:00:00,2,2023-08-01 12:00:00,20.0,10.0,9.994,56.477196,298.031952,0.0,298.031952,0.429619,9.243801,13.68872,20.732891,0.0,10000.0,0.0,0.0,0.00857,0.242637,0.0,0.0,3.971309,0.00484,1.066375,0.0,-1.0
2023-08-01 16:00:00,2023-08-01 13:00:00,2,2023-08-01 12:00:00,20.0,10.0,9.994,51.272488,299.093658,0.0,299.093658,1.353756,10.828939,16.325073,20.746525,0.0,10000.0,0.0,0.0,0.008573,0.694104,0.0,0.0,14.659736,0.004396,0.35269,-0.258819,-0.965926
2023-08-01 17:00:00,2023-08-01 14:00:00,2,2023-08-01 12:00:00,20.0,10.0,9.994,52.682556,298.843201,0.0,298.843201,3.972323,10.387163,15.618875,20.814125,0.0,10000.0,0.0,0.0,0.009199,2.092721,0.0,0.0,41.261166,0.004846,0.129367,-0.5,-0.866025
2023-08-01 18:00:00,2023-08-01 15:00:00,2,2023-08-01 12:00:00,20.0,10.0,9.994,59.606205,297.867462,0.0,297.867462,4.14457,8.388567,12.580292,21.167334,0.0,10000.0,0.0,0.0,0.009095,2.470421,0.0,0.0,34.767006,0.005421,0.140429,-0.707107,-0.707107
2023-08-01 19:00:00,2023-08-01 16:00:00,2,2023-08-01 12:00:00,20.0,10.0,9.994,63.690586,296.993469,0.0,296.993469,4.297492,7.296307,10.730493,21.032925,0.0,10000.0,0.0,0.0,0.008823,2.737098,0.0,0.0,31.355816,0.005619,0.144834,-0.866025,-0.5
2023-08-01 20:00:00,2023-08-01 17:00:00,2,2023-08-01 12:00:00,20.0,10.0,9.994,69.244659,296.138824,0.0,296.138824,3.755002,5.936562,8.631872,21.400196,0.0,10000.0,0.0,0.0,0.008015,2.600138,0.0,0.0,22.291801,0.00555,0.179623,-0.965926,-0.258819
2023-08-01 21:00:00,2023-08-01 18:00:00,2,2023-08-01 12:00:00,20.0,10.0,9.994,72.862106,295.054657,0.0,295.054657,3.510623,5.088551,7.130449,21.265141,0.0,10000.0,0.0,0.0,0.007282,2.557914,0.0,0.0,17.863983,0.005306,0.201799,-1.0,-0.0
2023-08-01 22:00:00,2023-08-01 19:00:00,2,2023-08-01 12:00:00,20.0,10.0,9.994,75.580818,294.405823,0.0,294.405823,2.877947,4.487907,6.166199,21.500183,0.0,10000.0,0.0,0.0,0.006782,2.175176,0.0,0.0,12.915961,0.005126,0.253802,-0.965926,0.258819
2023-08-01 23:00:00,2023-08-01 20:00:00,2,2023-08-01 12:00:00,20.0,10.0,9.994,76.261047,294.118622,0.0,294.118622,2.264019,4.337276,5.889567,20.981932,9.00038,10000.0,9.00038,0.0,0.006093,1.726565,0.0,0.0,9.819676,0.004647,0.322591,-0.866025,0.5
2023-08-02 00:00:00,2023-08-01 21:00:00,2,2023-08-01 12:00:00,20.0,10.0,9.994,76.219894,293.690094,0.0,293.690094,2.218325,4.331793,5.746039,20.092739,12.760811,10000.0,12.760811,0.0,0.006658,1.690805,0.0,0.0,9.609327,0.005075,0.328771,-0.707107,0.707107
2023-08-02 01:00:00,2023-08-01 22:00:00,2,2023-08-01 12:00:00,20.0,10.0,9.994,80.344917,292.911133,0.0,292.911133,1.246984,3.481651,4.525739,19.47995,0.0,10000.0,0.0,0.0,0.005614,1.001888,0.0,0.0,4.341562,0.004511,0.59648,-0.5,0.866025
2023-08-02 02:00:00,2023-08-01 23:00:00,2,2023-08-01 12:00:00,20.0,10.0,9.994,84.964127,292.54007,0.0,292.54007,1.82753,2.593801,3.383177,19.621906,0.0,10000.0,0.0,0.0,0.004796,1.552745,0.0,0.0,4.740249,0.004075,0.440793,-0.258819,0.965926
2023-08-02 03:00:00,2023-08-02 00:00:00,2,2023-08-01 12:00:00,20.0,10.0,9.994,87.815628,292.073334,0.0,292.073334,1.199903,2.065134,2.662914,19.443003,0.0,10000.0,0.0,0.0,0.004441,1.053702,0.0,0.0,2.47796,0.0039,0.675555,0.0,1.0
2023-08-02 04:00:00,2023-08-02 01:00:00,2,2023-08-01 12:00:00,13.4715,10.0,9.994,90.260872,291.607452,0.0,291.607452,0.949719,1.625547,2.067333,18.945135,0.0,10000.0,0.0,0.0,0.004726,0.857224,0.0,0.0,1.543813,0.004266,0.859858,0.258819,0.965926
2023-08-02 05:00:00,2023-08-02 02:00:00,2,2023-08-01 12:00:00,9.3192,9.3192,9.994,91.247856,291.225983,0.0,291.225983,0.792759,1.449751,1.813852,18.128067,0.0,10000.0,0.0,0.0,0.004797,0.723376,0.0,0.0,1.149303,0.004377,1.022088,0.5,0.866025
2023-08-02 06:00:00,2023-08-02 03:00:00,2,2023-08-01 12:00:00,7.8618,7.8618,9.994,91.664627,290.891571,0.0,290.891571,0.19491,1.374479,1.691485,17.457199,0.0,10000.0,0.0,0.0,0.004189,0.178664,0.0,0.0,0.2679,0.00384,3.108223,0.707107,0.707107
2023-08-02 07:00:00,2023-08-02 04:00:00,2,2023-08-01 12:00:00,6.1488,6.1488,9.994,92.237602,290.665802,0.0,290.665802,0.764517,1.274349,1.55293,17.153555,0.0,10000.0,0.0,0.0,0.003254,0.705172,0.0,0.0,0.974261,0.003002,1.066927,0.866025,0.5
2023-08-02 08:00:00,2023-08-02 05:00:00,2,2023-08-01 12:00:00,7.3507,7.3507,6.0028,91.82444,290.490112,0.0,290.490112,1.060636,1.34298,1.617527,16.965761,0.0,10000.0,0.0,0.0,0.002738,0.973923,0.0,0.0,1.424413,0.002515,0.791156,0.965926,0.258819
2023-08-02 09:00:00,2023-08-02 06:00:00,2,2023-08-01 12:00:00,6.1263,6.1263,4.0073,92.245941,290.288544,0.0,290.288544,0.745054,1.269253,1.514687,16.589394,0.0,10000.0,0.0,0.0,0.00091,0.687282,0.0,0.0,0.945662,0.000839,1.091598,1.0,0.0
2023-08-02 10:00:00,2023-08-02 07:00:00,2,2023-08-01 12:00:00,4.2984,4.2984,2.9934,93.027863,290.158844,0.0,290.158844,1.271421,1.135969,1.350798,15.975755,0.0,10000.0,0.0,0.0,-0.004977,1.182776,0.0,0.0,1.444295,-0.00463,0.678332,0.965926,-0.258819
2023-08-02 11:00:00,2023-08-02 08:00:00,2,2023-08-01 12:00:00,20.0,10.0,1.9956,77.923653,292.463257,0.0,292.463257,0.99336,3.947741,4.943628,15.115181,0.0,10000.0,0.0,0.0,0.002959,0.774063,0.0,0.0,3.921528,0.002306,0.712699,0.866025,-0.5
2023-08-02 12:00:00,2023-08-02 09:00:00,2,2023-08-01 12:00:00,20.0,10.0,1.4967,59.781708,294.691956,0.0,294.691956,0.612407,8.148699,10.335454,14.909472,0.0,10000.0,0.0,0.0,0.00811,0.366107,0.0,0.0,4.99032,0.004848,0.839151,0.707107,-0.707107
2023-08-02 13:00:00,2023-08-02 10:00:00,2,2023-08-01 12:00:00,20.0,10.0,1.8025,49.190243,296.754364,0.0,296.754364,0.423791,11.277853,14.800985,14.450815,0.0,10000.0,0.0,0.0,0.008792,0.208464,0.0,0.0,4.779451,0.004325,0.93912,0.5,-0.866025
2023-08-02 14:00:00,2023-08-02 11:00:00,2,2023-08-01 12:00:00,20.0,10.0,5.005,44.180489,298.350769,0.0,298.350769,0.347166,13.053841,17.893412,14.245766,0.0,10000.0,0.0,0.0,0.008865,0.15338,0.0,0.0,4.531849,0.003916,0.988011,0.258819,-0.965926
2023-08-02 15:00:00,2023-08-02 12:00:00,2,2023-08-01 12:00:00,20.0,10.0,8.9962,40.201195,299.676453,0.0,299.676453,0.606136,14.620298,20.736776,14.013548,0.0,10000.0,0.0,0.0,0.00864,0.243674,0.0,0.0,8.861885,0.003473,0.569313,0.0,-1.0
2023-08-02 16:00:00,2023-08-02 13:00:00,2,2023-08-01 12:00:00,20.0,10.0,9.994,44.301991,300.215637,0.0,300.215637,1.86406,13.189191,19.937876,15.409698,0.0,10000.0,0.0,0.0,0.008545,0.825816,0.0,0.0,24.585447,0.003786,0.225563,-0.258819,-0.965926
2023-08-02 17:00:00,2023-08-02 14:00:00,2,2023-08-01 12:00:00,20.0,10.0,9.994,46.304993,299.860992,0.0,299.860992,3.094302,12.473922,18.823862,15.584442,0.0,10000.0,0.0,0.0,0.008861,1.432816,0.0,0.0,38.598083,0.004103,0.144961,-0.5,-0.866025
2023-08-02 18:00:00,2023-08-02 15:00:00,2,2023-08-01 12:00:00,20.0,10.0,9.994,47.823586,299.306641,0.0,299.306641,3.306007,11.926246,17.702419,16.231985,0.0,10000.0,0.0,0.0,0.008627,1.581051,0.0,0.0,39.428253,0.004126,0.14041,-0.707107,-0.707107
2023-08-02 19:00:00,2023-08-02 16:00:00,2,2023-08-01 12:00:00,20.0,10.0,9.994,50.849842,298.52475,0.0,298.52475,3.27919,10.912288,15.919591,16.632668,0.0,10000.0,0.0,0.0,0.008267,1.667463,0.0,0.0,35.783459,0.004204,0.150479,-0.866025,-0.5
2023-08-02 20:00:00,2023-08-02 17:00:00,2,2023-08-01 12:00:00,20.0,10.0,9.994,54.448193,297.211609,0.0,297.211609,3.320523,9.755166,13.63969,16.715157,0.0,10000.0,0.0,0.0,0.007715,1.807965,0.0,0.0,32.392258,0.004201,0.159181,-0.965926,-0.258819
2023-08-02 21:00:00,2023-08-02 18:00:00,2,2023-08-01 12:00:00,20.0,10.0,9.994,61.53273,295.968933,0.0,295.968933,2.886702,7.778208,10.685694,16.704107,0.0,10000.0,0.0,0.0,0.006999,1.776267,0.0,0.0,22.453371,0.004307,0.206022,-1.0,-0.0
2023-08-02 22:00:00,2023-08-02 19:00:00,2,2023-08-01 12:00:00,20.0,10.0,9.994,64.841774,295.375214,0.0,295.375214,2.218117,6.930504,9.420224,16.300892,0.0,10000.0,0.0,0.0,0.006344,1.438266,0.0,0.0,15.372668,0.004113,0.279717,-0.965926,0.258819
2023-08-02 23:00:00,2023-08-02 20:00:00,2,2023-08-01 12:00:00,20.0,10.0,9.994,65.789742,294.82724,0.0,294.82724,1.323565,6.676865,8.864599,15.465222,0.0,10000.0,0.0,0.0,0.004592,0.87077,0.0,0.0,8.837263,0.003021,0.462148,-0.866025,0.5
2023-08-03 00:00:00,2023-08-02 21:00:00,2,2023-08-01 12:00:00,20.0,10.0,,69.477966,294.10379,0.0,294.10379,0.862711,5.794744,7.565526,14.402358,0.0,10000.0,0.0,0.0,0.003429,0.599394,0.0,0.0,4.999187,0.002382,0.721691,-0.707107,0.707107
2023-08-03 01:00:00,2023-08-02 22:00:00,2,2023-08-01 12:00:00,20.0,10.0,,77.385979,293.556152,0.0,293.556152,1.199689,4.089224,5.419269,13.671217,0.0,10000.0,0.0,0.0,0.002633,0.928391,0.0,0.0,4.905797,0.002037,0.595419,-0.5,0.866025
2023-08-03 02:00:00,2023-08-02 23:00:00,2,2023-08-01 12:00:00,20.0,10.0,,81.680977,293.132446,0.0,293.132446,1.021232,3.227879,4.276405,13.290352,0.0,10000.0,0.0,0.0,0.001401,0.834153,0.0,0.0,3.296414,0.001144,0.728493,-0.258819,0.965926
2023-08-03 03:00:00,2023-08-03 00:00:00,2,2023-08-01 12:00:00,20.0,10.0,,83.769051,292.716705,0.0,292.716705,1.005279,2.820652,3.692432,12.387994,0.0,10000.0,0.0,0.0,-0.002546,0.842113,0.0,0.0,2.835542,-0.002132,0.7579,0.0,1.0
2023-08-03 04:00:00,2023-08-03 01:00:00,2,2023-08-01 12:00:00,20.0,10.0,,86.239799,292.292969,0.0,292.292969,0.890212,2.354286,3.048832,11.290711,0.0,10000.0,0.0,0.0,-0.004446,0.767717,0.0,0.0,2.095814,-0.003835,0.870923,0.258819,0.965926
2023-08-03 05:00:00,2023-08-03 02:00:00,2,2023-08-01 12:00:00,20.0,10.0,,88.728943,291.878571,0.0,291.878571,0.568842,1.899061,2.433494,10.927916,0.0,10000.0,0.0,0.0,-0.007479,0.504727,0.0,0.0,1.080265,-0.006636,1.326606,0.5,0.866025
2023-08-03 06:00:00,2023-08-03 03:00:00,2,2023-08-01 12:00:00,9.3387,9.3387,,91.242615,291.507019,0.0,291.507019,0.595816,1.453772,1.847263,10.443858,0.0,10000.0,0.0,0.0,-0.012894,0.543638,0.0,0.0,0.866181,-0.011764,1.311303,0.707107,0.707107
2023-08-03 07:00:00,2023-08-03 04:00:00,2,2023-08-01 12:00:00,3.3972,3.3972,,93.526833,291.10199,0.0,291.10199,1.232052,1.05986,1.331117,10.383205,0.0,10000.0,0.0,0.0,-0.011451,1.152299,0.0,0.0,1.305802,-0.010709,0.702126,0.866025,0.5
2023-08-03 08:00:00,2023-08-03 05:00:00,2,2023-08-01 12:00:00,20.0,10.0,,85.554474,290.752258,0.0,290.752258,1.226693,2.451045,2.905761,10.557688,0.0,10000.0,0.0,0.0,-0.006074,1.049491,0.0,0.0,3.00668,-0.005196,0.64487,0.965926,0.258819
2023-08-03 09:00:00,2023-08-03 06:00:00,2,2023-08-01 12:00:00,20.0,10.0,,85.368912,290.398224,0.0,290.398224,1.254578,2.478114,2.877969,10.383544,0.0,10000.0,0.0,0.0,-0.020416,1.07102,0.0,0.0,3.108988,-0.017429,0.630225,1.0,0.0
2023-08-03 10:00:00,2023-08-03 07:00:00,2,2023-08-01 12:00:00,1.0924,1.0924,,95.808434,289.949585,0.0,289.949585,1.334575,0.673161,0.801372,10.448545,0.0,10000.0,0.0,0.0,-0.029386,1.278635,0.0,0.0,0.898383,-0.028155,0.667853,0.965926,-0.258819
2023-08-03 11:00:00,2023-08-03 08:00:00,2,2023-08-01 12:00:00,5.3059,5.3059,,92.564697,290.53894,0.0,290.53894,0.732495,1.217602,1.475617,10.263636,14.862204,10000.0,14.862204,2e-06,-0.033198,0.678032,0.0,2.9e-05,0.891887,-0.03073,1.111895,0.866025,-0.5
2023-08-03 12:00:00,2023-08-03 09:00:00,2,2023-08-01 12:00:00,20.0,10.0,,66.367424,294.323944,0.0,294.323944,0.657447,6.516355,8.450125,10.368609,0.0,10000.0,0.0,0.0,-0.004972,0.43633,0.0,0.0,4.284154,-0.0033,0.876199,0.707107,-0.707107
2025-05-31 12:00:00,2025-05-31 09:00:00,3,2025-05-31 12:00:00,20.0,10.0,9.994,73.857346,294.299225,0.0,294.299225,0.446221,4.847008,6.55833,23.459156,0.0,10000.0,0.0,0.0,0.007238,0.329567,0.0,0.0,2.162837,0.005346,1.352151,0.707107,-0.707107
2025-05-31 13:00:00,2025-05-31 10:00:00,3,2025-05-31 12:00:00,20.0,10.0,9.994,58.83128,296.228577,0.0,296.228577,0.473461,8.490705,11.617498,23.330561,0.0,10000.0,0.0,0.0,0.008197,0.278543,0.0,0.0,4.020017,0.004822,1.025899,0.5,-0.866025
2025-05-31 14:00:00,2025-05-31 11:00:00,3,2025-05-31 12:00:00,20.0,10.0,9.994,53.718342,297.421265,0.0,297.421265,1.05999,9.978998,14.033823,24.403761,0.0,10000.0,0.0,0.0,0.008595,0.569409,0.0,0.0,10.577635,0.004617,0.463093,0.258819,-0.965926
2025-05-31 15:00:00,2025-05-31 12:00:00,3,2025-05-31 12:00:00,20.0,10.0,9.994,50.430859,298.514008,0.0,298.514008,1.15001,11.039432,16.045038,25.491646,0.0,10000.0,0.0,0.0,0.008444,0.57996,0.0,0.0,12.695456,0.004259,0.403444,0.0,-1.0
2025-05-31 16:00:00,2025-05-31 13:00:00,3,2025-05-31 12:00:00,20.0,10.0,9.994,48.881485,299.153198,0.0,299.153198,2.239332,11.5748,17.186651,26.452969,1.383153,10000.0,1.383153,0.0,0.008683,1.094619,0.0,0.0,25.919821,0.004244,0.208955,-0.258819,-0.965926
2025-05-31 17:00:00,2025-05-31 14:00:00,3,2025-05-31 12:00:00,20.0,10.0,9.994,52.375866,298.806793,0.0,298.806793,3.077698,10.475315,15.686157,27.125769,1.763889,10000.0,1.763889,0.0,0.008768,1.611971,0.0,0.0,32.239857,0.004592,0.164823,-0.5,-0.866025
2025-05-31 18:00:00,2025-05-31 15:00:00,3,2025-05-31 12:00:00,20.0,10.0,9.994,58.814484,297.897766,0.0,297.897766,3.667066,8.600309,12.850133,27.419249,3.107568,10000.0,3.107568,0.0,0.008718,2.156766,0.0,0.0,31.537899,0.005128,0.156128,-0.707107,-0.707107
2025-05-31 19:00:00,2025-05-31 16:00:00,3,2025-05-31 12:00:00,20.0,10.0,9.994,63.488483,296.942596,0.0,296.942596,3.96502,7.343533,10.757218,28.373245,3.864553,10000.0,3.864553,0.0,0.008428,2.517331,0.0,0.0,29.117252,0.005351,0.156182,-0.866025,-0.5
2025-05-31 20:00:00,2025-05-31 17:00:00,3,2025-05-31 12:00:00,20.0,10.0,9.994,71.082809,295.626892,0.0,295.626892,3.985962,5.501141,7.867639,28.971203,3.515958,10000.0,3.515958,0.0,0.007853,2.833334,0.0,0.0,21.927338,0.005582,0.173968,-0.965926,-0.258819
2025-05-31 21:00:00,2025-05-31 18:00:00,3,2025-05-31 12:00:00,20.0,10.0,9.994,74.783989,295.213287,0.0,295.213287,3.467486,4.683046,6.68995,29.633631,3.262264,10000.0,3.262264,0.0,0.007339,2.593124,0.0,0.0,16.238398,0.005488,0.209627,-1.0,-0.0
2025-05-31 22:00:00,2025-05-31 19:00:00,3,2025-05-31 12:00:00,20.0,10.0,9.994,76.364288,294.879211,0.0,294.879211,2.621292,4.340683,6.144013,29.430452,1.600763,10000.0,1.600763,0.0,0.006962,2.001731,0.0,0.0,11.378197,0.005317,0.280618,-0.965926,0.258819
2025-05-31 23:00:00,2025-05-31 20:00:00,3,2025-05-31 12:00:00,20.0,10.0,9.994,77.861153,294.667938,0.0,294.667938,1.827483,4.026575,5.680963,29.144131,4.228262,10000.0,4.228262,0.0,0.006604,1.422899,0.0,0.0,7.358497,0.005142,0.403953,-0.866025,0.5
2025-06-01 00:00:00,2025-05-31 21:00:00,3,2025-05-31 12:00:00,20.0,10.0,9.994,79.812431,294.426605,0.0,294.426605,1.670988,3.627186,5.104161,28.668385,10.109504,10000.0,10.109504,0.0,0.00625,1.333656,0.0,0.0,6.060983,0.004988,0.450666,-0.707107,0.707107
2025-06-01 01:00:00,2025-05-31 22:00:00,3,2025-05-31 12:00:00,20.0,10.0,9.994,82.59832,294.041229,0.0,294.041229,1.495748,3.07279,4.296796,27.853001,4.007871,10000.0,4.007871,0.0,0.005078,1.235462,0.0,0.0,4.596118,0.004194,0.517615,-0.5,0.866025
2025-06-01 02:00:00,2025-05-31 23:00:00,3,2025-05-31 12:00:00,20.0,10.0,9.994,84.434875,293.702881,0.0,293.702881,1.245117,2.716043,3.764005,27.365944,1.466194,10000.0,1.466194,0.0,0.004386,1.051313,0.0,0.0,3.381792,0.003703,0.627714,-0.258819,0.965926
2025-06-01 03:00:00,2025-06-01 00:00:00,3,2025-05-31 12:00:00,20.0,10.0,9.994,85.979797,293.457489,0.0,293.457489,1.342238,2.423147,3.339405,27.719707,0.0,10000.0,0.0,0.0,0.003598,1.154053,0.0,0.0,3.252439,0.003094,0.596156,0.0,1.0
2025-06-01 04:00:00,2025-06-01 01:00:00,3,2025-05-31 12:00:00,20.0,10.0,9.994,86.643188,293.173523,0.0,293.173523,1.388365,2.295996,3.125971,27.904089,0.0,10000.0,0.0,0.0,0.001565,1.202924,0.0,0.0,3.18768,0.001356,0.582137,0.258819,0.965926
2025-06-01 05:00:00,2025-06-01 02:00:00,3,2025-05-31 12:00:00,20.0,10.0,9.994,86.895477,292.858063,0.0,292.858063,0.927925,2.244459,3.007493,27.52586,0.0,10000.0,0.0,0.0,0.002612,0.806325,0.0,0.0,2.082689,0.00227,0.845349,0.5,0.866025
2025-06-01 06:00:00,2025-06-01 03:00:00,3,2025-05-31 12:00:00,20.0,10.0,9.994,87.218651,292.727631,0.0,292.727631,1.126789,2.183475,2.909648,27.009533,0.0,10000.0,0.0,0.0,0.0029,0.98277,0.0,0.0,2.460317,0.00253,0.71095,0.707107,0.707107
2025-06-01 07:00:00,2025-06-01 04:00:00,3,2025-05-31 12:00:00,20.0,10.0,9.994,87.507393,292.61673,0.0,292.61673,1.328736,2.129339,2.824368,26.820587,0.0,10000.0,0.0,0.0,1.8e-05,1.162742,0.0,0.0,2.82933,1.6e-05,0.612481,0.866025,0.5
2025-06-01 08:00:00,2025-06-01 05:00:00,3,2025-05-31 12:00:00,20.0,10.0,8.9962,88.07354,292.382782,0.0,292.382782,1.256566,2.023636,2.657372,26.402994,0.0,10000.0,0.0,0.0,-0.005014,1.106702,0.0,0.0,2.542831,-0.004416,0.649239,0.965926,0.258819
2025-06-01 09:00:00,2025-06-01 06:00:00,3,2025-05-31 12:00:00,13.7376,10.0,7.9984,90.204193,292.150421,0.0,292.150421,1.178733,1.642229,2.151223,25.634617,0.0,10000.0,0.0,0.0,-0.005683,1.063266,0.0,0.0,1.935749,-0.005126,0.705419,1.0,0.0
2025-06-01 10:00:00,2025-06-01 07:00:00,3,2025-05-31 12:00:00,10.4686,10.0,7.9984,90.950615,292.075531,0.0,292.075531,1.167279,1.510855,1.97803,24.976227,0.0,10000.0,0.0,0.0,-0.008567,1.061648,0.0,0.0,1.763589,-0.007792,0.717684,0.965926,-0.258819
2025-06-01 11:00:00,2025-06-01 08:00:00,3,2025-05-31 12:00:00,20.0,10.0,9.994,81.157829,293.822998,0.0,293.822998,0.562607,3.346472,4.590353,24.855152,0.0,10000.0,0.0,0.0,0.002364,0.4566,0.0,0.0,1.882749,0.001919,1.224826,0.866025,-0.5
2025-06-01 12:00:00,2025-06-01 09:00:00,3,2025-05-31 12:00:00,20.0,10.0,7.9984,72.699593,295.944611,0.0,295.944611,0.360346,5.157888,7.572506,24.544262,0.0,10000.0,0.0,0.0,0.008241,0.26197,0.0,0.0,1.858625,0.005991,1.579238,0.707107,-0.707107
2025-06-01 13:00:00,2025-06-01 10:00:00,3,2025-05-31 12:00:00,20.0,10.0,7.9984,62.8083,297.615234,0.0,297.615234,0.889606,7.550129,11.409444,24.397865,0.0,10000.0,0.0,0.0,0.008409,0.558747,0.0,0.0,6.716643,0.005281,0.63468,0.5,-0.866025
2025-06-01 14:00:00,2025-06-01 11:00:00,3,2025-05-31 12:00:00,20.0,10.0,8.9962,55.708443,299.175476,0.0,299.175476,1.290206,9.537186,14.911008,24.459461,0.0,10000.0,0.0,0.0,0.008414,0.718754,0.0,0.0,12.304938,0.004688,0.400721,0.258819,-0.965926
2025-06-01 15:00:00,2025-06-01 12:00:00,3,2025-05-31 12:00:00,20.0,10.0,8.9962,49.215622,300.557892,0.0,300.557892,1.454518,11.586826,18.54789,24.93502,0.0,10000.0,0.0,0.0,0.008457,0.71585,0.0,0.0,16.853252,0.004162,0.316597,0.0,-1.0
2025-06-01 16:00:00,2025-06-01 13:00:00,3,2025-05-31 12:00:00,20.0,10.0,8.9962,48.471947,301.129883,0.0,301.129883,0.816829,11.873768,19.459913,26.610298,0.0,10000.0,0.0,0.0,0.008294,0.395933,0.0,0.0,9.698842,0.00402,0.528691,-0.258819,-0.965926
2025-06-01 17:00:00,2025-06-01 14:00:00,3,2025-05-31 12:00:00,20.0,10.0,9.994,56.984024,300.464996,0.0,300.464996,3.260454,9.267408,15.625292,29.625362,0.0,10000.0,0.0,0.0,0.008802,1.857938,0.0,0.0,30.215958,0.005016,0.169572,-0.5,-0.866025
2025-06-01 18:00:00,2025-06-01 15:00:00,3,2025-05-31 12:00:00,20.0,10.0,9.994,55.400467,299.967773,0.0,299.967773,2.824233,9.680071,15.733917,30.087984,20.93667,10000.0,20.93667,0.0,0.00815,1.564638,0.0,0.0,27.338778,0.004515,0.189453,-0.707107,-0.707107
2025-06-01 19:00:00,2025-06-01 16:00:00,3,2025-05-31 12:00:00,20.0,10.0,9.994,59.753139,298.3013,0.0,298.3013,4.442913,8.376553,12.863483,28.563505,7.649642,10000.0,7.649642,0.0,0.008633,2.65478,0.0,0.0,37.216293,0.005158,0.13153,-0.866025,-0.5
2025-06-01 20:00:00,2025-06-01 17:00:00,3,2025-05-31 12:00:00,20.0,10.0,9.994,68.645683,296.825287,0.0,296.825287,3.769024,6.104715,9.172714,28.520588,1.619059,10000.0,1.619059,0.0,0.008807,2.587272,0.0,0.0,23.008818,0.006046,0.177424,-0.965926,-0.258819
2025-06-01 21:00:00,2025-06-01 18:00:00,3,2025-05-31 12:00:00,20.0,10.0,7.9984,74.899033,295.931213,0.0,295.931213,2.800137,4.68375,6.956775,30.164555,3.986121,10000.0,3.986121,0.0,0.008525,2.097276,0.0,0.0,13.115144,0.006385,0.25826,-1.0,-0.0
2025-06-01 22:00:00,2025-06-01 19:00:00,3,2025-05-31 12:00:00,20.0,10.0,9.994,76.856194,295.392578,0.0,295.392578,1.781527,4.255299,6.207668,30.952431,0.0,10000.0,0.0,0.0,0.00732,1.369214,0.0,0.0,7.580928,0.005626,0.408478,-0.965926,0.258819
2025-06-01 23:00:00,2025-06-01 20:00:00,3,2025-05-31 12:00:00,20.0,10.0,9.994,78.656822,294.915497,0.0,294.915497,2.251675,3.872553,5.560404,31.24197,0.0,10000.0,0.0,0.0,0.006998,1.771096,0.0,0.0,8.719731,0.005504,0.334471,-0.866025,0.5
2025-06-02 00:00:00,2025-06-01 21:00:00,3,2025-05-31 12:00:00,20.0,10.0,9.994,79.189453,294.638214,0.0,294.638214,1.599546,3.757414,5.330396,31.178116,0.0,10000.0,0.0,0.0,0.006722,1.266672,0.0,0.0,6.010158,0.005323,0.465945,-0.707107,0.707107
2025-06-02 01:00:00,2025-06-01 22:00:00,3,2025-05-31 12:00:00,20.0,10.0,9.994,80.406212,294.432678,0.0,294.432678,0.946348,3.509701,4.955879,31.103516,5.397032,10000.0,5.397032,0.0,0.006344,0.760922,0.0,0.0,3.321398,0.005101,0.768446,-0.5,0.866025
2025-06-02 02:00:00,2025-06-01 23:00:00,3,2025-05-31 12:00:00,20.0,10.0,9.994,79.63414,294.480743,0.0,294.480743,1.111408,3.664152,5.166373,30.546408,14.561258,10000.0,14.561258,0.0,0.006598,0.88506,0.0,0.0,4.072368,0.005254,0.657369,-0.258819,0.965926
2025-06-02 03:00:00,2025-06-02 00:00:00,3,2025-05-31 12:00:00,20.0,10.0,9.994,80.194435,294.180908,0.0,294.180908,1.174926,3.544859,4.932564,30.045084,8.153256,10000.0,8.153256,0.0,0.006184,0.942225,0.0,0.0,4.164947,0.004959,0.629012,0.0,1.0
2025-06-02 04:00:00,2025-06-02 01:00:00,3,2025-05-31 12:00:00,20.0,10.0,9.994,80.937965,293.83667,0.0,293.83667,1.263704,3.389746,4.647833,29.987204,3.559827,10000.0,3.559827,0.0,0.005984,1.022816,0.0,0.0,4.283636,0.004844,0.593516,0.258819,0.965926
2025-06-02 05:00:00,2025-06-02 02:00:00,3,2025-05-31 12:00:00,20.0,10.0,9.994,80.09761,293.841431,0.0,293.841431,1.435908,3.554903,4.854158,29.648333,17.176542,10000.0,17.176542,0.0,0.006549,1.150128,0.0,0.0,5.104514,0.005246,0.5215,0.5,0.866025
2025-06-02 06:00:00,2025-06-02 03:00:00,3,2025-05-31 12:00:00,20.0,10.0,9.994,81.004723,293.651398,0.0,293.651398,1.728826,3.371984,4.57892,29.274153,8.16627,10000.0,8.16627,0.0,0.006697,1.400431,0.0,0.0,5.829576,0.005425,0.442933,0.707107,0.707107
2025-06-02 07:00:00,2025-06-02 04:00:00,3,2025-05-31 12:00:00,20.0,10.0,9.994,81.631981,293.319489,0.0,293.319489,2.169623,3.241907,4.337803,28.768345,1.763949,10000.0,1.763949,0.0,0.006455,1.771107,0.0,0.0,7.033718,0.005269,0.359672,0.866025,0.5
2025-06-02 08:00:00,2025-06-02 05:00:00,3,2025-05-31 12:00:00,20.0,10.0,9.994,81.746559,293.035217,0.0,293.035217,1.706781,3.212872,4.235487,28.415632,4.488106,10000.0,4.488106,0.0,0.00617,1.395234,0.0,0.0,5.483667,0.005044,0.452443,0.965926,0.258819
2025-06-02 09:00:00,2025-06-02 06:00:00,3,2025-05-31 12:00:00,20.0,10.0,9.994,84.66272,292.844757,0.0,292.844757,1.527321,2.65593,3.517005,28.769749,5.160603,10000.0,5.160603,0.0,0.005434,1.293072,0.0,0.0,4.056458,0.0046,0.520258,1.0,0.0
2025-06-02 10:00:00,2025-06-02 07:00:00,3,2025-05-31 12:00:00,20.0,10.0,6.0028,84.696617,293.049194,0.0,293.049194,1.972689,2.653713,3.554042,28.399712,36.40696,10000.0,36.40696,0.0,0.006494,1.670801,0.0,0.0,5.23495,0.0055,0.408632,0.965926,-0.258819
2025-06-02 11:00:00,2025-06-02 08:00:00,3,2025-05-31 12:00:00,20.0,10.0,8.9962,80.538086,293.658386,0.0,293.658386,2.279836,3.463428,4.693429,28.736082,8.087241,10000.0,8.087241,0.0,0.007175,1.836137,0.0,0.0,7.89605,0.005779,0.338419,0.866025,-0.5
2025-06-02 12:00:00,2025-06-02 09:00:00,3,2025-05-31 12:00:00,20.0,10.0,6.0028,88.962151,295.180206,0.0,295.180206,0.880967,1.904659,2.922498,32.710903,0.0,10000.0,0.0,0.0,0.007456,0.783728,0.0,0.0,1.677943,0.006633,0.906882,0.707107,-0.707107
2025-06-02 13:00:00,2025-06-02 10:00:00,3,2025-05-31 12:00:00,20.0,10.0,8.9962,69.632011,296.603821,0.0,296.603821,2.235864,5.868677,8.766261,32.358521,35.768856,10000.0,35.768856,0.0,0.007656,1.556877,0.0,0.0,13.121567,0.005331,0.2981,0.5,-0.866025
2025-06-02 14:00:00,2025-06-02 11:00:00,3,2025-05-31 12:00:00,20.0,10.0,9.994,59.977322,298.002869,0.0,298.002869,2.601475,8.299314,12.566014,31.165455,0.0,10000.0,0.0,0.0,0.008547,1.560295,0.0,0.0,21.590464,0.005126,0.222017,0.258819,-0.965926
2025-06-02 15:00:00,2025-06-02 12:00:00,3,2025-05-31 12:00:00,20.0,10.0,9.994,60.655743,298.044495,0.0,298.044495,2.828549,8.124731,12.383765,31.5877,31.447041,10000.0,31.447041,0.0,0.00847,1.715677,0.0,0.0,22.981195,0.005137,0.207119,0.0,-1.0
2025-06-02 16:00:00,2025-06-02 13:00:00,3,2025-05-31 12:00:00,20.0,10.0,9.994,60.52544,298.061279,0.0,298.061279,3.522456,8.15962,12.437241,31.449749,51.954395,10000.0,51.954395,0.0,0.008597,2.131982,0.0,0.0,28.741907,0.005203,0.167084,-0.258819,-0.965926
2025-06-02 17:00:00,2025-06-02 14:00:00,3,2025-05-31 12:00:00,20.0,10.0,9.994,62.465103,297.717896,0.0,297.717896,3.467623,7.642315,11.585752,31.705383,48.217426,1215.686035,48.217426,0.0,0.008502,2.166054,0.0,0.0,26.500668,0.005311,0.175089,-0.5,-0.866025
2025-06-02 18:00:00,2025-06-02 15:00:00,3,2025-05-31 12:00:00,20.0,10.0,9.994,59.769447,297.852783,0.0,297.852783,3.827109,8.344713,12.518457,31.329315,7.725459,10000.0,7.725459,0.0,0.008547,2.287442,0.0,0.0,31.936127,0.005109,0.152197,-0.707107,-0.707107
2025-06-02 19:00:00,2025-06-02 16:00:00,3,2025-05-31 12:00:00,20.0,10.0,9.994,62.224548,297.229034,0.0,297.229034,3.867819,7.675457,11.323049,31.172953,15.166008,10000.0,15.166008,0.0,0.007974,2.406733,0.0,0.0,29.687281,0.004962,0.156823,-0.866025,-0.5
2025-06-02 20:00:00,2025-06-02 17:00:00,3,2025-05-31 12:00:00,20.0,10.0,9.994,64.362656,296.713226,0.0,296.713226,3.390093,7.116304,10.355503,30.788187,63.937126,1213.824585,63.937126,0.0,0.007443,2.181954,0.0,0.0,24.124935,0.004791,0.184415,-0.965926,-0.258819
2025-06-02 21:00:00,2025-06-02 18:00:00,3,2025-05-31 12:00:00,20.0,10.0,9.994,66.691269,296.250183,0.0,296.250183,3.200787,6.533966,9.411774,30.684713,100.0,1214.035889,100.0,0.0,0.007315,2.134646,0.0,0.0,20.913836,0.004878,0.202047,-1.0,-0.0
2025-06-02 22:00:00,2025-06-02 19:00:00,3,2025-05-31 12:00:00,20.0,10.0,9.994,66.774574,295.904358,0.0,295.904358,3.15401,6.497612,9.193484,30.068144,100.0,1213.270752,100.0,0.00048,0.007251,2.106076,0.0,0.0087,20.49353,0.004842,0.205207,-0.965926,0.258819
2025-06-02 23:00:00,2025-06-02 20:00:00,3,2025-05-31 12:00:00,20.0,10.0,9.994,71.559074,295.552155,0.0,295.552155,3.438792,5.392694,7.702957,29.768366,25.929939,1540.135742,25.929939,0.0,0.00701,2.460767,0.0,0.0,18.544352,0.005017,0.202213,-0.866025,0.5
2025-06-03 00:00:00,2025-06-02 21:00:00,3,2025-05-31 12:00:00,20.0,10.0,9.994,76.207802,294.872925,0.0,294.872925,2.387851,4.372948,6.182313,29.104116,3.404725,10000.0,3.404725,0.0,0.006635,1.819729,0.0,0.0,10.44195,0.005056,0.30632,-0.707107,0.707107
2025-06-03 01:00:00,2025-06-02 22:00:00,3,2025-05-31 12:00:00,20.0,10.0,9.994,77.731796,294.432312,0.0,294.432312,1.773211,4.045761,5.632195,28.685656,3.946431,10000.0,3.946431,0.0,0.006351,1.378348,0.0,0.0,7.173986,0.004937,0.414966,-0.5,0.866025
2025-06-03 02:00:00,2025-06-02 23:00:00,3,2025-05-31 12:00:00,20.0,10.0,9.994,80.788574,293.978821,0.0,293.978821,1.140027,3.422636,4.725465,28.447397,0.0,10000.0,0.0,0.0,0.005951,0.921012,0.0,0.0,3.901897,0.004808,0.651507,-0.258819,0.965926
2025-06-03 03:00:00,2025-06-03 00:00:00,3,2025-05-31 12:00:00,20.0,10.0,9.994,84.340927,293.567963,0.0,293.567963,0.911355,2.730942,3.75531,27.944754,0.0,10000.0,0.0,0.0,0.005461,0.768645,0.0,0.0,2.488858,0.004606,0.83394,0.0,1.0
2025-06-03 04:00:00,2025-06-03 01:00:00,3,2025-05-31 12:00:00,20.0,10.0,9.994,86.596039,293.232849,0.0,293.232849,0.886264,2.30567,3.148555,27.789665,0.0,10000.0,0.0,0.0,0.005102,0.76747,0.0,0.0,2.043433,0.004418,0.878021,0.258819,0.965926
2025-06-03 05:00:00,2025-06-03 02:00:00,3,2025-05-31 12:00:00,20.0,10.0,9.994,88.092194,292.955444,0.0,292.955444,0.906682,2.029089,2.749418,27.872089,0.0,10000.0,0.0,0.0,0.00485,0.798716,0.0,0.0,1.839739,0.004273,0.875075,0.5,0.866025
2025-06-03 06:00:00,2025-06-03 03:00:00,3,2025-05-31 12:00:00,18.8493,10.0,9.994,89.195496,292.73053,0.0,292.73053,1.043002,1.828161,2.460066,27.560085,0.0,10000.0,0.0,0.0,0.003878,0.930311,0.0,0.0,1.906777,0.003459,0.780361,0.707107,0.707107
2025-06-03 07:00:00,2025-06-03 04:00:00,3,2025-05-31 12:00:00,18.5743,10.0,9.994,89.247116,292.561401,0.0,292.561401,1.05135,1.816639,2.42269,27.619492,0.0,10000.0,4.301158,0.0,0.003618,0.938299,0.0,0.0,1.909923,0.003229,0.775152,0.866025,0.5
2025-06-03 08:00:00,2025-06-03 05:00:00,3,2025-05-31 12:00:00,20.0,10.0,7.9984,88.630569,292.333374,0.0,292.333374,1.317977,1.923193,2.525468,27.957806,0.0,10000.0,12.863544,0.0,0.002271,1.168131,0.0,0.0,2.534725,0.002013,0.625049,0.965926,0.258819
2025-06-03 09:00:00,2025-06-03 06:00:00,3,2025-05-31 12:00:00,20.0,10.0,6.0028,88.473541,292.234467,0.0,292.234467,1.546492,1.949772,2.5446,28.514656,0.0,10000.0,5.651299,0.0,0.001366,1.368236,0.0,0.0,3.015306,0.001209,0.537346,1.0,0.0
2025-06-03 10:00:00,2025-06-03 07:00:00,3,2025-05-31 12:00:00,20.0,10.0,6.0028,88.5,292.114807,0.0,292.114807,1.141318,1.943277,2.519864,29.169897,0.0,10000.0,0.0,0.0,0.002386,1.010066,0.0,0.0,2.217897,0.002112,0.712952,0.965926,-0.258819
2025-06-03 11:00:00,2025-06-03 08:00:00,3,2025-05-31 12:00:00,20.0,10.0,6.0028,83.587494,293.554413,0.0,293.554413,1.259342,2.872974,3.932703,30.292238,0.0,10000.0,3.694401,0.0,0.00738,1.052652,0.0,0.0,3.618057,0.006169,0.614911,0.866025,-0.5
2025-06-03 12:00:00,2025-06-03 09:00:00,3,2025-05-31 12:00:00,20.0,10.0,7.0006,74.174545,295.146118,0.0,295.146118,1.108146,4.810116,6.82361,31.625725,0.0,10000.0,8.163062,0.0,0.008267,0.821962,0.0,0.0,5.330308,0.006132,0.613954,0.707107,-0.707107
2025-06-03 13:00:00,2025-06-03 10:00:00,3,2025-05-31 12:00:00,20.0,10.0,7.9984,60.058941,297.155396,0.0,297.155396,1.321545,8.226433,11.919304,32.369507,0.0,10000.0,2.915717,0.0,0.008583,0.793706,0.0,0.0,10.871597,0.005155,0.422491,0.5,-0.866025
2025-06-03 14:00:00,2025-06-03 11:00:00,3,2025-05-31 12:00:00,20.0,10.0,7.9984,53.029835,298.558929,0.0,298.558929,1.571736,10.263415,15.244473,33.343548,0.0,10000.0,3.228753,0.0,0.008237,0.833489,0.0,0.0,16.131376,0.004368,0.317214,0.258819,-0.965926
2025-06-03 15:00:00,2025-06-03 12:00:00,3,2025-05-31 12:00:00,20.0,10.0,7.9984,49.199825,299.722198,0.0,299.722198,1.474975,11.521847,17.663881,33.713943,0.0,10000.0,12.023141,0.0,0.008369,0.725685,0.0,0.0,16.994438,0.004117,0.312385,0.0,-1.0
2025-06-03 16:00:00,2025-06-03 13:00:00,3,2025-05-31 12:00:00,20.0,10.0,8.9962,46.485775,300.535065,0.0,300.535065,1.083383,12.474381,19.518764,33.796772,0.0,10000.0,4.223787,0.0,0.008244,0.503619,0.0,0.0,13.514534,0.003832,0.392821,-0.258819,-0.965926
2025-06-03 17:00:00,2025-06-03 14:00:00,3,2025-05-31 12:00:00,20.0,10.0,9.994,45.313339,301.407471,0.0,301.407471,1.101361,12.951762,20.989851,34.309319,0.0,10000.0,0.0,0.0,0.008271,0.499063,0.0,0.0,14.264566,0.003748,0.377183,-0.5,-0.866025
2025-06-03 18:00:00,2025-06-03 15:00:00,3,2025-05-31 12:00:00,20.0,10.0,9.994,45.683746,301.601776,0.0,301.601776,1.371201,12.84279,21.08485,34.655926,0.0,10000.0,0.0,0.0,0.008108,0.626416,0.0,0.0,17.610046,0.003704,0.31052,-0.707107,-0.707107
2025-06-03 19:00:00,2025-06-03 16:00:00,3,2025-05-31 12:00:00,20.0,10.0,9.994,48.294659,301.203552,0.0,301.203552,1.655174,11.937548,19.61101,34.440495,0.0,10000.0,0.0,0.0,0.007683,0.799361,0.0,0.0,19.758717,0.00371,0.275156,-0.866025,-0.5
2025-06-03 20:00:00,2025-06-03 17:00:00,3,2025-05-31 12:00:00,20.0,10.0,9.994,57.177471,299.962921,0.0,299.962921,1.646813,9.179859,15.102705,35.620377,0.0,10000.0,0.0,0.0,0.007023,0.941606,0.0,0.0,15.117517,0.004016,0.327324,-0.965926,-0.258819
2025-06-03 21:00:00,2025-06-03 18:00:00,3,2025-05-31 12:00:00,20.0,10.0,9.994,66.433884,298.866669,0.0,298.866669,1.838475,6.723454,11.095186,35.917191,0.0,10000.0,0.0,0.0,0.006352,1.22137,0.0,0.0,12.360902,0.00422,0.342712,-1.0,-0.0
2025-06-03 22:00:00,2025-06-03 19:00:00,3,2025-05-31 12:00:00,20.0,10.0,9.994,72.006973,298.078033,0.0,298.078033,1.425356,5.394361,8.828587,36.025867,0.0,10000.0,0.0,0.0,0.006271,1.026355,0.0,0.0,7.688883,0.004516,0.472067,-0.965926,0.258819
2025-06-03 23:00:00,2025-06-03 20:00:00,3,2025-05-31 12:00:00,20.0,10.0,9.994,74.68026,297.322327,0.0,297.322327,1.39548,4.779507,7.632151,35.185898,0.0,10000.0,0.0,0.0,0.005551,1.042148,0.0,0.0,6.669705,0.004145,0.499373,-0.866025,0.5
2025-06-04 00:00:00,2025-06-03 21:00:00,3,2025-05-31 12:00:00,20.0,10.0,9.994,74.306038,296.59024,0.0,296.59024,1.673223,4.833895,7.410942,34.750572,0.0,10000.0,3.004297,0.0,0.005301,1.243305,0.0,0.0,8.088181,0.003939,0.419045,-0.707107,0.707107
2025-06-04 01:00:00,2025-06-03 22:00:00,3,2025-05-31 12:00:00,20.0,10.0,9.994,71.375641,295.957703,0.0,295.957703,1.577181,5.449654,7.94605,34.327122,0.0,10000.0,0.0,0.0,0.003717,1.125723,0.0,0.0,8.59509,0.002653,0.425569,-0.5,0.866025
2025-06-04 02:00:00,2025-06-03 23:00:00,3,2025-05-31 12:00:00,20.0,10.0,9.994,75.011024,295.411499,0.0,295.411499,0.501205,4.641916,6.710313,34.559093,0.0,10000.0,0.0,0.0,-0.000451,0.375959,0.0,0.0,2.326553,-0.000338,1.247677,-0.258819,0.965926
2025-06-04 03:00:00,2025-06-04 00:00:00,3,2025-05-31 12:00:00,20.0,10.0,9.994,78.787804,295.194916,0.0,295.194916,0.879777,3.854168,5.62141,35.010098,0.0,10000.0,16.321507,0.0,0.00489,0.693157,0.0,0.0,3.390807,0.003853,0.80414,0.0,1.0
2025-06-04 04:00:00,2025-06-04 01:00:00,3,2025-05-31 12:00:00,20.0,10.0,6.0028,79.012505,294.975159,0.0,294.975159,1.144224,3.802523,5.487719,35.188301,0.0,10000.0,0.0,0.0,0.005971,0.90408,0.0,0.0,4.350938,0.004718,0.635034,0.258819,0.965926
2025-06-04 05:00:00,2025-06-04 02:00:00,3,2025-05-31 12:00:00,20.0,10.0,5.005,77.288208,294.770691,0.0,294.770691,1.09089,4.146749,5.864771,34.53841,0.0,10000.0,0.0,0.0,0.00638,0.843129,0.0,0.0,4.523647,0.004931,0.648995,0.5,0.866025
2025-06-04 06:00:00,2025-06-04 03:00:00,3,2025-05-31 12:00:00,20.0,10.0,6.0028,75.295731,294.696014,0.0,294.696014,1.063004,4.557346,6.350179,33.531986,0.0,10000.0,0.0,0.0,0.005334,0.800397,0.0,0.0,4.844479,0.004017,0.647424,0.707107,0.707107
2025-06-04 07:00:00,2025-06-04 04:00:00,3,2025-05-31 12:00:00,20.0,10.0,4.0073,76.510918,294.347321,0.0,294.347321,1.195797,4.293142,5.910069,32.602379,0.0,10000.0,0.0,0.0,-0.001907,0.914915,0.0,0.0,5.133728,-0.001459,0.590454,0.866025,0.5
2025-06-04 08:00:00,2025-06-04 05:00:00,3,2025-05-31 12:00:00,20.0,10.0,3.4923,75.014084,294.278107,0.0,294.278107,1.325542,4.602039,6.260015,31.624296,0.0,10000.0,0.0,0.0,0.000127,0.994343,0.0,0.0,6.100196,9.6e-05,0.526215,0.965926,0.258819
2025-06-04 09:00:00,2025-06-04 06:00:00,3,2025-05-31 12:00:00,20.0,10.0,3.4923,74.88842,294.277039,0.0,294.277039,1.851918,4.628376,6.291086,30.468451,0.0,10000.0,0.0,0.0,2.8e-05,1.386873,0.0,0.0,8.571375,2.1e-05,0.383666,1.0,0.0
2025-06-04 10:00:00,2025-06-04 07:00:00,3,2025-05-31 12:00:00,20.0,10.0,1.9956,74.045021,294.175842,0.0,294.175842,1.774063,4.80271,6.462059,28.804655,0.0,10000.0,0.0,0.0,-0.001644,1.313605,0.0,0.0,8.520309,-0.001217,0.395104,0.965926,-0.258819
2025-06-04 11:00:00,2025-06-04 08:00:00,3,2025-05-31 12:00:00,20.0,10.0,4.5062,61.785244,296.624176,0.0,296.624176,1.440588,7.752031,11.044933,27.234035,0.0,10000.0,0.0,0.0,0.000826,0.890071,0.0,0.0,11.167486,0.00051,0.40105,0.866025,-0.5
2025-06-04 12:00:00,2025-06-04 09:00:00,3,2025-05-31 12:00:00,20.0,10.0,7.9984,49.283783,299.469513,0.0,299.469513,2.333052,11.474254,17.373537,26.193846,0.0,10000.0,0.0,0.0,0.007327,1.149816,0.0,0.0,26.770023,0.003611,0.20256,0.707107,-0.707107
2025-06-04 13:00:00,2025-06-04 10:00:00,3,2025-05-31 12:00:00,20.0,10.0,8.9962,41.522751,301.658539,0.0,301.658539,2.179936,14.331571,22.775167,25.425762,0.0,10000.0,0.0,0.0,0.008103,0.90517,0.0,0.0,31.241913,0.003365,0.182122,0.5,-0.866025
2025-06-04 14:00:00,2025-06-04 11:00:00,3,2025-05-31 12:00:00,20.0,10.0,9.994,33.329762,303.876953,0.0,303.876953,3.312601,17.962589,29.510761,24.932064,0.0,10000.0,0.0,0.0,0.008536,1.104082,0.0,0.0,59.502903,0.002845,0.097667,0.258819,-0.965926
2025-06-04 15:00:00,2025-06-04 12:00:00,3,2025-05-31 12:00:00,20.0,10.0,9.994,29.803461,304.871948,0.0,304.871948,3.520329,19.797512,32.885071,24.874779,0.0,10000.0,0.0,0.0,0.008855,1.04918,0.0,0.0,69.693748,0.002639,0.082323,0.0,-1.0
2025-06-04 16:00:00,2025-06-04 13:00:00,3,2025-05-31 12:00:00,20.0,10.0,9.994,30.22436,305.345917,0.0,305.345917,3.283745,19.649719,33.578346,26.019083,0.0,10000.0,0.0,0.0,0.008884,0.992491,0.0,0.0,64.524673,0.002685,0.089322,-0.258819,-0.965926
2025-06-04 17:00:00,2025-06-04 14:00:00,3,2025-05-31 12:00:00,20.0,10.0,9.994,29.943716,305.753632,0.0,305.753632,2.535602,19.848469,34.499367,27.058165,0.0,10000.0,0.0,0.0,0.008564,0.759254,0.0,0.0,50.327824,0.002564,0.113612,-0.5,-0.866025
2025-06-04 18:00:00,2025-06-04 15:00:00,3,2025-05-31 12:00:00,20.0,10.0,9.994,29.143751,305.7005,0.0,305.7005,1.018484,20.253906,34.788815,27.893745,0.0,10000.0,0.0,0.0,0.007963,0.296824,0.0,0.0,20.628269,0.002321,0.260565,-0.707107,-0.707107
2025-06-04 19:00:00,2025-06-04 16:00:00,3,2025-05-31 12:00:00,20.0,10.0,9.994,39.178234,303.905884,0.0,303.905884,2.742833,15.472013,26.966606,30.257526,0.0,10000.0,0.0,0.0,0.007636,1.074594,0.0,0.0,42.437153,0.002992,0.137814,-0.866025,-0.5
2025-06-04 20:00:00,2025-06-04 17:00:00,3,2025-05-31 12:00:00,20.0,10.0,9.994,50.296814,300.815521,0.0,300.815521,3.911176,11.267433,18.429008,29.959135,0.0,10000.0,0.0,0.0,0.007238,1.967197,0.0,0.0,44.068916,0.00364,0.125392,-0.965926,-0.258819
2025-06-04 21:00:00,2025-06-04 18:00:00,3,2025-05-31 12:00:00,20.0,10.0,9.994,54.231842,299.574219,0.0,299.574219,2.747136,9.987894,15.775795,30.370193,0.0,10000.0,0.0,0.0,0.006854,1.489823,0.0,0.0,27.438107,0.003717,0.190479,-1.0,-0.0
2025-06-04 22:00:00,2025-06-04 19:00:00,3,2025-05-31 12:00:00,20.0,10.0,9.994,59.102558,298.733948,0.0,298.733948,2.132694,8.576124,13.412392,29.876146,0.0,10000.0,0.0,0.0,0.00278,1.260477,0.0,0.0,18.290251,0.001643,0.264714,-0.965926,0.258819
2025-06-04 23:00:00,2025-06-04 20:00:00,3,2025-05-31 12:00:00,20.0,10.0,9.994,63.876949,298.094849,0.0,298.094849,1.328298,7.309481,11.404117,30.96204,0.0,10000.0,12.242439,0.0,0.005957,0.848476,0.0,0.0,9.709171,0.003805,0.447224,-0.866025,0.5
2025-06-05 00:00:00,2025-06-04 21:00:00,3,2025-05-31 12:00:00,20.0,10.0,,63.414288,297.488556,0.0,297.488556,1.083488,7.391649,11.138631,30.066961,0.0,10000.0,10.249817,0.0,0.001842,0.687086,0.0,0.0,8.00876,0.001168,0.535825,-0.707107,0.707107
2025-06-05 01:00:00,2025-06-04 22:00:00,3,2025-05-31 12:00:00,20.0,10.0,,68.677147,296.922607,0.0,296.922607,1.37486,6.101854,9.217403,29.8661,0.0,10000.0,0.0,0.0,-0.001742,0.944214,0.0,0.0,8.389194,-0.001196,0.465652,-0.5,0.866025
2025-06-05 02:00:00,2025-06-04 23:00:00,3,2025-05-31 12:00:00,20.0,10.0,,61.336029,296.739044,0.0,296.739044,1.167234,7.872725,11.252492,29.377689,0.0,10000.0,0.0,0.0,0.00504,0.715935,0.0,0.0,9.18931,0.003091,0.484015,-0.258819,0.965926
2025-06-05 03:00:00,2025-06-05 00:00:00,3,2025-05-31 12:00:00,20.0,10.0,,55.349575,296.656586,0.0,296.656586,1.114854,9.462313,12.930259,29.065975,0.0,10000.0,0.0,0.0,0.010786,0.617067,0.0,0.0,10.549097,0.00597,0.455607,0.0,1.0
2025-06-05 04:00:00,2025-06-05 01:00:00,3,2025-05-31 12:00:00,20.0,10.0,,58.20591,296.352478,0.0,296.352478,0.870591,8.664119,11.88274,29.301447,0.0,10000.0,0.0,0.0,0.007624,0.506736,0.0,0.0,7.542906,0.004438,0.599695,0.258819,0.965926
2025-06-05 05:00:00,2025-06-05 02:00:00,3,2025-05-31 12:00:00,20.0,10.0,,57.032436,296.10202,0.0,296.10202,0.829782,8.962577,12.032521,28.926977,0.0,10000.0,1.704848,0.0,0.004557,0.473245,0.0,0.0,7.436981,0.002599,0.613396,0.5,0.866025
2025-06-05 06:00:00,2025-06-05 03:00:00,3,2025-05-31 12:00:00,20.0,10.0,,57.045872,295.879395,0.0,295.879395,0.590415,8.944212,11.867424,28.936989,0.0,10000.0,16.881523,0.0,0.005362,0.336807,0.0,0.0,5.280794,0.003059,0.826255,0.707107,0.707107
2025-06-05 07:00:00,2025-06-05 04:00:00,3,2025-05-31 12:00:00,20.0,10.0,,59.793186,295.546234,0.0,295.546234,0.128401,8.197618,10.885713,29.146612,0.0,10000.0,2.436468,0.0,0.002579,0.076775,0.0,0.0,1.05258,0.001542,2.617908,0.866025,0.5
2025-06-05 08:00:00,2025-06-05 05:00:00,3,2025-05-31 12:00:00,20.0,10.0,,68.92894,295.060913,0.0,295.060913,1.064777,5.960666,8.167006,28.985687,0.0,10000.0,13.685843,0.0,-0.008052,0.73394,0.0,0.0,6.34678,-0.00555,0.591778,0.965926,0.258819
2025-06-05 09:00:00,2025-06-05 06:00:00,3,2025-05-31 12:00:00,20.0,10.0,,71.780739,294.765533,0.0,294.765533,1.187568,5.312546,7.284643,28.472277,0.0,10000.0,0.0,0.0,-0.010006,0.852445,0.0,0.0,6.309008,-0.007182,0.557491,1.0,0.0
2025-06-05 10:00:00,2025-06-05 07:00:00,3,2025-05-31 12:00:00,20.0,10.0,,69.234703,294.725708,0.0,294.725708,0.560157,5.876606,7.922545,28.269938,0.0,10000.0,0.0,0.0,-0.008053,0.387823,0.0,0.0,3.291819,-0.005575,1.048762,0.965926,-0.258819
2025-06-05 11:00:00,2025-06-05 08:00:00,3,2025-05-31 12:00:00,20.0,10.0,,61.516022,296.477905,0.0,296.477905,0.553712,7.811818,11.024913,27.668081,0.0,10000.0,24.430023,0.0,-0.007515,0.340621,0.0,0.0,4.325495,-0.004623,0.941027,0.866025,-0.5
2025-06-05 12:00:00,2025-06-05 09:00:00,3,2025-05-31 12:00:00,20.0,10.0,,50.472404,298.985596,0.0,298.985596,0.907393,11.064684,16.48715,27.169609,0.0,10000.0,33.307178,0.0,0.007545,0.457983,0.0,0.0,10.040016,0.003808,0.50102,0.707107,-0.707107
2025-09-29 12:00:00,2025-09-29 09:00:00,4,2025-09-29 12:00:00,20.0,10.0,9.994,56.525536,297.271881,0.0,297.271881,1.524318,9.179035,13.064898,27.576004,0.0,10000.0,0.0,0.0,0.007111,0.861629,0.0,0.0,13.991764,0.00402,0.347996,0.707107,-0.707107
2025-09-29 13:00:00,2025-09-29 10:00:00,4,2025-09-29 12:00:00,20.0,10.0,9.994,40.958157,300.349518,0.0,300.349518,0.684028,14.406695,21.301727,27.270309,0.0,10000.0,100.0,0.0,0.008434,0.280165,0.0,0.0,9.854583,0.003454,0.522407,0.5,-0.866025
2025-09-29 14:00:00,2025-09-29 11:00:00,4,2025-09-29 12:00:00,20.0,10.0,9.994,34.279678,302.339264,0.0,302.339264,0.469666,17.342419,26.627073,27.282789,0.0,10000.0,100.0,0.0,0.008706,0.161,0.0,0.0,8.14514,0.002984,0.601751,0.258819,-0.965926
2025-09-29 15:00:00,2025-09-29 12:00:00,4,2025-09-29 12:00:00,20.0,10.0,9.994,30.795204,304.062286,0.0,304.062286,0.970445,19.190157,30.958984,27.669254,0.0,10000.0,100.0,0.0,0.008559,0.298851,0.0,0.0,18.623001,0.002636,0.287686,0.0,-1.0
2025-09-29 16:00:00,2025-09-29 13:00:00,4,2025-09-29 12:00:00,20.0,10.0,9.994,30.969208,304.788696,0.0,304.788696,2.641907,19.20266,32.186333,28.198666,0.0,10000.0,100.0,0.0,0.008939,0.818178,0.0,0.0,50.73164,0.002768,0.112948,-0.258819,-0.965926
2025-09-29 17:00:00,2025-09-29 14:00:00,4,2025-09-29 12:00:00,20.0,10.0,9.994,36.429371,303.922791,0.0,303.922791,4.057313,16.60232,28.212639,28.137741,0.0,10000.0,100.0,0.0,0.009234,1.478054,0.0,0.0,67.360809,0.003364,0.087627,-0.5,-0.866025
2025-09-29 18:00:00,2025-09-29 15:00:00,4,2025-09-29 12:00:00,20.0,10.0,9.994,36.506115,303.627869,0.0,303.627869,4.037465,16.535212,27.706734,27.428272,0.0,10000.0,100.0,0.0,0.009079,1.473922,0.0,0.0,66.760338,0.003314,0.088233,-0.707107,-0.707107
2025-09-29 19:00:00,2025-09-29 16:00:00,4,2025-09-29 12:00:00,20.0,10.0,9.994,37.086742,302.97644,0.0,302.97644,3.92349,16.216496,26.444815,27.462797,0.0,10000.0,0.0,0.0,0.008777,1.455094,0.0,0.0,63.625252,0.003255,0.092176,-0.866025,-0.5
2025-09-29 20:00:00,2025-09-29 17:00:00,4,2025-09-29 12:00:00,20.0,10.0,9.994,39.069695,301.497833,0.0,301.497833,4.193229,15.251109,23.509691,26.753782,0.0,10000.0,0.0,0.0,0.008332,1.638282,0.0,0.0,63.951397,0.003255,0.091003,-0.965926,-0.258819
2025-09-29 21:00:00,2025-09-29 18:00:00,4,2025-09-29 12:00:00,20.0,10.0,9.994,44.10635,299.95694,0.0,299.95694,3.562132,13.232608,19.705706,25.784647,0.0,10000.0,0.0,0.0,0.00716,1.571126,0.0,0.0,47.136292,0.003158,0.120439,-1.0,-0.0
2025-09-29 22:00:00,2025-09-29 19:00:00,4,2025-09-29 12:00:00,20.0,10.0,9.994,50.287594,299.270142,0.0,299.270142,2.278732,11.144656,16.830036,24.401146,0.0,10000.0,0.0,0.0,0.006099,1.145919,0.0,0.0,25.395685,0.003067,0.211405,-0.965926,0.258819
2025-09-29 23:00:00,2025-09-29 20:00:00,4,2025-09-29 12:00:00,20.0,10.0,9.994,57.361092,298.424347,0.0,298.424347,1.418023,9.026932,13.728306,25.207664,0.0,10000.0,0.0,0.0,0.004364,0.813393,0.0,0.0,12.800395,0.002503,0.377867,-0.866025,0.5
2025-09-30 00:00:00,2025-09-29 21:00:00,4,2025-09-29 12:00:00,20.0,10.0,9.994,59.979259,297.535431,0.0,297.535431,1.397695,8.270313,12.218734,24.20837,0.0,10000.0,0.0,0.0,0.004345,0.838327,0.0,0.0,11.559374,0.002606,0.400477,-0.707107,0.707107
2025-09-30 01:00:00,2025-09-29 22:00:00,4,2025-09-29 12:00:00,20.0,10.0,9.994,66.269615,296.631744,0.0,296.631744,0.924995,6.652512,9.753306,23.5714,0.0,10000.0,0.0,0.0,0.004127,0.612991,0.0,0.0,6.15354,0.002735,0.646536,-0.5,0.866025
2025-09-30 02:00:00,2025-09-29 23:00:00,4,2025-09-29 12:00:00,20.0,10.0,9.994,68.096733,296.101135,0.0,296.101135,0.370683,6.198563,8.933626,23.6388,0.0,10000.0,0.0,0.0,0.003235,0.252423,0.0,0.0,2.297703,0.002203,1.446764,-0.258819,0.965926
2025-09-30 03:00:00,2025-09-30 00:00:00,4,2025-09-29 12:00:00,20.0,10.0,9.994,68.744072,295.6026,0.0,295.6026,0.708215,6.027006,8.491396,23.214079,0.0,10000.0,0.0,0.0,0.002925,0.486856,0.0,0.0,4.268415,0.002011,0.850567,0.0,1.0
2025-09-30 04:00:00,2025-09-30 01:00:00,4,2025-09-29 12:00:00,20.0,10.0,9.994,72.061958,295.099121,0.0,295.099121,1.311042,5.264256,7.36065,23.758726,0.0,10000.0,0.0,0.0,0.003403,0.944762,0.0,0.0,6.90166,0.002452,0.5107,0.258819,0.965926
2025-09-30 05:00:00,2025-09-30 02:00:00,4,2025-09-29 12:00:00,20.0,10.0,9.994,76.234451,294.625549,0.0,294.625549,1.269803,4.359325,6.082567,24.017326,0.0,10000.0,0.0,0.0,-0.000607,0.968028,0.0,0.0,5.535485,-0.000463,0.556536,0.5,0.866025
2025-09-30 06:00:00,2025-09-30 03:00:00,4,2025-09-29 12:00:00,20.0,10.0,9.994,79.102745,294.189545,0.0,294.189545,0.698402,3.762104,5.207213,24.043528,0.0,10000.0,0.0,0.0,-0.003644,0.552455,0.0,0.0,2.62746,-0.002883,0.990763,0.707107,0.707107
2025-09-30 07:00:00,2025-09-30 04:00:00,4,2025-09-29 12:00:00,20.0,10.0,9.994,76.989815,293.930054,0.0,293.930054,1.091422,4.181547,5.642877,23.578859,0.0,10000.0,0.0,0.0,-0.000659,0.840284,0.0,0.0,4.563832,-0.000507,0.646201,0.866025,0.5
2025-09-30 08:00:00,2025-09-30 05:00:00,4,2025-09-29 12:00:00,20.0,10.0,9.994,78.102386,293.710052,0.0,293.710052,0.681732,3.949013,5.297688,22.941967,0.0,10000.0,0.0,0.0,0.000332,0.532449,0.0,0.0,2.692167,0.000259,0.999094,0.965926,0.258819
2025-09-30 09:00:00,2025-09-30 06:00:00,4,2025-09-29 12:00:00,20.0,10.0,5.005,81.043388,293.52594,0.0,293.52594,0.634717,3.361265,4.534329,22.281929,0.0,10000.0,0.0,0.0,-0.000216,0.514396,0.0,0.0,2.133451,-0.000175,1.103056,1.0,0.0
2025-09-30 10:00:00,2025-09-30 07:00:00,4,2025-09-29 12:00:00,20.0,10.0,5.005,73.446945,295.515869,0.0,295.515869,0.778594,4.979595,7.175778,22.031231,0.0,10000.0,0.0,0.0,0.007545,0.571854,0.0,0.0,3.877083,0.005541,0.83596,0.965926,-0.258819
2025-09-30 11:00:00,2025-09-30 08:00:00,4,2025-09-29 12:00:00,20.0,10.0,8.9962,67.85144,297.493103,0.0,297.493103,0.882234,6.320271,9.790395,22.20834,0.0,10000.0,0.0,0.0,0.008243,0.598609,0.0,0.0,5.575961,0.005593,0.690787,0.866025,-0.5
2025-09-30 12:00:00,2025-09-30 09:00:00,4,2025-09-29 12:00:00,20.0,10.0,8.9962,55.937767,299.643738,0.0,299.643738,1.037301,9.504993,15.250241,21.971624,0.0,10000.0,0.0,0.0,0.008723,0.580243,0.0,0.0,9.859543,0.00488,0.491846,0.707107,-0.707107
2025-09-30 13:00:00,2025-09-30 10:00:00,4,2025-09-29 12:00:00,20.0,10.0,8.9962,48.217937,301.268738,0.0,301.268738,1.142949,11.968096,19.71493,21.715462,0.0,10000.0,0.0,0.0,0.008894,0.551107,0.0,0.0,13.678928,0.004289,0.387932,0.5,-0.866025
2025-09-30 14:00:00,2025-09-30 11:00:00,4,2025-09-29 12:00:00,20.0,10.0,9.994,40.821495,302.956024,0.0,302.956024,1.746843,14.730392,24.845722,20.82622,0.0,10000.0,0.0,0.0,0.008955,0.713087,0.0,0.0,25.73168,0.003656,0.221034,0.258819,-0.965926
2025-09-30 15:00:00,2025-09-30 12:00:00,4,2025-09-29 12:00:00,20.0,10.0,9.994,37.605171,304.047485,0.0,304.047485,2.948311,16.125015,27.888927,20.418051,0.0,10000.0,0.0,0.0,0.009569,1.108717,0.0,0.0,47.541557,0.003598,0.123364,0.0,-1.0
2025-09-30 16:00:00,2025-09-30 13:00:00,4,2025-09-29 12:00:00,20.0,10.0,9.994,37.68055,304.519592,0.0,304.519592,3.493106,16.147831,28.615623,19.574358,0.0,10000.0,0.0,0.0,0.009664,1.316221,0.0,0.0,56.406082,0.003641,0.104869,-0.258819,-0.965926
2025-09-30 17:00:00,2025-09-30 14:00:00,4,2025-09-29 12:00:00,20.0,10.0,9.994,38.876842,304.807404,0.0,304.807404,3.495797,15.692166,28.529636,21.116629,0.0,10000.0,0.0,0.0,0.009541,1.359056,0.0,0.0,54.856632,0.003709,0.108117,-0.5,-0.866025
2025-09-30 18:00:00,2025-09-30 15:00:00,4,2025-09-29 12:00:00,20.0,10.0,9.994,39.60968,304.613129,0.0,304.613129,4.192968,15.378214,27.877869,24.263758,0.0,10000.0,0.0,0.0,0.009545,1.660821,0.0,0.0,64.480354,0.003781,0.092266,-0.707107,-0.707107
2025-09-30 19:00:00,2025-09-30 16:00:00,4,2025-09-29 12:00:00,20.0,10.0,9.994,42.171463,304.203033,0.0,304.203033,4.156607,14.350264,26.078554,25.736273,0.0,10000.0,0.0,0.0,0.008943,1.752902,0.0,0.0,59.648403,0.003772,0.099073,-0.866025,-0.5
2025-09-30 20:00:00,2025-09-30 17:00:00,4,2025-09-29 12:00:00,20.0,10.0,9.994,45.525612,303.50589,0.0,303.50589,4.472253,13.07412,23.605211,26.422886,0.0,10000.0,0.0,0.0,0.008247,2.036021,0.0,0.0,58.470776,0.003754,0.099569,-0.965926,-0.258819
2025-09-30 21:00:00,2025-09-30 18:00:00,4,2025-09-29 12:00:00,20.0,10.0,9.994,49.202408,301.278137,0.0,301.278137,5.796097,11.651525,19.350719,26.945435,0.0,10000.0,0.0,0.0,0.007998,2.851819,0.0,0.0,67.533371,0.003935,0.083449,-1.0,-0.0
2025-09-30 22:00:00,2025-09-30 19:00:00,4,2025-09-29 12:00:00,20.0,10.0,9.994,54.854401,299.493347,0.0,299.493347,4.33174,9.802586,15.487041,26.29109,0.0,10000.0,0.0,0.0,0.008343,2.37615,0.0,0.0,42.462257,0.004577,0.123776,-0.965926,0.258819
2025-09-30 23:00:00,2025-09-30 20:00:00,4,2025-09-29 12:00:00,20.0,10.0,9.994,55.951859,298.734222,0.0,298.734222,3.974303,9.438126,14.445905,24.710342,0.0,10000.0,0.0,0.0,0.007328,2.223696,0.0,0.0,37.509972,0.0041,0.137329,-0.866025,0.5
2025-10-01 00:00:00,2025-09-30 21:00:00,4,2025-09-29 12:00:00,20.0,10.0,,57.25639,298.116821,0.0,298.116821,3.510946,9.035205,13.511956,22.261528,0.0,10000.0,0.0,0.0,0.006931,2.010241,0.0,0.0,31.722115,0.003968,0.158563,-0.707107,0.707107
2025-10-01 01:00:00,2025-09-30 22:00:00,4,2025-09-29 12:00:00,20.0,10.0,,59.361656,297.231598,0.0,297.231598,3.246597,8.413646,12.183066,22.540512,0.0,10000.0,0.0,0.0,0.006658,1.927234,0.0,0.0,27.315718,0.003952,0.177379,-0.5,0.866025
2025-10-01 02:00:00,2025-09-30 23:00:00,4,2025-09-29 12:00:00,20.0,10.0,,61.002605,296.607605,0.0,296.607605,2.502352,7.950175,11.259865,21.775076,0.0,10000.0,0.0,0.0,0.00688,1.5265,0.0,0.0,19.89414,0.004197,0.234413,-0.258819,0.965926
2025-10-01 03:00:00,2025-10-01 00:00:00,4,2025-09-29 12:00:00,20.0,10.0,,62.732933,296.036652,0.0,296.036652,1.85411,7.481244,10.394897,21.549997,0.0,10000.0,0.0,0.0,0.006919,1.163138,0.0,0.0,13.871053,0.004341,0.321031,0.0,1.0
2025-10-01 04:00:00,2025-10-01 01:00:00,4,2025-09-29 12:00:00,20.0,10.0,,63.875145,295.619141,0.0,295.619141,1.034543,7.177299,9.82403,20.777275,0.0,10000.0,0.0,0.0,0.00647,0.660816,0.0,0.0,7.425226,0.004132,0.563003,0.258819,0.965926
2025-10-01 05:00:00,2025-10-01 02:00:00,4,2025-09-29 12:00:00,20.0,10.0,,66.05864,295.19754,0.0,295.19754,0.61763,6.631724,8.996184,19.839195,0.0,10000.0,0.0,0.0,0.006095,0.407998,0.0,0.0,4.095949,0.004026,0.920512,0.5,0.866025
2025-10-01 06:00:00,2025-10-01 03:00:00,4,2025-09-29 12:00:00,20.0,10.0,,68.304176,294.855804,0.0,294.855804,0.957587,6.093828,8.227422,19.612352,0.0,10000.0,0.0,0.0,0.004234,0.654072,0.0,0.0,5.835372,0.002892,0.645849,0.707107,0.707107
2025-10-01 07:00:00,2025-10-01 04:00:00,4,2025-09-29 12:00:00,20.0,10.0,,68.614647,294.544281,0.0,294.544281,0.733903,6.008971,7.992866,19.497034,0.0,10000.0,0.0,0.0,0.003722,0.503565,0.0,0.0,4.410004,0.002554,0.822813,0.866025,0.5
2025-10-01 08:00:00,2025-10-01 05:00:00,4,2025-09-29 12:00:00,20.0,10.0,,66.331894,294.314423,0.0,294.314423,1.103619,6.524191,8.454106,19.490456,0.0,10000.0,0.0,0.0,0.005721,0.732051,0.0,0.0,7.200222,0.003795,0.551104,0.965926,0.258819
2025-10-01 09:00:00,2025-10-01 06:00:00,4,2025-09-29 12:00:00,20.0,10.0,,64.893921,294.233582,0.0,294.233582,1.501785,6.859331,8.771505,19.281639,0.0,10000.0,0.0,0.0,0.005122,0.974567,0.0,0.0,10.301243,0.003324,0.405135,1.0,0.0
2025-10-01 10:00:00,2025-10-01 07:00:00,4,2025-09-29 12:00:00,20.0,10.0,,57.054901,296.172821,0.0,296.172821,0.283643,8.961194,12.077929,19.777781,0.0,10000.0,0.0,0.0,0.006851,0.161832,0.0,0.0,2.541781,0.003909,1.487187,0.965926,-0.258819
2025-10-01 11:00:00,2025-10-01 08:00:00,4,2025-09-29 12:00:00,20.0,10.0,,49.243687,298.714203,0.0,298.714203,2.385636,11.423926,16.626106,21.102268,0.0,10000.0,0.0,0.0,0.007999,1.174775,0.0,0.0,27.253328,0.003939,0.198113,0.866025,-0.5
2025-10-01 12:00:00,2025-10-01 09:00:00,4,2025-09-29 12:00:00,20.0,10.0,,40.244122,301.249176,0.0,301.249176,3.777366,14.770337,22.724854,21.582022,0.0,10000.0,0.0,0.0,0.008975,1.520168,0.0,0.0,55.792976,0.003612,0.103792,0.707107,-0.707107
2025-10-09 12:00:00,2025-10-09 09:00:00,5,2025-10-09 12:00:00,5.5158,5.5158,9.994,92.48217,292.393738,0.0,292.393738,1.838907,1.249153,1.676216,45.901848,0.0,10000.0,0.0,0.0,0.007374,1.700661,0.0,0.0,2.297077,0.00682,0.476981,0.707107,-0.707107
2025-10-09 13:00:00,2025-10-09 10:00:00,5,2025-10-09 12:00:00,20.0,10.0,9.994,72.384415,294.545532,0.0,294.545532,2.919579,5.172459,7.033364,44.648197,74.026917,10000.0,74.026917,0.0,0.008137,2.11332,0.0,0.0,15.101403,0.00589,0.239717,0.5,-0.866025
2025-10-09 14:00:00,2025-10-09 11:00:00,5,2025-10-09 12:00:00,20.0,10.0,9.994,66.742668,295.705688,0.0,295.705688,3.936916,6.49551,9.091936,44.786049,28.938902,10000.0,46.746513,1e-05,0.008756,2.627603,0.0,0.000123,25.572279,0.005844,0.165331,0.258819,-0.965926
2025-10-09 15:00:00,2025-10-09 12:00:00,5,2025-10-09 12:00:00,20.0,10.0,9.994,62.691921,295.849457,0.0,295.849457,4.908894,7.481047,10.288811,44.646587,49.778648,10000.0,92.519775,0.0,0.009143,3.07748,0.0,0.0,36.723663,0.005732,0.125161,0.0,-1.0
2025-10-09 16:00:00,2025-10-09 13:00:00,5,2025-10-09 12:00:00,20.0,10.0,9.994,62.528152,295.724365,0.0,295.724365,5.104829,7.514793,10.255742,44.656219,30.770107,1201.542969,100.0,0.001571,0.008917,3.191955,0.0,0.053319,38.361732,0.005576,0.120135,-0.258819,-0.965926
2025-10-09 17:00:00,2025-10-09 14:00:00,5,2025-10-09 12:00:00,20.0,10.0,7.9984,61.770851,295.551483,0.0,295.551483,5.526131,7.69427,10.353581,43.351692,94.653542,1201.344238,94.653542,0.0,0.0089,3.413538,0.0,0.0,42.519543,0.005497,0.109793,-0.5,-0.866025
2025-10-09 18:00:00,2025-10-09 15:00:00,5,2025-10-09 12:00:00,20.0,10.0,4.0073,60.636036,295.657379,0.0,295.657379,4.608742,7.98779,10.729816,43.052204,100.0,1201.648682,100.0,0.0,0.008213,2.794558,0.0,0.0,36.813663,0.00498,0.128773,-0.707107,-0.707107
2025-10-09 19:00:00,2025-10-09 16:00:00,5,2025-10-09 12:00:00,20.0,10.0,8.9962,62.565201,294.993744,0.0,294.993744,5.277958,7.464924,9.799413,42.295876,100.0,930.057861,100.0,0.0,0.007809,3.302165,0.0,0.0,39.399559,0.004886,0.116336,-0.866025,-0.5
2025-10-09 20:00:00,2025-10-09 17:00:00,5,2025-10-09 12:00:00,20.0,10.0,5.005,65.060577,294.336273,0.0,294.336273,5.248597,6.82493,8.785117,41.681301,100.0,1198.960571,100.0,0.0,0.007694,3.414768,0.0,0.0,35.821308,0.005006,0.12164,-0.965926,-0.258819
2025-10-09 21:00:00,2025-10-09 18:00:00,5,2025-10-09 12:00:00,20.0,10.0,8.9962,66.017288,294.097229,0.0,294.097229,4.961555,6.58716,8.419928,41.012295,100.0,1198.620239,100.0,0.0,0.007474,3.275484,0.0,0.0,32.68256,0.004934,0.130429,-1.0,-0.0
2025-10-09 22:00:00,2025-10-09 19:00:00,5,2025-10-09 12:00:00,20.0,10.0,9.994,67.26825,293.96225,0.0,293.96225,4.627011,6.290121,8.042869,40.71571,100.0,1198.353516,100.0,0.0,0.007351,3.11251,0.0,0.0,29.104462,0.004945,0.142306,-0.965926,0.258819
2025-10-09 23:00:00,2025-10-09 20:00:00,5,2025-10-09 12:00:00,20.0,10.0,9.994,68.430397,293.833405,0.0,293.833405,4.508463,6.018765,7.695961,41.237999,100.0,928.13739,100.0,0.0,0.007226,3.085159,0.0,0.0,27.135378,0.004945,0.148489,-0.866025,0.5
2025-10-10 00:00:00,2025-10-09 21:00:00,5,2025-10-09 12:00:00,20.0,10.0,9.994,72.773102,293.473358,0.0,293.473358,3.579699,5.04761,6.49141,41.626556,100.0,927.867249,100.0,0.0,0.007231,2.605058,0.0,0.0,18.068928,0.005262,0.197769,-0.707107,0.707107
2025-10-10 01:00:00,2025-10-09 22:00:00,5,2025-10-09 12:00:00,20.0,10.0,9.994,73.088257,293.238068,0.0,293.238068,3.7019,4.971464,6.323539,41.211967,100.0,1896.758057,100.0,0.0,0.00729,2.705654,0.0,0.0,18.403862,0.005328,0.192241,-0.5,0.866025
2025-10-10 02:00:00,2025-10-09 23:00:00,5,2025-10-09 12:00:00,20.0,10.0,9.994,73.382851,293.032471,0.0,293.032471,3.466014,4.901273,6.175131,41.231323,25.785429,10000.0,95.663887,0.0,0.007234,2.54346,0.0,0.0,16.987879,0.005309,0.205784,-0.258819,0.965926
2025-10-10 03:00:00,2025-10-10 00:00:00,5,2025-10-09 12:00:00,20.0,10.0,9.994,73.940948,292.79129,0.0,292.79129,3.12287,4.774769,5.955806,41.181412,3.561182,10000.0,100.0,0.0,0.00688,2.30908,0.0,0.0,14.910983,0.005087,0.229426,0.0,1.0
2025-10-10 04:00:00,2025-10-10 01:00:00,5,2025-10-09 12:00:00,20.0,10.0,9.994,73.939323,292.687103,0.0,292.687103,2.643782,4.771359,5.917728,41.45277,2.432254,10000.0,100.0,0.0,0.00677,1.954794,0.0,0.0,12.614432,0.005006,0.26948,0.258819,0.965926
2025-10-10 05:00:00,2025-10-10 02:00:00,5,2025-10-09 12:00:00,20.0,10.0,9.994,74.931213,292.463959,0.0,292.463959,2.946417,4.556745,5.61398,41.21629,1.619881,10000.0,58.117516,0.0,0.006882,2.207786,0.0,0.0,13.426071,0.005157,0.245965,0.5,0.866025
2025-10-10 06:00:00,2025-10-10 03:00:00,5,2025-10-09 12:00:00,20.0,10.0,9.994,75.103607,292.404633,0.0,292.404633,2.858842,4.519059,5.554804,41.629951,5.055974,10000.0,100.0,0.0,0.006599,2.147093,0.0,0.0,12.919274,0.004956,0.253828,0.707107,0.707107
2025-10-10 07:00:00,2025-10-10 04:00:00,5,2025-10-09 12:00:00,20.0,10.0,9.994,74.537521,292.53949,0.0,292.53949,2.759741,4.641099,5.729029,42.073177,24.988585,10000.0,100.0,0.0,0.006832,2.057042,0.0,0.0,12.80823,0.005092,0.260644,0.866025,0.5
2025-10-10 08:00:00,2025-10-10 05:00:00,5,2025-10-09 12:00:00,20.0,10.0,9.994,74.767326,292.542664,0.0,292.542664,2.430086,4.593444,5.678446,42.582432,28.35606,10000.0,100.0,0.0,0.006867,1.81691,0.0,0.0,11.162463,0.005134,0.295513,0.965926,0.258819
2025-10-10 09:00:00,2025-10-10 06:00:00,5,2025-10-09 12:00:00,20.0,10.0,6.0028,74.836227,292.594116,0.0,292.594116,2.190016,4.580925,5.681104,42.826946,9.756786,10000.0,100.0,0.0,0.006586,1.638926,0.0,0.0,10.0323,0.004929,0.326793,1.0,0.0
2025-10-10 10:00:00,2025-10-10 07:00:00,5,2025-10-09 12:00:00,20.0,10.0,6.0028,71.322586,293.275879,0.0,293.275879,2.620768,5.352901,6.75422,42.665939,0.0,10000.0,9.60277,0.0,0.007552,1.8692,0.0,0.0,14.028713,0.005386,0.262141,0.965926,-0.258819
2025-10-10 11:00:00,2025-10-10 08:00:00,5,2025-10-09 12:00:00,20.0,10.0,9.994,63.417416,294.855255,0.0,294.855255,2.667631,7.24798,9.495581,42.62569,0.0,10000.0,0.0,0.0,0.008431,1.691743,0.0,0.0,19.334936,0.005347,0.22914,0.866025,-0.5
2025-10-10 12:00:00,2025-10-10 09:00:00,5,2025-10-09 12:00:00,20.0,10.0,9.994,57.680748,296.466888,0.0,296.466888,2.359826,8.81186,12.115575,42.890781,0.0,10000.0,2.88197,0.0,0.008547,1.361165,0.0,0.0,20.794455,0.00493,0.234491,0.707107,-0.707107
2025-10-10 13:00:00,2025-10-10 10:00:00,5,2025-10-09 12:00:00,20.0,10.0,9.994,50.341404,298.79361,0.0,298.79361,3.574996,11.089475,16.343452,43.814617,1.132202,10000.0,3.237343,0.0,0.009401,1.799703,0.0,0.0,39.644829,0.004733,0.136984,0.5,-0.866025
2025-10-10 14:00:00,2025-10-10 11:00:00,5,2025-10-09 12:00:00,20.0,10.0,9.994,48.062164,299.83609,0.0,299.83609,2.951093,11.894955,18.181149,45.09058,2.323478,10000.0,46.151295,0.0,0.009333,1.418359,0.0,0.0,35.103111,0.004485,0.157524,0.258819,-0.965926
2025-10-10 15:00:00,2025-10-10 12:00:00,5,2025-10-09 12:00:00,20.0,10.0,9.994,46.103828,300.985626,0.0,300.985626,2.449801,12.643519,20.18346,45.587063,4.847164,10000.0,11.12231,0.0,0.009304,1.129452,0.0,0.0,30.974106,0.00429,0.180813,0.0,-1.0
2025-10-10 16:00:00,2025-10-10 13:00:00,5,2025-10-09 12:00:00,20.0,10.0,9.994,51.869564,300.062469,0.0,300.062469,3.238433,10.723997,17.074463,46.060162,5.604561,10000.0,100.0,0.0,0.008781,1.679761,0.0,0.0,34.728947,0.004555,0.155371,-0.258819,-0.965926
2025-10-10 17:00:00,2025-10-10 14:00:00,5,2025-10-09 12:00:00,20.0,10.0,9.994,56.504704,299.029327,0.0,299.029327,5.098651,9.303894,14.51667,46.349743,3.34379,10000.0,100.0,0.0,0.009289,2.880977,0.0,0.0,47.437305,0.005249,0.108691,-0.5,-0.866025
2025-10-10 18:00:00,2025-10-10 15:00:00,5,2025-10-09 12:00:00,20.0,10.0,9.994,62.362869,297.556946,0.0,297.556946,5.791369,7.659067,11.505825,47.107372,6.348587,10000.0,100.0,0.0,0.009685,3.611664,0.0,0.0,44.356487,0.00604,0.105855,-0.707107,-0.707107
2025-10-10 19:00:00,2025-10-10 16:00:00,5,2025-10-09 12:00:00,20.0,10.0,9.994,65.103958,296.761414,0.0,296.761414,5.793994,6.938646,10.16961,47.652683,49.038273,1211.947266,100.0,0.0,0.008781,3.772119,0.0,0.0,40.202473,0.005717,0.110458,-0.866025,-0.5
2025-10-10 20:00:00,2025-10-10 17:00:00,5,2025-10-09 12:00:00,20.0,10.0,9.994,68.983284,295.911835,0.0,295.911835,5.097072,5.986158,8.586229,48.165264,57.553452,1209.656494,100.0,0.0,0.0082,3.516128,0.0,0.0,30.511885,0.005657,0.132735,-0.965926,-0.258819
2025-10-10 21:00:00,2025-10-10 18:00:00,5,2025-10-09 12:00:00,20.0,10.0,8.9962,75.518181,294.896454,0.0,294.896454,5.762109,4.517553,6.370672,48.240894,79.473991,707.007507,100.0,0.000933,0.007732,4.35144,0.0,0.034326,26.030636,0.005839,0.128824,-1.0,-0.0
2025-10-10 22:00:00,2025-10-10 19:00:00,5,2025-10-09 12:00:00,18.332,10.0,9.994,75.740799,294.776794,0.0,294.776794,4.810246,4.466991,6.266694,48.940174,96.157463,1204.839111,100.0,0.002401,0.008175,3.643318,0.0,0.078202,21.487326,0.006191,0.154251,-0.965926,0.258819
2025-10-10 23:00:00,2025-10-10 20:00:00,5,2025-10-09 12:00:00,20.0,10.0,2.9934,79.295776,294.350922,0.0,294.350922,4.602218,3.728058,5.210525,49.07143,74.000481,1204.952148,100.0,0.00124,0.007598,3.649365,0.0,0.039593,17.157337,0.006025,0.168635,-0.866025,0.5
2025-10-11 00:00:00,2025-10-10 21:00:00,5,2025-10-09 12:00:00,20.0,10.0,,79.663795,294.368744,0.0,294.368744,4.078394,3.655169,5.123511,48.814434,41.218739,10000.0,100.0,0.0,0.007283,3.249003,0.0,0.0,14.907215,0.005802,0.190657,-0.707107,0.707107
2025-10-11 01:00:00,2025-10-10 22:00:00,5,2025-10-09 12:00:00,20.0,10.0,,79.352753,294.436798,0.0,294.436798,3.434782,3.719076,5.223651,47.991325,17.06181,10000.0,17.06181,0.0,0.006964,2.725594,0.0,0.0,12.774215,0.005526,0.224491,-0.5,0.866025
2025-10-11 02:00:00,2025-10-10 23:00:00,5,2025-10-09 12:00:00,20.0,10.0,,78.692345,294.592316,0.0,294.592316,3.407793,3.856014,5.442396,48.080532,53.23621,1912.1875,100.0,0.0,0.006746,2.681673,0.0,0.0,13.140499,0.005309,0.224336,-0.258819,0.965926
2025-10-11 03:00:00,2025-10-11 00:00:00,5,2025-10-09 12:00:00,20.0,10.0,,78.626572,294.684021,0.0,294.684021,2.602519,3.871939,5.489958,48.499229,69.014618,10000.0,100.0,0.0,0.006732,2.046272,0.0,0.0,10.076796,0.005293,0.290938,0.0,1.0
2025-10-11 04:00:00,2025-10-11 01:00:00,5,2025-10-09 12:00:00,20.0,10.0,,79.658508,294.53595,0.0,294.53595,1.726735,3.660818,5.177695,48.604317,7.354976,10000.0,100.0,0.0,0.006821,1.375491,0.0,0.0,6.321263,0.005434,0.43607,0.258819,0.965926
2025-10-11 05:00:00,2025-10-11 02:00:00,5,2025-10-09 12:00:00,20.0,10.0,,80.142906,294.439911,0.0,294.439911,1.690729,3.56197,5.024707,48.031761,3.251508,10000.0,100.0,0.0,0.006769,1.355,0.0,0.0,6.022326,0.005425,0.447543,0.5,0.866025
2025-10-11 06:00:00,2025-10-11 03:00:00,5,2025-10-09 12:00:00,20.0,10.0,,81.188835,294.311829,0.0,294.311829,1.589618,3.352745,4.722756,47.693977,4.6566,10000.0,100.0,0.0,0.006597,1.290592,0.0,0.0,5.329583,0.005356,0.480516,0.707107,0.707107
2025-10-11 07:00:00,2025-10-11 04:00:00,5,2025-10-09 12:00:00,20.0,10.0,,81.556549,294.285034,0.0,294.285034,2.022141,3.280283,4.622822,47.308117,7.555624,10000.0,72.000984,0.0,0.006039,1.649188,0.0,0.0,6.633194,0.004925,0.384313,0.866025,0.5
2025-10-11 08:00:00,2025-10-11 05:00:00,5,2025-10-09 12:00:00,20.0,10.0,,83.985924,294.040588,0.0,294.040588,1.924308,2.807861,3.954015,47.181541,12.506914,10000.0,100.0,0.0,0.006467,1.616148,0.0,0.0,5.403189,0.005431,0.414887,0.965926,0.258819
2025-10-11 09:00:00,2025-10-11 06:00:00,5,2025-10-09 12:00:00,20.0,10.0,,84.009331,294.150818,0.0,294.150818,1.606709,2.805752,3.975105,47.352833,7.41995,2320.369629,100.0,0.0,0.006839,1.349786,0.0,0.0,4.508027,0.005746,0.49223,1.0,0.0
2025-10-11 10:00:00,2025-10-11 07:00:00,5,2025-10-09 12:00:00,20.0,10.0,,81.634888,294.593536,0.0,294.593536,1.61088,3.272606,4.691164,47.530807,1.890197,10000.0,37.278011,0.0,0.007213,1.31504,0.0,0.0,5.271776,0.005888,0.477151,0.965926,-0.258819
2025-10-11 11:00:00,2025-10-11 08:00:00,5,2025-10-09 12:00:00,20.0,10.0,,75.858765,295.727936,0.0,295.727936,1.107216,4.474106,6.608696,47.835697,1.564509,10000.0,100.0,0.0,0.008145,0.839921,0.0,0.0,4.953803,0.006179,0.628378,0.866025,-0.5
2025-10-11 12:00:00,2025-10-11 09:00:00,5,2025-10-09 12:00:00,20.0,10.0,,69.082443,296.978363,0.0,296.978363,1.011689,6.010935,9.128733,47.882175,0.0,3521.081543,72.162575,0.0,0.008215,0.698899,0.0,0.0,6.081195,0.005675,0.621419,0.707107,-0.707107
2026-02-28 18:00:00,2026-02-28 15:00:00,6,2026-02-28 18:00:00,20.0,10.0,9.994,62.499905,299.481079,0.0,299.481079,3.40015,7.732994,12.854955,34.377918,0.0,10000.0,0.0,0.0,0.007892,2.125091,0.0,0.0,26.293341,0.004932,0.178564,-0.707107,-0.707107
2026-02-28 19:00:00,2026-02-28 16:00:00,6,2026-02-28 18:00:00,20.0,10.0,9.994,49.130013,300.682037,0.0,300.682037,4.284395,11.624495,18.714811,31.047688,20.975315,10000.0,100.0,0.0,0.008848,2.104924,0.0,0.0,49.803925,0.004347,0.112057,-0.866025,-0.5
2026-02-28 20:00:00,2026-02-28 17:00:00,6,2026-02-28 18:00:00,20.0,10.0,9.994,55.142277,299.659912,0.0,299.659912,4.203398,9.732029,15.540395,33.38131,20.986752,10000.0,100.0,0.0,0.008221,2.317849,0.0,0.0,40.907593,0.004533,0.128137,-0.965926,-0.258819
2026-02-28 21:00:00,2026-02-28 18:00:00,6,2026-02-28 18:00:00,20.0,10.0,9.994,63.444347,298.832092,0.0,298.832092,3.478393,7.457537,12.05859,33.147957,2.976238,10000.0,100.0,0.0,0.007337,2.206844,0.0,0.0,25.940243,0.004655,0.177298,-1.0,-0.0
2026-02-28 22:00:00,2026-02-28 19:00:00,6,2026-02-28 18:00:00,20.0,10.0,9.994,66.569763,298.400299,0.0,298.400299,2.261295,6.667789,10.748014,31.432114,0.0,10000.0,100.0,0.0,0.006766,1.505339,0.0,0.0,15.077838,0.004504,0.281921,-0.965926,0.258819
2026-02-28 23:00:00,2026-02-28 20:00:00,6,2026-02-28 18:00:00,20.0,10.0,9.994,66.259834,298.142761,0.0,298.142761,1.529585,6.729559,10.682346,31.76277,1.781073,1218.82666,100.0,0.0,0.006065,1.013501,0.0,0.0,10.293432,0.004018,0.406606,-0.866025,0.5
2026-03-01 00:00:00,2026-02-28 21:00:00,6,2026-02-28 18:00:00,19.5345,10.0,9.994,89.067612,295.156952,0.0,295.156952,1.123069,1.885172,2.890469,30.917086,0.0,10000.0,0.0,0.0,-0.008647,1.000291,0.0,0.0,2.117178,-0.007702,0.72823,-0.707107,0.707107
2026-03-01 01:00:00,2026-02-28 22:00:00,6,2026-02-28 18:00:00,20.0,10.0,9.994,87.088547,295.634888,0.0,295.634888,1.722896,2.256041,3.514589,31.880882,11.860024,1216.748535,11.860024,0.0,0.006789,1.500445,0.0,0.0,3.886922,0.005912,0.477748,-0.5,0.866025
2026-03-01 02:00:00,2026-02-28 23:00:00,6,2026-02-28 18:00:00,20.0,10.0,9.994,83.08004,295.922424,0.0,295.922424,2.448105,3.022778,4.686894,30.989017,85.628876,1216.892456,85.628876,0.0,0.00701,2.033886,0.0,0.0,7.400076,0.005824,0.326046,-0.258819,0.965926
2026-03-01 03:00:00,2026-03-01 00:00:00,6,2026-02-28 18:00:00,20.0,10.0,9.994,84.49868,295.570435,0.0,295.570435,2.325097,2.74229,4.203059,29.652086,0.0,1216.66394,24.860708,0.0,0.006699,1.964676,0.0,0.0,6.376091,0.00566,0.348434,0.0,1.0
2026-03-01 04:00:00,2026-03-01 01:00:00,6,2026-02-28 18:00:00,20.0,10.0,9.994,82.243263,295.723633,0.0,295.723633,2.137143,3.181143,4.859659,28.081537,29.349911,1215.552979,99.626175,0.0,0.006891,1.757656,0.0,0.0,6.798558,0.005667,0.367626,0.258819,0.965926
2026-03-01 05:00:00,2026-03-01 02:00:00,6,2026-02-28 18:00:00,20.0,10.0,9.994,80.851746,295.876526,0.0,295.876526,2.012127,3.459166,5.289384,28.119463,100.0,10000.0,100.0,0.0,0.006947,1.62684,0.0,0.0,6.960279,0.005617,0.382798,0.5,0.866025
2026-03-01 06:00:00,2026-03-01 03:00:00,6,2026-02-28 18:00:00,20.0,10.0,9.994,81.169823,295.779541,0.0,295.779541,2.128332,3.393621,5.170976,28.142153,100.0,1214.327637,100.0,0.0,0.00688,1.727563,0.0,0.0,7.222752,0.005585,0.364263,0.707107,0.707107
2026-03-01 07:00:00,2026-03-01 04:00:00,6,2026-02-28 18:00:00,20.0,10.0,9.994,80.575523,295.782837,0.0,295.782837,2.147369,3.51166,5.335244,27.739649,48.769569,1214.449219,100.0,0.0,0.006449,1.730254,0.0,0.0,7.54083,0.005196,0.358533,0.866025,0.5
2026-03-01 08:00:00,2026-03-01 05:00:00,6,2026-02-28 18:00:00,20.0,10.0,9.994,81.844849,295.382416,0.0,295.382416,1.691242,3.250875,4.86659,26.460808,3.477161,10000.0,100.0,0.0,0.00336,1.384194,0.0,0.0,5.498017,0.00275,0.456917,0.965926,0.258819
2026-03-01 09:00:00,2026-03-01 06:00:00,6,2026-02-28 18:00:00,20.0,10.0,9.994,81.740791,295.137299,0.0,295.137299,2.287498,3.265257,4.821858,25.955189,0.0,10000.0,100.0,0.0,0.002953,1.869819,0.0,0.0,7.469269,0.002414,0.34237,1.0,0.0
2026-03-01 10:00:00,2026-03-01 07:00:00,6,2026-02-28 18:00:00,20.0,10.0,9.994,75.12587,295.832886,0.0,295.832886,2.358709,4.632202,6.852881,28.708973,5.564625,10000.0,5.564625,0.0,0.0069,1.772,0.0,0.0,10.926016,0.005184,0.30555,0.965926,-0.258819
2026-03-01 11:00:00,2026-03-01 08:00:00,6,2026-02-28 18:00:00,20.0,10.0,9.994,62.483894,297.965027,0.0,297.965027,2.156596,7.651482,11.752416,27.594391,0.0,10000.0,0.0,0.0,0.007656,1.347525,0.0,0.0,16.501156,0.004784,0.276894,0.866025,-0.5
2026-03-01 12:00:00,2026-03-01 09:00:00,6,2026-02-28 18:00:00,20.0,10.0,9.994,49.283783,299.800201,0.0,299.800201,4.149372,11.501845,17.715996,28.881979,16.531601,1537.94751,17.509392,0.0,0.008781,2.044967,0.0,0.0,47.725437,0.004328,0.115979,0.707107,-0.707107
2026-03-01 13:00:00,2026-03-01 10:00:00,6,2026-02-28 18:00:00,20.0,10.0,9.994,61.42944,299.100067,0.0,299.100067,4.243471,7.986475,12.927118,33.223282,72.796036,10000.0,72.796036,0.0,0.008608,2.606741,0.0,0.0,33.890377,0.005288,0.141429,0.5,-0.866025
2026-03-01 14:00:00,2026-03-01 11:00:00,6,2026-02-28 18:00:00,20.0,10.0,9.994,57.92173,299.534393,0.0,299.534393,4.510907,8.946541,14.469852,34.039349,100.0,1541.104736,100.0,0.0,0.008753,2.612796,0.0,0.0,40.357014,0.00507,0.125619,0.258819,-0.965926
2026-03-01 15:00:00,2026-03-01 12:00:00,6,2026-02-28 18:00:00,20.0,10.0,9.994,57.431633,299.327576,0.0,299.327576,4.375031,9.067362,14.4605,34.285473,97.717171,1915.613281,97.717171,0.0,0.008576,2.512652,0.0,0.0,39.669991,0.004925,0.128338,0.0,-1.0
2026-03-01 16:00:00,2026-03-01 13:00:00,6,2026-02-28 18:00:00,20.0,10.0,9.994,60.398071,299.045349,0.0,299.045349,3.774359,8.252171,13.229808,34.777065,100.0,1916.189941,100.0,0.0,0.008216,2.27964,0.0,0.0,31.146654,0.004962,0.155892,-0.258819,-0.965926
2026-03-01 17:00:00,2026-03-01 14:00:00,6,2026-02-28 18:00:00,2.7485,2.7485,6.0028,73.181824,297.585815,0.0,297.585815,3.150988,5.114952,8.212625,39.400978,42.192375,1213.528564,42.192375,0.050345,0.008158,2.30595,0.0,1.121501,16.117151,0.00597,0.225106,-0.5,-0.866025
2026-03-01 18:00:00,2026-03-01 15:00:00,6,2026-02-28 18:00:00,20.0,10.0,6.0028,56.241669,299.686676,0.0,299.686676,3.619807,9.422386,15.183486,31.907118,79.550529,10000.0,79.550529,0.0,0.008181,2.03584,0.0,0.0,34.107216,0.004601,0.151195,-0.707107,-0.707107
2026-03-01 19:00:00,2026-03-01 16:00:00,6,2026-02-28 18:00:00,20.0,10.0,6.0028,45.914749,300.985443,0.0,300.985443,4.222432,12.707463,20.254057,29.894833,0.0,10000.0,0.0,0.0,0.009152,1.938719,0.0,0.0,53.656395,0.004202,0.106224,-0.866025,-0.5
2026-03-01 20:00:00,2026-03-01 17:00:00,6,2026-02-28 18:00:00,20.0,10.0,7.9984,63.587509,298.856903,0.0,298.856903,4.205309,7.422958,12.029072,33.287601,29.690903,10000.0,29.690903,0.0,0.00819,2.674051,0.0,0.0,31.215834,0.005208,0.147696,-0.965926,-0.258819
2026-03-01 21:00:00,2026-03-01 18:00:00,6,2026-02-28 18:00:00,20.0,10.0,7.9984,64.330795,298.425598,0.0,298.425598,2.334918,7.214657,11.48515,33.859516,11.203229,1912.812988,87.741074,0.0,0.007321,1.502072,0.0,0.0,16.845636,0.004709,0.264201,-1.0,-0.0
2026-03-01 22:00:00,2026-03-01 19:00:00,6,2026-02-28 18:00:00,20.0,10.0,7.9984,67.135117,297.781555,0.0,297.781555,3.078879,6.502863,10.183006,33.137074,47.937603,1912.966797,100.0,0.0,0.007266,2.067009,0.0,0.0,20.021526,0.004878,0.211191,-0.965926,0.258819
2026-03-01 23:00:00,2026-03-01 20:00:00,6,2026-02-28 18:00:00,20.0,10.0,9.994,68.071655,297.666138,0.0,297.666138,2.681198,6.276728,9.824697,31.85541,0.0,10000.0,0.0,0.0,0.006845,1.825136,0.0,0.0,16.829151,0.00466,0.244757,-0.866025,0.5
2026-03-02 00:00:00,2026-03-01 21:00:00,6,2026-02-28 18:00:00,20.0,10.0,9.994,69.910225,297.564514,0.0,297.564514,1.494088,5.846905,9.202743,30.066954,100.0,10000.0,100.0,0.0,0.006901,1.04452,0.0,0.0,8.73579,0.004825,0.438559,-0.707107,0.707107
2026-03-02 01:00:00,2026-03-01 22:00:00,6,2026-02-28 18:00:00,20.0,10.0,9.994,73.338882,296.894196,0.0,296.894196,1.534806,5.054506,7.832174,29.815113,0.0,10000.0,0.0,0.0,0.005562,1.12561,0.0,0.0,7.757688,0.004079,0.448609,-0.5,0.866025
2026-03-02 02:00:00,2026-03-01 23:00:00,6,2026-02-28 18:00:00,20.0,10.0,9.994,76.154663,296.204651,0.0,296.204651,2.461468,4.427835,6.719231,31.164438,5.666981,10000.0,5.666981,4e-06,0.006419,1.874523,0.0,3.4e-05,10.898975,0.004888,0.297309,-0.258819,0.965926
2026-03-02 03:00:00,2026-03-02 00:00:00,6,2026-02-28 18:00:00,20.0,10.0,9.994,75.173096,295.936768,0.0,295.936768,1.915966,4.625786,6.883136,27.801245,0.0,10000.0,0.0,0.0,0.005941,1.440291,0.0,0.0,8.862847,0.004466,0.372889,0.0,1.0
2026-03-02 04:00:00,2026-03-02 01:00:00,6,2026-02-28 18:00:00,20.0,10.0,9.994,74.781372,295.778015,0.0,295.778015,2.094921,4.7034,6.924673,28.031084,0.0,10000.0,2.875275,0.0,0.006727,1.566611,0.0,0.0,9.853252,0.005031,0.340702,0.258819,0.965926
2026-03-02 05:00:00,2026-03-02 02:00:00,6,2026-02-28 18:00:00,20.0,10.0,9.994,78.227577,295.500793,0.0,295.500793,2.097398,3.976894,5.878448,28.317781,0.0,10000.0,2.772007,0.0,0.006582,1.640744,0.0,0.0,8.341131,0.005149,0.356001,0.5,0.866025
2026-03-02 06:00:00,2026-03-02 03:00:00,6,2026-02-28 18:00:00,20.0,10.0,9.994,78.586205,295.243378,0.0,295.243378,2.275588,3.896391,5.691639,28.845093,0.0,10000.0,0.0,0.0,0.006702,1.788298,0.0,0.0,8.866579,0.005267,0.330807,0.707107,0.707107
2026-03-02 07:00:00,2026-03-02 04:00:00,6,2026-02-28 18:00:00,20.0,10.0,9.994,75.877869,295.191315,0.0,295.191315,2.605958,4.452206,6.391162,29.274021,5.720686,10000.0,5.720686,0.0,0.006421,1.977346,0.0,0.0,11.602263,0.004872,0.28041,0.866025,0.5
2026-03-02 08:00:00,2026-03-02 05:00:00,6,2026-02-28 18:00:00,20.0,10.0,9.994,74.155647,294.903381,0.0,294.903381,2.705627,4.805412,6.728081,32.141621,0.0,10000.0,0.0,0.0,0.006626,2.006376,0.0,0.0,13.001656,0.004913,0.26431,0.965926,0.258819
2026-03-02 09:00:00,2026-03-02 06:00:00,6,2026-02-28 18:00:00,20.0,10.0,9.994,72.548981,294.719147,0.0,294.719147,2.895349,5.143501,7.066228,31.916813,0.0,10000.0,0.0,0.0,0.006584,2.100546,0.0,0.0,14.892233,0.004777,0.242205,1.0,0.0
2026-03-02 10:00:00,2026-03-02 07:00:00,6,2026-02-28 18:00:00,20.0,10.0,9.994,67.52018,295.498718,0.0,295.498718,3.703118,6.304148,8.768287,30.854107,0.0,10000.0,0.0,0.0,0.007332,2.500352,0.0,0.0,23.345003,0.00495,0.177539,0.965926,-0.258819
2026-03-02 11:00:00,2026-03-02 08:00:00,6,2026-02-28 18:00:00,20.0,10.0,9.994,59.851749,297.411987,0.0,297.411987,3.470056,8.296138,12.167234,32.092422,0.0,10000.0,0.0,0.0,0.008178,2.076889,0.0,0.0,28.788057,0.004895,0.167649,0.866025,-0.5
2026-03-02 12:00:00,2026-03-02 09:00:00,6,2026-02-28 18:00:00,20.0,10.0,9.994,53.891808,299.1651,0.0,299.1651,3.044204,10.056684,15.513054,32.998722,0.0,10000.0,0.0,0.0,0.008615,1.640577,0.0,0.0,30.614599,0.004643,0.1714,0.707107,-0.707107
2026-03-02 13:00:00,2026-03-02 10:00:00,6,2026-02-28 18:00:00,20.0,10.0,9.994,48.828266,300.863739,0.0,300.863739,2.624811,11.736306,19.027113,34.514427,0.0,10000.0,0.0,0.0,0.008953,1.28165,0.0,0.0,30.805588,0.004372,0.179199,0.5,-0.866025
2026-03-02 14:00:00,2026-03-02 11:00:00,6,2026-02-28 18:00:00,20.0,10.0,9.994,56.26239,300.050903,0.0,300.050903,3.357943,9.441587,15.505535,37.034122,53.979988,1541.123901,53.979988,0.001189,0.008814,1.889259,0.0,0.024442,31.704311,0.004959,0.162705,0.258819,-0.965926
2026-03-02 15:00:00,2026-03-02 12:00:00,6,2026-02-28 18:00:00,20.0,10.0,9.994,55.116302,300.144409,0.0,300.144409,2.162962,9.773863,15.999602,38.218063,95.793365,1542.900513,95.793365,0.0,0.008146,1.192145,0.0,0.0,21.140491,0.00449,0.243558,0.0,-1.0
2026-03-02 16:00:00,2026-03-02 13:00:00,6,2026-02-28 18:00:00,20.0,10.0,9.994,57.710594,300.03598,0.0,300.03598,2.963978,9.037367,14.978969,38.770958,91.46994,1919.648804,91.46994,0.0,0.008371,1.710529,0.0,0.0,26.786556,0.004831,0.188352,-0.258819,-0.965926
2026-03-02 17:00:00,2026-03-02 14:00:00,6,2026-02-28 18:00:00,20.0,10.0,9.994,60.874897,299.509766,0.0,299.509766,2.359804,8.155025,13.434756,39.286949,100.0,1919.526978,100.0,0.0,0.008018,1.436528,0.0,0.0,19.244261,0.004881,0.247479,-0.5,-0.866025
2026-03-02 18:00:00,2026-03-02 15:00:00,6,2026-02-28 18:00:00,13.4004,10.0,9.994,60.903732,299.258179,0.0,299.258179,2.918134,8.132502,13.226596,38.73243,95.343781,1216.770508,95.343781,0.006796,0.008001,1.777252,0.0,0.132078,23.731728,0.004873,0.201793,-0.707107,-0.707107
2026-03-02 19:00:00,2026-03-02 16:00:00,6,2026-02-28 18:00:00,20.0,10.0,9.994,62.734203,298.796875,0.0,298.796875,3.407981,7.634808,12.267163,37.372761,100.0,1540.26062,100.0,0.0,0.007787,2.13797,0.0,0.0,26.019281,0.004885,0.178833,-0.866025,-0.5
2026-03-02 20:00:00,2026-03-02 17:00:00,6,2026-02-28 18:00:00,20.0,10.0,9.994,63.781929,298.637512,0.0,298.637512,2.259166,7.362415,11.809887,36.346531,100.0,1916.69104,100.0,0.0,0.007418,1.44094,0.0,0.0,16.632917,0.004731,0.270358,-0.965926,-0.258819
2026-03-02 21:00:00,2026-03-02 18:00:00,6,2026-02-28 18:00:00,20.0,10.0,9.994,64.835526,298.414337,0.0,298.414337,0.882024,7.089628,11.315041,34.785713,100.0,1540.554688,100.0,0.0,0.006973,0.571865,0.0,0.0,6.253219,0.004521,0.660224,-1.0,-0.0
2026-03-02 22:00:00,2026-03-02 19:00:00,6,2026-02-28 18:00:00,20.0,10.0,9.994,61.07222,298.557312,0.0,298.557312,0.949414,8.047112,12.63305,32.674194,74.537865,1540.808594,74.537865,0.0,0.006794,0.579828,0.0,0.0,7.64004,0.004149,0.581965,-0.965926,0.258819
2026-03-02 23:00:00,2026-03-02 20:00:00,6,2026-02-28 18:00:00,20.0,10.0,9.994,66.806427,298.007477,0.0,298.007477,0.286789,6.591963,10.424733,32.562366,48.225281,10000.0,48.225281,0.0,0.006826,0.191594,0.0,0.0,1.890506,0.00456,1.727204,-0.866025,0.5
2026-03-03 00:00:00,2026-03-02 21:00:00,6,2026-02-28 18:00:00,19.1711,10.0,9.994,89.135307,295.370422,0.0,295.370422,0.403336,1.8759,2.910214,39.144917,0.0,10000.0,0.0,0.0,-0.00263,0.359515,0.0,0.0,0.756619,-0.002344,1.770889,-0.707107,0.707107
2026-03-03 01:00:00,2026-03-02 22:00:00,6,2026-02-28 18:00:00,20.0,10.0,9.994,85.998901,296.141022,0.0,296.141022,1.594378,2.46895,3.930108,39.417507,27.26075,942.27832,27.26075,0.0,0.007083,1.371148,0.0,0.0,3.93644,0.006091,0.507554,-0.5,0.866025
2026-03-03 02:00:00,2026-03-02 23:00:00,6,2026-02-28 18:00:00,20.0,10.0,9.994,82.506714,296.174408,0.0,296.174408,1.597206,3.140278,4.920305,38.579777,57.678497,10000.0,57.678497,0.0,0.007084,1.317803,0.0,0.0,5.015672,0.005844,0.486133,-0.258819,0.965926
2026-03-03 03:00:00,2026-03-03 00:00:00,6,2026-02-28 18:00:00,20.0,10.0,9.994,82.92791,295.726471,0.0,295.726471,1.97332,3.047848,4.673091,39.010887,2.970572,10000.0,2.970572,0.0,0.006964,1.636433,0.0,0.0,6.01438,0.005775,0.399976,0.0,1.0
2026-03-03 04:00:00,2026-03-03 01:00:00,6,2026-02-28 18:00:00,20.0,10.0,9.994,79.590073,295.846191,0.0,295.846191,2.041497,3.710711,5.627528,38.69054,72.029739,1214.290771,72.029739,0.0,0.007089,1.624828,0.0,0.0,7.575403,0.005642,0.371656,0.258819,0.965926
2026-03-03 05:00:00,2026-03-03 02:00:00,6,2026-02-28 18:00:00,20.0,10.0,9.994,81.176788,295.565399,0.0,295.565399,1.187939,3.386808,5.1022,38.293583,4.020809,10000.0,4.020809,0.0,0.006766,0.964331,0.0,0.0,4.023321,0.005492,0.630284,0.5,0.866025
2026-03-03 06:00:00,2026-03-03 03:00:00,6,2026-02-28 18:00:00,1.2534,1.2534,9.994,95.538971,293.563995,0.0,293.563995,1.128112,0.737379,1.069567,38.096725,0.0,10000.0,0.0,0.0,0.001692,1.077787,0.0,0.0,0.831846,0.001616,0.777933,0.707107,0.707107
2026-03-03 07:00:00,2026-03-03 04:00:00,6,2026-02-28 18:00:00,15.2206,10.0,7.9984,89.897766,294.213898,0.0,294.213898,2.149544,1.722813,2.521064,38.228073,6.34715,10000.0,6.34715,0.0,0.007138,1.932392,0.0,0.0,3.703262,0.006417,0.399627,0.866025,0.5
2026-03-03 08:00:00,2026-03-03 05:00:00,6,2026-02-28 18:00:00,20.0,10.0,7.9984,86.71917,294.254089,0.0,294.254089,1.550451,2.300785,3.322496,37.208973,5.647751,10000.0,5.647751,0.0,0.007124,1.344538,0.0,0.0,3.567255,0.006178,0.525427,0.965926,0.258819
2026-03-03 09:00:00,2026-03-03 06:00:00,6,2026-02-28 18:00:00,20.0,10.0,7.9984,85.282181,294.211121,0.0,294.211121,1.003358,2.567125,3.672279,36.520092,2.32059,10000.0,2.32059,0.0,0.006641,0.855686,0.0,0.0,2.575747,0.005664,0.772933,1.0,0.0
2026-03-03 10:00:00,2026-03-03 07:00:00,6,2026-02-28 18:00:00,20.0,10.0,7.9984,81.195686,294.94281,0.0,294.94281,1.612692,3.367329,4.907157,36.25909,1.79553,10000.0,1.79553,0.0,0.007271,1.309436,0.0,0.0,5.430463,0.005904,0.474082,0.965926,-0.258819
2026-03-03 11:00:00,2026-03-03 08:00:00,6,2026-02-28 18:00:00,20.0,10.0,8.9962,72.174683,296.670227,0.0,296.670227,1.50837,5.301332,8.064534,35.898037,0.0,10000.0,0.0,0.0,0.00838,1.088662,0.0,0.0,7.996373,0.006048,0.448744,0.866025,-0.5
2026-03-03 12:00:00,2026-03-03 09:00:00,6,2026-02-28 18:00:00,20.0,10.0,9.994,62.020374,298.674805,0.0,298.674805,0.743708,7.809748,12.411781,35.563137,0.0,10000.0,0.0,0.0,0.008455,0.461251,0.0,0.0,5.808173,0.005244,0.735093,0.707107,-0.707107
2026-03-03 13:00:00,2026-03-03 10:00:00,6,2026-02-28 18:00:00,20.0,10.0,9.994,54.993778,300.386322,0.0,300.386322,0.22703,9.826309,16.272932,35.27174,0.0,10000.0,0.0,0.0,0.008426,0.124852,0.0,0.0,2.230866,0.004634,1.681613,0.5,-0.866025
2026-03-03 14:00:00,2026-03-03 11:00:00,6,2026-02-28 18:00:00,20.0,10.0,9.994,52.32349,301.379456,0.0,301.379456,1.903922,10.688747,18.269361,36.433113,21.677637,10000.0,21.677637,0.0,0.008757,0.996199,0.0,0.0,20.350546,0.004582,0.261105,0.258819,-0.965926
2026-03-03 15:00:00,2026-03-03 12:00:00,6,2026-02-28 18:00:00,20.0,10.0,9.994,53.292389,301.719208,0.0,301.719208,3.502467,10.423134,18.25552,37.249638,21.679047,10000.0,21.679047,0.0,0.009612,1.866548,0.0,0.0,36.50668,0.005122,0.147933,0.0,-1.0
2026-03-03 16:00:00,2026-03-03 13:00:00,6,2026-02-28 18:00:00,20.0,10.0,9.994,50.918621,302.204285,0.0,302.204285,4.143357,11.185799,19.730898,37.62162,0.0,10000.0,0.0,0.0,0.010157,2.10974,0.0,0.0,46.346756,0.005172,0.119996,-0.258819,-0.965926
2026-03-03 17:00:00,2026-03-03 14:00:00,6,2026-02-28 18:00:00,20.0,10.0,9.994,52.722897,302.209167,0.0,302.209167,4.33622,10.631632,19.010946,37.690578,0.0,10000.0,0.0,0.0,0.01019,2.286181,0.0,0.0,46.101097,0.005373,0.118846,-0.5,-0.866025
2026-03-03 18:00:00,2026-03-03 15:00:00,6,2026-02-28 18:00:00,20.0,10.0,9.994,54.575783,301.798615,0.0,301.798615,4.443162,10.049372,17.83602,37.465893,0.0,10000.0,0.0,0.0,0.010023,2.424891,0.0,0.0,44.650986,0.00547,0.120127,-0.707107,-0.707107
2026-03-03 19:00:00,2026-03-03 16:00:00,6,2026-02-28 18:00:00,20.0,10.0,9.994,59.654594,300.839996,0.0,300.839996,4.508754,8.559851,14.980753,38.304321,22.057121,10000.0,22.057121,0.0,0.009538,2.689679,0.0,0.0,38.594257,0.00569,0.129438,-0.866025,-0.5
2026-03-03 20:00:00,2026-03-03 17:00:00,6,2026-02-28 18:00:00,20.0,10.0,9.994,63.881565,299.919739,0.0,299.919739,4.577904,7.406836,12.705942,38.139786,1.677823,10000.0,1.677823,0.0,0.009201,2.924437,0.0,0.0,33.90778,0.005878,0.13656,-0.965926,-0.258819
2026-03-03 21:00:00,2026-03-03 18:00:00,6,2026-02-28 18:00:00,20.0,10.0,9.994,67.385826,298.735962,0.0,298.735962,4.390225,6.488968,10.697158,38.071777,16.482609,1218.744995,16.482609,0.0,0.008398,2.95839,0.0,0.0,28.488031,0.005659,0.150072,-1.0,-0.0
2026-03-03 22:00:00,2026-03-03 19:00:00,6,2026-02-28 18:00:00,20.0,10.0,9.994,69.502136,298.381256,0.0,298.381256,4.186988,5.976332,9.79412,38.606483,56.446629,1542.929199,56.446629,0.0,0.008131,2.910046,0.0,0.0,25.022829,0.005651,0.162123,-0.965926,0.258819
2026-03-03 23:00:00,2026-03-03 20:00:00,6,2026-02-28 18:00:00,20.0,10.0,9.994,69.063148,298.206177,0.0,298.206177,3.658373,6.070221,9.831936,38.466873,100.0,1542.107178,100.0,0.0,0.007825,2.526588,0.0,0.0,22.207132,0.005404,0.183758,-0.866025,0.5
2026-03-04 00:00:00,2026-03-03 21:00:00,6,2026-02-28 18:00:00,20.0,10.0,9.994,68.742462,298.174591,0.0,298.174591,3.136044,6.143364,9.91515,38.164791,91.134132,1542.336304,91.134132,0.0,0.007521,2.155794,0.0,0.0,19.265858,0.00517,0.212427,-0.707107,0.707107
2026-03-04 01:00:00,2026-03-03 22:00:00,6,2026-02-28 18:00:00,20.0,10.0,9.994,68.978203,298.097931,0.0,298.097931,2.820893,6.085085,9.795444,38.387135,63.967388,943.913757,63.967388,0.0,0.007344,1.945801,0.0,0.0,17.165375,0.005066,0.236154,-0.5,0.866025
2026-03-04 02:00:00,2026-03-03 23:00:00,6,2026-02-28 18:00:00,20.0,10.0,9.994,75.189156,297.656372,0.0,297.656372,2.515226,4.681854,7.630103,38.121346,100.0,1541.133179,100.0,0.0,0.007216,1.891177,0.0,0.0,11.775921,0.005426,0.287505,-0.258819,0.965926
2026-03-04 03:00:00,2026-03-04 00:00:00,6,2026-02-28 18:00:00,20.0,10.0,9.994,76.040062,297.404022,0.0,297.404022,2.010547,4.491787,7.257774,37.798653,62.421673,10000.0,62.421673,0.0,0.007067,1.528821,0.0,0.0,9.030949,0.005374,0.360286,0.0,1.0
2026-03-04 04:00:00,2026-03-04 01:00:00,6,2026-02-28 18:00:00,20.0,10.0,9.994,78.360085,296.946564,0.0,296.946564,1.456185,3.992718,6.37719,37.333538,1.909554,10000.0,1.909554,0.0,0.006867,1.141068,0.0,0.0,5.814137,0.005381,0.50354,0.258819,0.965926
2026-03-04 05:00:00,2026-03-04 02:00:00,6,2026-02-28 18:00:00,20.0,10.0,9.994,80.786659,296.447662,0.0,296.447662,1.305419,3.48694,5.494198,36.448875,1.917672,10000.0,1.917672,0.0,0.005417,1.054604,0.0,0.0,4.551917,0.004376,0.574823,0.5,0.866025
2026-03-04 06:00:00,2026-03-04 03:00:00,6,2026-02-28 18:00:00,20.0,10.0,9.994,80.049988,296.333252,0.0,296.333252,0.812734,3.631512,5.66552,36.078117,9.025868,10000.0,9.025868,0.0,0.00642,0.650594,0.0,0.0,2.951455,0.005139,0.877035,0.707107,0.707107
2026-03-04 07:00:00,2026-03-04 04:00:00,6,2026-02-28 18:00:00,20.0,10.0,9.994,79.260902,296.429169,0.0,296.429169,0.948983,3.793589,5.923872,35.498978,85.240471,1917.240479,85.240471,0.0,0.006855,0.752172,0.0,0.0,3.60005,0.005433,0.755598,0.866025,0.5
2026-03-04 08:00:00,2026-03-04 05:00:00,6,2026-02-28 18:00:00,20.0,10.0,9.994,79.594788,296.383087,0.0,296.383087,0.876309,3.724659,5.812285,34.970436,100.0,1539.40918,100.0,0.00051,0.006968,0.697496,0.0,0.002769,3.26395,0.005546,0.815263,0.965926,0.258819
2026-03-04 09:00:00,2026-03-04 06:00:00,6,2026-02-28 18:00:00,20.0,10.0,9.994,79.493126,296.40097,0.0,296.40097,0.786381,3.745724,5.847564,34.211334,17.596172,1540.188232,17.596172,0.0,0.006943,0.625119,0.0,0.0,2.945565,0.005519,0.896828,1.0,0.0
2026-03-04 10:00:00,2026-03-04 07:00:00,6,2026-02-28 18:00:00,20.0,10.0,9.994,80.506531,296.470154,0.0,296.470154,1.014979,3.543547,5.581884,33.940639,66.909149,1540.830811,66.909149,0.0,0.007047,0.817124,0.0,0.0,3.596626,0.005673,0.722045,0.965926,-0.258819
2026-03-04 11:00:00,2026-03-04 08:00:00,6,2026-02-28 18:00:00,20.0,10.0,9.994,78.669891,296.888947,0.0,296.888947,0.892722,3.92738,6.264113,33.8144,56.964172,1541.100342,56.964172,0.0,0.007309,0.702303,0.0,0.0,3.506058,0.00575,0.792466,0.866025,-0.5
2026-03-04 12:00:00,2026-03-04 09:00:00,6,2026-02-28 18:00:00,20.0,10.0,9.994,70.505363,298.046021,0.0,298.046021,0.718522,5.73176,9.284403,33.93486,53.029655,1542.4823,53.029655,0.0,0.007555,0.506597,0.0,0.0,4.118396,0.005327,0.861374,0.707107,-0.707107
2026-03-04 13:00:00,2026-03-04 10:00:00,6,2026-02-28 18:00:00,20.0,10.0,9.994,59.970081,299.439636,0.0,299.439636,0.864329,8.389101,13.688603,34.09346,25.308832,10000.0,25.308832,0.0,0.008124,0.518339,0.0,0.0,7.25094,0.004872,0.621884,0.5,-0.866025
2026-03-04 14:00:00,2026-03-04 11:00:00,6,2026-02-28 18:00:00,20.0,10.0,9.994,49.693012,301.220978,0.0,301.220978,1.255492,11.490685,19.100044,33.658783,2.253368,10000.0,2.253368,0.0,0.00858,0.623892,0.0,0.0,14.426462,0.004263,0.366605,0.258819,-0.965926
2026-03-04 15:00:00,2026-03-04 12:00:00,6,2026-02-28 18:00:00,20.0,10.0,9.994,46.629578,302.306061,0.0,302.306061,1.737348,12.585901,21.581909,34.255848,3.186798,10000.0,3.186798,0.0,0.008946,0.810118,0.0,0.0,21.866085,0.004171,0.253787,0.0,-1.0
2026-03-04 16:00:00,2026-03-04 13:00:00,6,2026-02-28 18:00:00,20.0,10.0,9.994,48.938671,302.558868,0.0,302.558868,3.330215,11.844694,20.952213,34.92844,18.146769,10000.0,18.146769,0.0,0.009676,1.629763,0.0,0.0,39.445377,0.004735,0.142669,-0.258819,-0.965926
2026-03-04 17:00:00,2026-03-04 14:00:00,6,2026-02-28 18:00:00,20.0,10.0,9.994,50.140045,302.404999,0.0,302.404999,4.148081,11.446951,20.27809,34.829975,2.383945,10000.0,2.383945,0.0,0.009995,2.07985,0.0,0.0,47.482883,0.005012,0.11803,-0.5,-0.866025
2026-03-04 18:00:00,2026-03-04 15:00:00,6,2026-02-28 18:00:00,20.0,10.0,9.994,61.933319,300.9021,0.0,300.9021,3.662516,7.96056,14.18607,38.512276,0.0,10000.0,0.0,0.0,0.015766,2.268318,0.0,0.0,29.155682,0.009764,0.164606,-0.707107,-0.707107
2026-03-04 19:00:00,2026-03-04 16:00:00,6,2026-02-28 18:00:00,20.0,10.0,9.994,56.197609,301.348602,0.0,301.348602,4.568811,9.549395,16.754673,38.501099,2.632943,10000.0,2.632943,0.0,0.009018,2.567562,0.0,0.0,43.629379,0.005068,0.120368,-0.866025,-0.5
2026-03-04 20:00:00,2026-03-04 17:00:00,6,2026-02-28 18:00:00,20.0,10.0,9.994,63.100998,299.934998,0.0,299.934998,4.898954,7.605154,12.992206,38.066269,12.461967,10000.0,12.461967,0.0,0.0085,3.091289,0.0,0.0,37.257301,0.005364,0.126228,-0.965926,-0.258819
2026-03-04 21:00:00,2026-03-04 18:00:00,6,2026-02-28 18:00:00,20.0,10.0,9.994,68.18457,299.096344,0.0,299.096344,4.147049,6.316517,10.660749,39.171387,7.550371,10000.0,7.550371,0.0,0.00764,2.827648,0.0,0.0,26.194908,0.005209,0.160546,-1.0,-0.0
2026-03-04 22:00:00,2026-03-04 19:00:00,6,2026-02-28 18:00:00,20.0,10.0,9.994,70.953247,298.672913,0.0,298.672913,3.575063,5.656185,9.49144,40.769123,41.437744,1550.052979,41.437744,0.0,0.006984,2.536623,0.0,0.0,20.221218,0.004955,0.193067,-0.965926,0.258819
2026-03-04 23:00:00,2026-03-04 20:00:00,6,2026-02-28 18:00:00,20.0,10.0,9.994,71.267998,298.604248,0.0,298.604248,3.072139,5.581921,9.350334,41.978424,100.0,1547.797119,100.0,0.0,0.007046,2.189452,0.0,0.0,17.148439,0.005022,0.224669,-0.866025,0.5
2026-03-05 00:00:00,2026-03-04 21:00:00,6,2026-02-28 18:00:00,20.0,10.0,9.994,72.142998,298.471466,0.0,298.471466,2.811507,5.379585,8.994226,41.492466,100.0,1546.903564,100.0,0.0,0.006872,2.028306,0.0,0.0,15.124742,0.004958,0.247786,-0.707107,0.707107
2026-03-05 01:00:00,2026-03-04 22:00:00,6,2026-02-28 18:00:00,20.0,10.0,9.994,73.002975,298.10257,0.0,298.10257,2.534286,5.174007,8.526944,41.78043,45.373535,10000.0,45.373535,0.0,0.006679,1.850104,0.0,0.0,13.112416,0.004876,0.277126,-0.5,0.866025
2026-03-05 02:00:00,2026-03-04 23:00:00,6,2026-02-28 18:00:00,20.0,10.0,9.994,75.393562,297.644836,0.0,297.644836,2.034071,4.637655,7.562013,42.495956,2.659473,10000.0,2.659473,0.0,0.005592,1.533559,0.0,0.0,9.433322,0.004216,0.353285,-0.258819,0.965926
2026-03-05 03:00:00,2026-03-05 00:00:00,6,2026-02-28 18:00:00,20.0,10.0,9.994,76.15834,297.385834,0.0,297.385834,1.92476,4.46612,7.214066,42.855194,6.435228,10000.0,6.435228,0.0,0.005426,1.465865,0.0,0.0,8.59621,0.004132,0.376135,0.0,1.0
2026-03-05 04:00:00,2026-03-05 01:00:00,6,2026-02-28 18:00:00,20.0,10.0,9.994,77.276352,297.224945,0.0,297.224945,1.586141,4.225878,6.809655,43.091892,7.950216,10000.0,8.257037,0.0,0.005177,1.225712,0.0,0.0,6.702838,0.004,0.458303,0.258819,0.965926
2026-03-05 05:00:00,2026-03-05 02:00:00,6,2026-02-28 18:00:00,20.0,10.0,9.994,79.232994,296.85965,0.0,296.85965,0.776783,3.811459,6.087988,43.46722,8.114779,10000.0,8.114779,0.0,0.005202,0.615468,0.0,0.0,2.960675,0.004122,0.903679,0.5,0.866025
2026-03-05 06:00:00,2026-03-05 03:00:00,6,2026-02-28 18:00:00,20.0,10.0,9.994,79.569832,296.864838,0.0,296.864838,0.763448,3.743116,5.991115,42.614681,19.148577,10000.0,19.148577,0.0,0.005276,0.607475,0.0,0.0,2.857676,0.004198,0.921535,0.707107,0.707107
2026-03-05 07:00:00,2026-03-05 04:00:00,6,2026-02-28 18:00:00,20.0,10.0,9.994,79.534439,296.861115,0.0,296.861115,0.340448,3.750198,6.000148,42.437378,45.370136,10000.0,45.370136,0.0,0.005822,0.270773,0.0,0.0,1.276746,0.004631,1.805764,0.866025,0.5
2026-03-05 08:00:00,2026-03-05 05:00:00,6,2026-02-28 18:00:00,20.0,10.0,9.994,81.886566,296.312408,0.0,296.312408,0.550015,3.265345,5.137475,43.671062,3.388174,10000.0,3.388174,0.0,0.004423,0.450388,0.0,0.0,1.795988,0.003622,1.259764,0.965926,0.258819
2026-03-05 09:00:00,2026-03-05 06:00:00,6,2026-02-28 18:00:00,20.0,10.0,9.994,83.553787,296.085449,0.0,296.085449,0.371804,2.934652,4.600931,42.844536,0.0,10000.0,0.0,0.0,0.004316,0.310656,0.0,0.0,1.091115,0.003606,1.770943,1.0,0.0
2026-03-05 10:00:00,2026-03-05 07:00:00,6,2026-02-28 18:00:00,20.0,10.0,9.994,80.345192,296.852936,0.0,296.852936,0.36934,3.586109,5.759611,42.176575,0.0,10000.0,0.0,0.0,0.007398,0.296747,0.0,0.0,1.324492,0.005944,1.711877,0.965926,-0.258819
2026-03-05 11:00:00,2026-03-05 08:00:00,6,2026-02-28 18:00:00,20.0,10.0,9.994,70.354698,298.46463,0.0,298.46463,1.467001,5.783926,9.567723,40.800552,0.0,10000.0,0.0,0.0,0.008109,1.032104,0.0,0.0,8.485025,0.005705,0.448977,0.866025,-0.5
2026-03-05 12:00:00,2026-03-05 09:00:00,6,2026-02-28 18:00:00,20.0,10.0,9.994,59.803082,300.105713,0.0,300.105713,2.280201,8.474531,14.296342,41.218311,0.0,10000.0,0.0,0.0,0.008521,1.36363,0.0,0.0,19.323633,0.005096,0.251252,0.707107,-0.707107
2026-03-05 13:00:00,2026-03-05 10:00:00,6,2026-02-28 18:00:00,20.0,10.0,9.994,52.76347,301.516632,0.0,301.516632,1.981032,10.566412,18.245964,42.226372,0.0,10000.0,0.0,0.0,0.008947,1.045261,0.0,0.0,20.932396,0.004721,0.253545,0.5,-0.866025
2026-03-05 14:00:00,2026-03-05 11:00:00,6,2026-02-28 18:00:00,20.0,10.0,9.994,49.660431,302.911377,0.0,302.911377,2.208815,11.641798,21.080458,42.81535,0.0,10000.0,0.0,0.0,0.009132,1.096907,0.0,0.0,25.714582,0.004535,0.215091,0.258819,-0.965926
2026-03-05 15:00:00,2026-03-05 12:00:00,6,2026-02-28 18:00:00,20.0,10.0,9.994,49.437477,303.833069,0.0,303.833069,3.121753,11.790995,22.324743,44.209854,2.704054,10000.0,2.704054,0.0,0.009593,1.543316,0.0,0.0,36.808571,0.004743,0.153449,0.0,-1.0
2026-03-05 16:00:00,2026-03-05 13:00:00,6,2026-02-28 18:00:00,20.0,10.0,9.994,53.274864,303.548096,0.0,303.548096,4.73377,10.566553,20.296331,45.192768,6.728616,10000.0,6.728616,0.0,0.010257,2.52191,0.0,0.0,50.019634,0.005465,0.110214,-0.258819,-0.965926
2026-03-05 17:00:00,2026-03-05 14:00:00,6,2026-02-28 18:00:00,20.0,10.0,9.994,54.270287,303.223541,0.0,303.223541,5.430694,10.243673,19.497183,45.759075,12.686677,10000.0,12.686677,0.0,0.01037,2.947253,0.0,0.0,55.630257,0.005628,0.098126,-0.5,-0.866025
2026-03-05 18:00:00,2026-03-05 15:00:00,6,2026-02-28 18:00:00,20.0,10.0,9.994,56.250183,302.770569,0.0,302.770569,5.555754,9.632908,18.172777,46.690197,6.896439,10000.0,6.896439,0.0,0.010241,3.125122,0.0,0.0,53.518066,0.00576,0.099457,-0.707107,-0.707107
2026-03-05 19:00:00,2026-03-05 16:00:00,6,2026-02-28 18:00:00,20.0,10.0,9.994,58.580017,302.346069,0.0,302.346069,5.536821,8.948328,16.788219,46.730637,2.830989,10000.0,2.830989,0.0,0.009925,3.243471,0.0,0.0,49.545292,0.005814,0.103924,-0.866025,-0.5
2026-03-05 20:00:00,2026-03-05 17:00:00,6,2026-02-28 18:00:00,20.0,10.0,9.994,62.282032,301.3461,0.0,301.3461,4.686133,7.89543,14.42524,46.571774,14.445198,1228.314575,14.445198,5e-06,0.008908,2.918618,0.0,0.0,36.999027,0.005548,0.13013,-0.965926,-0.258819
2026-03-05 21:00:00,2026-03-05 18:00:00,6,2026-02-28 18:00:00,20.0,10.0,9.994,66.463989,300.338745,0.0,300.338745,4.769958,6.789042,12.091817,46.012665,87.759415,1556.006592,87.759415,0.0,0.008283,3.170304,0.0,0.0,32.383442,0.005505,0.136478,-1.0,-0.0
2026-03-05 22:00:00,2026-03-05 19:00:00,6,2026-02-28 18:00:00,20.0,10.0,9.994,66.836456,300.001038,0.0,300.001038,4.350899,6.681946,11.722439,46.778419,86.634468,1554.947754,86.634468,0.0,0.007959,2.907987,0.0,0.0,29.072474,0.00532,0.150164,-0.965926,0.258819
2026-03-05 23:00:00,2026-03-05 20:00:00,6,2026-02-28 18:00:00,20.0,10.0,9.994,72.12014,299.540314,0.0,299.540314,3.749841,5.427244,9.590663,47.696499,40.105289,1937.369141,40.105289,4.5e-05,0.007738,2.704391,0.0,0.00071,20.351305,0.005581,0.187333,-0.866025,0.5
2026-03-06 00:00:00,2026-03-05 21:00:00,6,2026-02-28 18:00:00,10.8684,10.0,,78.473869,298.756958,0.0,298.756958,2.734469,4.022953,7.069191,51.349819,100.0,1554.714355,100.0,0.005518,0.007365,2.145844,0.0,0.10202,11.000641,0.005779,0.276856,-0.707107,0.707107
2026-03-06 01:00:00,2026-03-05 22:00:00,6,2026-02-28 18:00:00,20.0,10.0,,76.851532,298.851135,0.0,298.851135,2.455521,4.367054,7.644609,51.599396,94.401596,1554.839111,100.0,0.0,0.007225,1.887105,0.0,0.0,10.723392,0.005553,0.300727,-0.5,0.866025
2026-03-06 02:00:00,2026-03-05 23:00:00,6,2026-02-28 18:00:00,20.0,10.0,,74.261673,298.983429,0.0,298.983429,2.53305,4.930016,8.566885,51.743187,18.947168,10000.0,18.947168,0.0,0.007214,1.881085,0.0,0.0,12.487975,0.005357,0.282037,-0.258819,0.965926
2026-03-06 03:00:00,2026-03-06 00:00:00,6,2026-02-28 18:00:00,20.0,10.0,,74.438477,298.835297,0.0,298.835297,2.288764,4.886002,8.433569,50.47242,15.660863,10000.0,15.660863,0.0,0.006933,1.703721,0.0,0.0,11.182903,0.005161,0.311619,0.0,1.0
2026-03-06 04:00:00,2026-03-06 01:00:00,6,2026-02-28 18:00:00,20.0,10.0,,73.550812,298.716156,0.0,298.716156,1.581078,5.076342,8.664893,49.789703,20.717009,10000.0,20.717009,0.0,0.006901,1.162896,0.0,0.0,8.026092,0.005076,0.437522,0.258819,0.965926
2026-03-06 05:00:00,2026-03-06 02:00:00,6,2026-02-28 18:00:00,20.0,10.0,,72.98851,298.567413,0.0,298.567413,1.013787,5.195005,8.771181,48.198742,53.054543,10000.0,53.054543,0.0,0.006889,0.739948,0.0,0.0,5.266629,0.005028,0.655318,0.5,0.866025
2026-03-06 06:00:00,2026-03-06 03:00:00,6,2026-02-28 18:00:00,20.0,10.0,,74.707199,298.196655,0.0,298.196655,1.004615,4.804714,8.033654,49.791145,4.454174,10000.0,4.454174,0.0,0.006821,0.75052,0.0,0.0,4.82689,0.005096,0.676319,0.707107,0.707107
2026-03-06 07:00:00,2026-03-06 04:00:00,6,2026-02-28 18:00:00,20.0,10.0,,77.059158,297.903381,0.0,297.903381,0.800002,4.292831,7.160088,49.820206,0.0,10000.0,0.0,0.0,0.006827,0.616475,0.0,0.0,3.434272,0.005261,0.856211,0.866025,0.5
2026-03-06 08:00:00,2026-03-06 05:00:00,6,2026-02-28 18:00:00,20.0,10.0,,78.008804,297.698486,0.0,297.698486,0.864081,4.087933,6.780052,49.566715,0.0,10000.0,25.63936,0.0,0.006786,0.674059,0.0,0.0,3.532305,0.005294,0.809152,0.965926,0.258819
2026-03-06 09:00:00,2026-03-06 06:00:00,6,2026-02-28 18:00:00,20.0,10.0,,78.317047,297.5578,0.0,297.5578,0.275773,4.019798,6.628907,48.960072,0.0,10000.0,0.0,0.0,0.00667,0.215977,0.0,0.0,1.108553,0.005224,2.084157,1.0,0.0
2026-03-06 10:00:00,2026-03-06 07:00:00,6,2026-02-28 18:00:00,20.0,10.0,,73.527618,298.183075,0.0,298.183075,0.552009,5.061497,8.40151,47.542217,0.0,10000.0,0.0,0.0,0.007439,0.405879,0.0,0.0,2.793993,0.005469,1.127708,0.965926,-0.258819
2026-03-06 11:00:00,2026-03-06 08:00:00,6,2026-02-28 18:00:00,20.0,10.0,,65.027596,299.685028,0.0,299.685028,1.001249,7.108484,12.133721,46.001339,0.0,10000.0,0.0,0.0,0.00811,0.651088,0.0,0.0,7.117363,0.005274,0.590489,0.866025,-0.5
2026-03-06 12:00:00,2026-03-06 09:00:00,6,2026-02-28 18:00:00,20.0,10.0,,56.403465,301.459869,0.0,301.459869,0.8646,9.498581,16.784388,45.353436,0.0,10000.0,0.0,0.0,0.008315,0.487664,0.0,0.0,8.212473,0.00469,0.584734,0.707107,-0.707107
2026-03-06 13:00:00,2026-03-06 10:00:00,6,2026-02-28 18:00:00,20.0,10.0,,49.71273,303.135071,0.0,303.135071,0.292222,11.6437,21.33152,45.262741,0.0,10000.0,0.0,0.0,0.008473,0.145272,0.0,0.0,3.402549,0.004212,1.267463,0.5,-0.866025
2026-03-06 14:00:00,2026-03-06 11:00:00,6,2026-02-28 18:00:00,20.0,10.0,,46.546368,304.567627,0.0,304.567627,1.180271,12.819542,24.611879,46.876186,0.0,10000.0,0.0,0.0,0.009016,0.549373,0.0,0.0,15.130527,0.004197,0.363567,0.258819,-0.965926
2026-03-06 15:00:00,2026-03-06 12:00:00,6,2026-02-28 18:00:00,20.0,10.0,,45.276646,305.057159,0.0,305.057159,3.531506,13.306988,25.907278,46.442204,0.0,10000.0,0.0,0.0,0.009769,1.598948,0.0,0.0,46.993713,0.004423,0.124677,0.0,-1.0
2026-03-06 16:00:00,2026-03-06 13:00:00,6,2026-02-28 18:00:00,20.0,10.0,,46.110298,304.970154,0.0,304.970154,4.138782,13.007048,25.386957,45.898037,0.0,10000.0,0.0,0.0,0.010033,1.908405,0.0,0.0,53.83334,0.004626,0.108782,-0.258819,-0.965926
2026-03-06 17:00:00,2026-03-06 14:00:00,6,2026-02-28 18:00:00,20.0,10.0,,48.838039,304.625763,0.0,304.625763,4.694972,12.054234,23.634779,46.365726,0.0,10000.0,0.0,0.0,0.010204,2.292933,0.0,0.0,56.594296,0.004984,0.101853,-0.5,-0.866025
2026-03-06 18:00:00,2026-03-06 15:00:00,6,2026-02-28 18:00:00,20.0,10.0,,50.703918,304.08255,0.0,304.08255,5.161112,11.405565,22.0783,47.195118,0.0,10000.0,0.0,0.0,0.01031,2.616886,0.0,0.0,58.865402,0.005228,0.096375,-0.707107,-0.707107
2026-03-23 12:00:00,2026-03-23 09:00:00,7,2026-03-23 12:00:00,20.0,10.0,9.994,73.147926,298.658875,0.0,298.658875,0.539359,5.163183,8.766976,29.870972,0.0,10000.0,0.0,0.0,0.018248,0.39453,0.0,0.0,2.784808,0.013348,1.144083,0.707107,-0.707107
2026-03-23 13:00:00,2026-03-23 10:00:00,7,2026-03-23 12:00:00,20.0,10.0,9.994,61.039497,300.201874,0.0,300.201874,1.189405,8.153099,13.935175,29.757286,0.0,10000.0,0.0,0.0,0.00876,0.726007,0.0,0.0,9.697339,0.005347,0.473393,0.5,-0.866025
2026-03-23 14:00:00,2026-03-23 11:00:00,7,2026-03-23 12:00:00,20.0,10.0,9.994,52.623795,301.462097,0.0,301.462097,2.832853,10.60433,18.241899,30.362232,0.0,10000.0,0.0,0.0,0.009064,1.490755,0.0,0.0,30.040504,0.00477,0.179429,0.258819,-0.965926
2026-03-23 15:00:00,2026-03-23 12:00:00,7,2026-03-23 12:00:00,20.0,10.0,9.994,50.061108,302.498627,0.0,302.498627,2.974635,11.479696,20.420435,31.45978,0.0,10000.0,0.0,0.0,0.009396,1.489136,0.0,0.0,34.147915,0.004703,0.16282,0.0,-1.0
2026-03-23 16:00:00,2026-03-23 13:00:00,7,2026-03-23 12:00:00,20.0,10.0,9.994,52.300106,302.735535,0.0,302.735535,3.751285,10.800913,19.773554,33.684425,16.703051,10000.0,16.703051,0.0,0.009674,1.961926,0.0,0.0,40.517307,0.00506,0.135799,-0.258819,-0.965926
2026-03-23 17:00:00,2026-03-23 14:00:00,7,2026-03-23 12:00:00,20.0,10.0,9.994,52.677189,303.04126,0.0,303.04126,3.801739,10.709398,19.965935,36.096874,0.0,10000.0,0.0,0.0,0.009795,2.002649,0.0,0.0,40.714333,0.00516,0.13501,-0.5,-0.866025
2026-03-23 18:00:00,2026-03-23 15:00:00,7,2026-03-23 12:00:00,20.0,10.0,9.994,54.900002,302.481873,0.0,302.481873,4.874062,10.003891,18.423922,37.344849,0.0,10000.0,0.0,0.0,0.009946,2.67586,0.0,0.0,48.759586,0.00546,0.110373,-0.707107,-0.707107
2026-03-23 19:00:00,2026-03-23 16:00:00,7,2026-03-23 12:00:00,20.0,10.0,9.994,61.057045,301.56015,0.0,301.56015,5.357198,8.229408,15.080572,40.198105,0.0,10000.0,0.0,0.0,0.00987,3.270947,0.0,0.0,44.086571,0.006026,0.111883,-0.866025,-0.5
2026-03-23 20:00:00,2026-03-23 17:00:00,7,2026-03-23 12:00:00,20.0,10.0,9.994,66.752258,300.32193,0.0,300.32193,4.124826,6.718079,11.976045,39.283428,0.0,10000.0,0.0,0.0,0.008827,2.753414,0.0,0.0,27.710901,0.005892,0.158,-0.965926,-0.258819
2026-03-23 21:00:00,2026-03-23 18:00:00,7,2026-03-23 12:00:00,20.0,10.0,9.994,71.624825,299.554626,0.0,299.554626,3.789603,5.539915,9.769307,40.91692,38.245659,10000.0,38.245659,0.0,0.008167,2.714296,0.0,0.0,20.994076,0.00585,0.184144,-1.0,-0.0
2026-03-23 22:00:00,2026-03-23 19:00:00,7,2026-03-23 12:00:00,20.0,10.0,9.994,74.169968,298.869415,0.0,298.869415,2.295057,4.945951,8.539437,40.016788,0.0,10000.0,6.104393,0.0,0.007321,1.702243,0.0,0.0,11.351243,0.00543,0.309679,-0.965926,0.258819
2026-03-23 23:00:00,2026-03-23 20:00:00,7,2026-03-23 12:00:00,20.0,10.0,9.994,74.05323,298.745667,0.0,298.745667,2.371744,4.96701,8.515219,40.908905,0.0,10000.0,25.945807,0.0,0.007234,1.756353,0.0,0.0,11.780477,0.005357,0.299599,-0.866025,0.5
2026-03-24 00:00:00,2026-03-23 21:00:00,7,2026-03-23 12:00:00,20.0,10.0,9.994,77.000511,298.282776,0.0,298.282776,1.77754,4.31728,7.342857,41.037689,0.0,10000.0,1.593727,0.0,0.007084,1.368715,0.0,0.0,7.674136,0.005455,0.410114,-0.707107,0.707107
2026-03-24 01:00:00,2026-03-23 22:00:00,7,2026-03-23 12:00:00,20.0,10.0,9.994,79.021149,297.827911,0.0,297.827911,1.817551,3.882494,6.518239,39.246502,0.0,10000.0,0.0,0.0,0.007037,1.43625,0.0,0.0,7.056631,0.005561,0.412094,-0.5,0.866025
2026-03-24 02:00:00,2026-03-23 23:00:00,7,2026-03-23 12:00:00,20.0,10.0,9.994,82.216751,297.359863,0.0,297.359863,1.338587,3.225464,5.372514,38.140038,0.0,10000.0,0.0,0.0,0.006974,1.100543,0.0,0.0,4.317565,0.005733,0.57151,-0.258819,0.965926
2026-03-24 03:00:00,2026-03-24 00:00:00,7,2026-03-23 12:00:00,20.0,10.0,9.994,82.877869,297.043793,0.0,297.043793,0.705829,3.087786,5.07544,38.87352,0.0,10000.0,0.0,0.0,0.006807,0.584976,0.0,0.0,2.179447,0.005642,1.02848,0.0,1.0
2026-03-24 04:00:00,2026-03-24 01:00:00,7,2026-03-23 12:00:00,20.0,10.0,9.994,82.68589,296.890564,0.0,296.890564,1.401748,3.12191,5.085213,37.391113,0.0,10000.0,0.0,0.0,0.006605,1.159047,0.0,0.0,4.37613,0.005462,0.550598,0.258819,0.965926
2026-03-24 05:00:00,2026-03-24 02:00:00,7,2026-03-23 12:00:00,20.0,10.0,9.994,79.120827,296.774353,0.0,296.774353,2.119204,3.83189,6.089481,36.712299,0.0,10000.0,0.0,0.0,0.00631,1.676731,0.0,0.0,8.120555,0.004993,0.356528,0.5,0.866025
2026-03-24 06:00:00,2026-03-24 03:00:00,7,2026-03-23 12:00:00,20.0,10.0,9.994,80.060272,296.513794,0.0,296.513794,0.423515,3.634333,5.724745,36.083126,0.0,10000.0,0.0,0.0,0.00552,0.339067,0.0,0.0,1.539193,0.004419,1.529285,0.707107,0.707107
2026-03-24 07:00:00,2026-03-24 04:00:00,7,2026-03-23 12:00:00,20.0,10.0,7.9984,81.328705,296.255157,0.0,296.255157,0.355681,3.374184,5.277383,35.326153,0.0,10000.0,0.0,0.0,0.006172,0.289271,0.0,0.0,1.200134,0.00502,1.784772,0.866025,0.5
2026-03-24 08:00:00,2026-03-24 05:00:00,7,2026-03-23 12:00:00,20.0,10.0,7.9984,81.595901,296.09726,0.0,296.09726,0.810007,3.317387,5.152348,35.16745,0.0,10000.0,0.0,0.0,0.004854,0.660933,0.0,0.0,2.687107,0.003961,0.896651,0.965926,0.258819
2026-03-24 09:00:00,2026-03-24 06:00:00,7,2026-03-23 12:00:00,20.0,10.0,7.9984,82.31794,295.885071,0.0,295.885071,1.175178,3.170374,4.886906,35.548328,0.0,10000.0,0.0,0.0,0.004796,0.967383,0.0,0.0,3.725754,0.003948,0.645541,1.0,0.0
2026-03-24 10:00:00,2026-03-24 07:00:00,7,2026-03-23 12:00:00,20.0,10.0,8.9962,77.089645,296.424103,0.0,296.424103,0.857546,4.239565,6.542063,35.67001,0.0,10000.0,0.0,0.0,0.007912,0.66108,0.0,0.0,3.635624,0.0061,0.805075,0.965926,-0.258819
2026-03-24 11:00:00,2026-03-24 08:00:00,7,2026-03-23 12:00:00,20.0,10.0,9.994,68.071342,298.171936,0.0,298.171936,0.77971,6.300274,10.126429,36.402889,0.0,10000.0,0.0,0.0,0.007919,0.530759,0.0,0.0,4.912388,0.00539,0.773793,0.866025,-0.5
2026-03-24 12:00:00,2026-03-24 09:00:00,7,2026-03-23 12:00:00,20.0,10.0,9.994,57.011707,300.42572,0.0,300.42572,0.225236,9.257042,15.579293,37.245117,0.0,10000.0,0.0,0.0,0.00833,0.128411,0.0,0.0,2.085021,0.004749,1.752933,0.707107,-0.707107
2026-03-24 13:00:00,2026-03-24 10:00:00,7,2026-03-23 12:00:00,20.0,10.0,9.994,53.981049,301.954742,0.0,301.954742,0.991086,10.235893,18.234085,38.23156,0.0,10000.0,0.0,0.0,0.00868,0.534999,0.0,0.0,10.144652,0.004686,0.494746,0.5,-0.866025
2026-03-24 14:00:00,2026-03-24 11:00:00,7,2026-03-23 12:00:00,20.0,10.0,9.994,46.623917,303.623505,0.0,303.623505,1.454537,12.707108,23.285814,38.922108,0.0,10000.0,0.0,0.0,0.008872,0.678162,0.0,0.0,18.482952,0.004136,0.299922,0.258819,-0.965926
2026-03-24 15:00:00,2026-03-24 12:00:00,7,2026-03-23 12:00:00,20.0,10.0,9.994,43.257271,304.754272,0.0,304.754272,1.955238,14.00399,26.405186,39.504303,0.0,10000.0,0.0,0.0,0.009467,0.845783,0.0,0.0,27.38114,0.004095,0.210473,0.0,-1.0
2026-03-24 16:00:00,2026-03-24 13:00:00,7,2026-03-23 12:00:00,20.0,10.0,9.994,40.036552,306.020111,0.0,306.020111,1.754099,15.362038,29.976179,40.994686,0.0,10000.0,0.0,0.0,0.009253,0.702281,0.0,0.0,26.946537,0.003704,0.215935,-0.258819,-0.965926
2026-03-24 17:00:00,2026-03-24 14:00:00,7,2026-03-23 12:00:00,20.0,10.0,9.994,42.175472,305.636383,0.0,305.636383,3.684749,14.495258,28.287912,41.852547,0.0,10000.0,0.0,0.0,0.009464,1.55406,0.0,0.0,53.411388,0.003992,0.111435,-0.5,-0.866025
2026-03-24 18:00:00,2026-03-24 15:00:00,7,2026-03-23 12:00:00,20.0,10.0,9.994,48.845234,304.470642,0.0,304.470642,4.517166,12.038553,23.423666,42.24332,0.0,10000.0,0.0,0.0,0.009509,2.20642,0.0,0.0,54.380138,0.004645,0.105791,-0.707107,-0.707107
2026-03-24 19:00:00,2026-03-24 16:00:00,7,2026-03-23 12:00:00,20.0,10.0,9.994,52.346462,303.838257,0.0,303.838257,4.713911,10.872429,21.046595,42.25351,0.0,10000.0,0.0,0.0,0.009312,2.467565,0.0,0.0,51.251659,0.004875,0.10874,-0.866025,-0.5
2026-03-24 20:00:00,2026-03-24 17:00:00,7,2026-03-23 12:00:00,20.0,10.0,9.994,55.702271,303.210114,0.0,303.210114,4.311731,9.82192,18.872068,42.000744,0.0,10000.0,0.0,0.0,0.008701,2.401732,0.0,0.0,42.349476,0.004846,0.126259,-0.965926,-0.258819
2026-03-24 21:00:00,2026-03-24 18:00:00,7,2026-03-23 12:00:00,20.0,10.0,9.994,62.796177,302.31311,0.0,302.31311,3.421688,7.816921,15.050608,42.221378,0.0,10000.0,0.0,0.0,0.007536,2.148689,0.0,0.0,26.747063,0.004732,0.178313,-1.0,-0.0
2026-03-24 22:00:00,2026-03-24 19:00:00,7,2026-03-23 12:00:00,20.0,10.0,9.994,69.544624,301.766876,0.0,301.766876,2.22321,6.116346,11.936405,42.745937,0.0,10000.0,23.561924,0.0,0.007096,1.546123,0.0,0.0,13.597924,0.004935,0.299347,-0.965926,0.258819
2026-03-24 23:00:00,2026-03-24 20:00:00,7,2026-03-23 12:00:00,20.0,10.0,9.994,72.962173,301.426056,0.0,301.426056,0.483094,5.3111,10.38891,42.783546,0.0,10000.0,12.68568,0.0,0.006811,0.352476,0.0,0.0,2.565763,0.00497,1.251292,-0.866025,0.5
2026-03-25 00:00:00,2026-03-24 21:00:00,7,2026-03-23 12:00:00,20.0,10.0,9.994,70.140038,301.366119,0.0,301.366119,0.793915,5.958517,11.433278,41.457233,0.0,10000.0,0.0,0.0,0.005175,0.556852,0.0,0.0,4.730553,0.00363,0.784639,-0.707107,0.707107
2026-03-25 01:00:00,2026-03-24 22:00:00,7,2026-03-23 12:00:00,20.0,10.0,9.994,73.272095,300.781494,0.0,300.781494,1.001431,5.216433,9.890487,42.045776,0.0,10000.0,0.0,0.0,0.003701,0.73377,0.0,0.0,5.2239,0.002711,0.665244,-0.5,0.866025
2026-03-25 02:00:00,2026-03-24 23:00:00,7,2026-03-23 12:00:00,20.0,10.0,9.994,67.325439,299.799286,0.0,299.799286,1.878093,6.554304,11.413136,44.577251,0.0,10000.0,1.248005,0.0,0.006905,1.264434,0.0,0.0,12.309593,0.004649,0.340355,-0.258819,0.965926
2026-03-25 03:00:00,2026-03-25 00:00:00,7,2026-03-23 12:00:00,20.0,10.0,9.994,69.262962,299.57547,0.0,299.57547,0.397316,6.084898,10.59551,46.373356,0.0,10000.0,0.0,0.0,0.003205,0.275193,0.0,0.0,2.417625,0.00222,1.392737,0.0,1.0
2026-03-25 04:00:00,2026-03-25 01:00:00,7,2026-03-23 12:00:00,20.0,10.0,9.994,71.265526,299.31131,0.0,299.31131,0.226116,5.61161,9.751729,46.307369,0.0,10000.0,0.0,0.0,0.006912,0.161143,0.0,0.0,1.268875,0.004926,2.185281,0.258819,0.965926
2026-03-25 05:00:00,2026-03-25 02:00:00,7,2026-03-23 12:00:00,20.0,10.0,9.994,72.332733,299.055573,0.0,299.055573,0.297131,5.360199,9.248402,44.697273,0.0,10000.0,0.0,0.0,0.006416,0.214923,0.0,0.0,1.592681,0.004641,1.821383,0.5,0.866025
2026-03-25 06:00:00,2026-03-25 03:00:00,7,2026-03-23 12:00:00,20.0,10.0,9.994,72.583496,298.874695,0.0,298.874695,1.304486,5.296995,9.066771,42.67638,0.0,10000.0,0.0,0.0,0.000153,0.946841,0.0,0.0,6.909855,0.000111,0.516798,0.707107,0.707107
2026-03-25 07:00:00,2026-03-25 04:00:00,7,2026-03-23 12:00:00,20.0,10.0,9.994,71.478966,298.652832,0.0,298.652832,0.207253,5.536196,9.308537,41.91431,0.0,10000.0,0.0,0.0,0.004157,0.148143,0.0,0.0,1.147395,0.002972,2.326385,0.866025,0.5
2026-03-25 08:00:00,2026-03-25 05:00:00,7,2026-03-23 12:00:00,20.0,10.0,9.994,78.784668,298.132599,0.0,298.132599,1.101885,3.940075,6.712832,42.63118,0.0,10000.0,0.0,0.0,0.002894,0.868116,0.0,0.0,4.341508,0.00228,0.655509,0.965926,0.258819
2026-03-25 09:00:00,2026-03-25 06:00:00,7,2026-03-23 12:00:00,20.0,10.0,9.994,80.392143,297.981232,0.0,297.981232,0.77042,3.606777,6.14837,43.172352,0.0,10000.0,0.0,0.0,0.002369,0.619357,0.0,0.0,2.778733,0.001904,0.923602,1.0,0.0
2026-03-25 10:00:00,2026-03-25 07:00:00,7,2026-03-23 12:00:00,20.0,10.0,9.994,79.020714,298.481873,0.0,298.481873,0.611741,3.901438,6.777808,43.860699,0.0,10000.0,17.270504,0.0,0.003264,0.483402,0.0,0.0,2.38667,0.00258,1.110245,0.965926,-0.258819
2026-03-25 11:00:00,2026-03-25 08:00:00,7,2026-03-23 12:00:00,20.0,10.0,9.994,66.080582,300.300598,0.0,300.300598,0.401144,6.880825,12.20269,44.392632,0.0,10000.0,0.0,0.0,0.007843,0.265078,0.0,0.0,2.760204,0.005183,1.318594,0.866025,-0.5
2026-03-25 12:00:00,2026-03-25 09:00:00,7,2026-03-23 12:00:00,20.0,10.0,9.994,56.413754,302.46344,0.0,302.46344,0.433085,9.564795,17.786573,44.650539,0.0,10000.0,0.0,0.0,0.00856,0.244319,0.0,0.0,4.142366,0.004829,1.058251,0.707107,-0.707107
2026-03-25 13:00:00,2026-03-25 10:00:00,7,2026-03-23 12:00:00,20.0,10.0,9.994,48.920986,304.165771,0.0,304.165771,0.512886,11.987553,22.985819,45.762653,0.0,10000.0,0.0,0.0,0.008392,0.250909,0.0,0.0,6.148252,0.004105,0.798207,0.5,-0.866025
2026-03-25 14:00:00,2026-03-25 11:00:00,7,2026-03-23 12:00:00,20.0,10.0,9.994,44.894279,305.484467,0.0,305.484467,1.454525,13.483238,26.727392,47.648148,0.0,10000.0,0.0,0.0,0.008775,0.652998,0.0,0.0,19.611704,0.003939,0.288797,0.258819,-0.965926
2026-03-25 15:00:00,2026-03-25 12:00:00,7,2026-03-23 12:00:00,20.0,10.0,9.994,42.695732,306.421967,0.0,306.421967,1.906483,14.379633,29.301748,48.399498,0.0,10000.0,0.0,0.0,0.009281,0.813987,0.0,0.0,27.414532,0.003963,0.212789,0.0,-1.0
2026-03-25 16:00:00,2026-03-25 13:00:00,7,2026-03-23 12:00:00,20.0,10.0,9.994,41.008221,307.0802,0.0,307.0802,2.378537,15.093651,31.297998,48.964321,0.0,10000.0,0.0,0.0,0.009423,0.975396,0.0,0.0,35.90081,0.003864,0.165453,-0.258819,-0.965926
2026-03-25 17:00:00,2026-03-25 14:00:00,7,2026-03-23 12:00:00,20.0,10.0,9.994,40.733437,307.381714,0.0,307.381714,2.658709,15.23345,31.977694,50.103706,0.0,10000.0,0.0,0.0,0.009449,1.082983,0.0,0.0,40.501312,0.003849,0.147654,-0.5,-0.866025
2026-03-25 18:00:00,2026-03-25 15:00:00,7,2026-03-23 12:00:00,20.0,10.0,9.994,41.541939,307.385468,0.0,307.385468,2.524385,14.918409,31.548052,52.041382,0.0,10000.0,0.0,0.0,0.009144,1.048678,0.0,0.0,37.659801,0.003799,0.158292,-0.707107,-0.707107
2026-03-25 19:00:00,2026-03-25 16:00:00,7,2026-03-23 12:00:00,20.0,10.0,9.994,50.985603,305.757355,0.0,305.757355,3.164193,11.452257,24.142313,53.756565,25.571405,10000.0,25.571409,0.0,0.008111,1.613283,0.0,0.0,36.237144,0.004136,0.156197,-0.866025,-0.5
2026-03-25 20:00:00,2026-03-25 17:00:00,7,2026-03-23 12:00:00,20.0,10.0,9.994,54.365833,305.636505,0.0,305.636505,2.876601,10.393162,22.324511,53.204563,0.0,10000.0,0.0,0.0,0.008079,1.563888,0.0,0.0,29.896975,0.004392,0.182644,-0.965926,-0.258819
2026-03-25 21:00:00,2026-03-25 18:00:00,7,2026-03-23 12:00:00,20.0,10.0,9.994,51.612686,305.31012,0.0,305.31012,1.480626,11.217182,23.238424,52.138035,0.0,10000.0,0.0,0.0,0.007129,0.764191,0.0,0.0,16.60845,0.003679,0.326533,-1.0,-0.0
2026-03-25 22:00:00,2026-03-25 19:00:00,7,2026-03-23 12:00:00,20.0,10.0,9.994,61.025681,303.871613,0.0,303.871613,3.194989,8.376446,17.246233,53.314724,0.0,10000.0,21.960464,0.0,0.00754,1.949764,0.0,0.0,26.762653,0.004601,0.185208,-0.965926,0.258819
2026-03-25 23:00:00,2026-03-25 20:00:00,7,2026-03-23 12:00:00,20.0,10.0,9.994,64.645096,302.526031,0.0,302.526031,3.529206,7.35388,14.479835,53.956966,0.0,10000.0,0.0,0.0,0.00813,2.281458,0.0,0.0,25.953354,0.005256,0.178125,-0.866025,0.5
2026-03-26 00:00:00,2026-03-25 21:00:00,7,2026-03-23 12:00:00,20.0,10.0,,63.970863,302.032471,0.0,302.032471,1.870488,7.498869,14.340337,52.073086,0.0,10000.0,0.0,0.0,0.007159,1.196568,0.0,0.0,14.026547,0.004579,0.324645,-0.707107,0.707107
2026-03-26 01:00:00,2026-03-25 22:00:00,7,2026-03-23 12:00:00,20.0,10.0,,60.922092,301.78653,0.0,301.78653,1.358618,8.278774,15.333344,51.086273,0.0,10000.0,0.0,0.0,0.007075,0.827699,0.0,0.0,11.247696,0.00431,0.41767,-0.5,0.866025
2026-03-26 02:00:00,2026-03-25 23:00:00,7,2026-03-23 12:00:00,20.0,10.0,,64.44136,301.208221,0.0,301.208221,1.163337,7.335135,13.490498,50.276573,0.0,10000.0,10.763797,0.0,0.006919,0.74967,0.0,0.0,8.533236,0.004459,0.510088,-0.258819,0.965926
2026-03-26 03:00:00,2026-03-26 00:00:00,7,2026-03-23 12:00:00,20.0,10.0,,68.398102,300.524323,0.0,300.524323,1.142644,6.332067,11.519212,48.598133,0.0,10000.0,0.0,0.0,0.006869,0.781547,0.0,0.0,7.235297,0.004698,0.550424,0.0,1.0
2026-03-26 04:00:00,2026-03-26 01:00:00,7,2026-03-23 12:00:00,20.0,10.0,,68.499603,300.291534,0.0,300.291534,0.919347,6.297195,11.326403,47.256184,0.0,10000.0,0.0,0.0,0.003937,0.629749,0.0,0.0,5.789307,0.002697,0.671995,0.258819,0.965926
2026-03-26 05:00:00,2026-03-26 02:00:00,7,2026-03-23 12:00:00,20.0,10.0,,74.672279,299.914215,0.0,299.914215,1.606095,4.873577,8.907025,47.242027,0.0,10000.0,0.0,0.0,0.004005,1.199307,0.0,0.0,7.827426,0.002991,0.43768,0.5,0.866025
2026-03-26 06:00:00,2026-03-26 03:00:00,7,2026-03-23 12:00:00,20.0,10.0,,72.415588,299.598816,0.0,299.598816,1.699021,5.363016,9.52187,46.979866,0.0,10000.0,0.0,0.0,0.006199,1.230356,0.0,0.0,9.111876,0.004489,0.402528,0.707107,0.707107
2026-03-26 07:00:00,2026-03-26 04:00:00,7,2026-03-23 12:00:00,20.0,10.0,,72.810341,299.181244,0.0,299.181244,1.522003,5.258274,9.156684,46.699699,0.0,10000.0,0.0,0.0,0.006849,1.108176,0.0,0.0,8.003109,0.004987,0.448891,0.866025,0.5
2026-03-26 08:00:00,2026-03-26 05:00:00,7,2026-03-23 12:00:00,20.0,10.0,,73.390572,298.83194,0.0,298.83194,0.635319,5.116064,8.777555,46.729614,0.0,10000.0,0.0,0.0,0.006822,0.466264,0.0,0.0,3.250331,0.005007,0.998078,0.965926,0.258819
2026-03-26 09:00:00,2026-03-26 06:00:00,7,2026-03-23 12:00:00,20.0,10.0,,73.660645,298.781677,0.0,298.781677,0.543164,5.054594,8.662571,46.349506,0.0,10000.0,0.0,0.0,0.006394,0.400098,0.0,0.0,2.745476,0.00471,1.145285,1.0,0.0
2026-03-26 10:00:00,2026-03-26 07:00:00,7,2026-03-23 12:00:00,20.0,10.0,,71.486626,299.287231,0.0,299.287231,0.438354,5.560373,9.662915,44.797474,0.0,10000.0,0.0,0.0,0.006889,0.313364,0.0,0.0,2.437411,0.004924,1.327875,0.965926,-0.258819
2026-03-26 11:00:00,2026-03-26 08:00:00,7,2026-03-23 12:00:00,20.0,10.0,,65.957558,300.917206,0.0,300.917206,0.776551,6.942154,12.697596,42.657616,0.0,10000.0,0.0,0.0,0.007637,0.512194,0.0,0.0,5.390934,0.005037,0.752467,0.866025,-0.5
2026-03-26 12:00:00,2026-03-26 09:00:00,7,2026-03-23 12:00:00,20.0,10.0,,55.244457,302.816986,0.0,302.816986,0.524602,9.927279,18.640369,40.734814,0.0,10000.0,0.0,0.0,0.007916,0.289814,0.0,0.0,5.207874,0.004373,0.884474,0.707107,-0.707107
