datetime,vel_vento,dir_vento,temp_ar,temp_orvalho,pressao,vis,clima,categ_nuvem,altura_nuvem,lmlt,umidade_relativa
2026-01-01T00:00:00Z,3.0866682,120,29,22,1010,10000,Sem Info,No,0.0,31.136,0.66
2026-01-01T01:00:00Z,1.0288894,90,28,23,1011,10000,Sem Info,No,0.0,31.004,0.74
2026-01-01T02:00:00Z,0.5144447,160,28,23,1010,10000,Sem Info,No,0.0,30.885,0.74
2026-01-01T03:00:00Z,0.5144447,10,27,23,1010,10000,Sem Info,No,0.0,30.775,0.79
2026-01-01T04:00:00Z,1.0288894,290,27,24,1009,10000,Sem Info,No,0.0,30.665,0.84
2026-01-01T05:00:00Z,2.5722235,280,28,23,1009,10000,Sem Info,No,0.0,30.555,0.74
2026-01-01T06:00:00Z,3.0866682,280,27,23,1008,10000,Sem Info,No,0.0,30.448,0.79
2026-01-01T07:00:00Z,3.0866682,280,27,24,1008,10000,Sem Info,No,0.0,30.336,0.84
2026-01-01T08:00:00Z,1.5433341,310,27,23,1008,8000,Sem Info,No,0.0,30.22,0.79
2026-01-01T09:00:00Z,2.0577788,330,27,24,1008,6000,Sem Info,No,0.0,30.117,0.84
2026-01-01T10:00:00Z,2.0577788,340,28,24,1009,7000,Sem Info,No,0.0,30.089,0.79
2026-01-01T11:00:00Z,2.5722235,360,29,24,1009,8000,Sem Info,No,0.0,30.121,0.74
2026-01-01T12:00:00Z,1.0288894,60,33,23,1008,10000,Sem Info,No,0.0,30.197,0.56
2026-01-01T13:00:00Z,2.5722235,40,34,24,1008,10000,Sem Info,No,0.0,30.262,0.56
2026-01-01T14:00:00Z,1.5433341,20,35,22,1008,10000,Sem Info,No,0.0,30.306,0.47
2026-01-01T15:00:00Z,3.6011129,130,36,24,1007,10000,Sem Info,No,0.0,30.229,0.5
2026-01-01T16:00:00Z,5.6588917,120,34,24,1006,10000,Sem Info,No,0.0,30.244,0.56
2026-01-01T17:00:00Z,6.1733364,120,34,24,1005,10000,Sem Info,No,0.0,30.226,0.56
2026-01-01T18:00:00Z,7.2022258,140,32,23,1005,10000,Sem Info,No,0.0,30.234,0.59
2026-01-01T19:00:00Z,5.6588917,80,31,23,1005,10000,Sem Info,No,0.0,30.256,0.62
2026-01-01T20:00:00Z,5.144447,140,31,23,1005,10000,Sem Info,Few,762.0,30.272,0.62
2026-01-01T21:00:00Z,3.6011129,110,30,23,1005,9000,Sem Info,Few,762.0,30.214,0.66
2026-01-01T22:00:00Z,4.1155576,60,29,24,1006,10000,Sem Info,Few,762.0,29.982,0.74
2026-01-01T23:00:00Z,3.0866682,70,29,23,1006,10000,Sem Info,Few,762.0,29.907,0.7
2026-01-02T00:00:00Z,1.0288894,320,29,23,1007,10000,Sem Info,Few,762.0,29.84,0.7
2026-01-02T01:00:00Z,2.5722235,80,28,25,1007,10000,Sem Info,Few,762.0,29.778,0.84
2026-01-02T02:00:00Z,4.1155576,60,28,25,1006,10000,Sem Info,Few,762.0,29.711,0.84
2026-01-02T03:00:00Z,2.5722235,90,28,24,1006,10000,Sem Info,Few,762.0,29.635,0.79
2026-01-02T04:00:00Z,2.5722235,60,27,24,1005,10000,Sem Info,Few,762.0,29.556,0.84
2026-01-02T05:00:00Z,2.5722235,90,27,24,1005,10000,Sem Info,Few,762.0,29.475,0.84
2026-01-02T06:00:00Z,2.0577788,150,26,23,1005,10000,Sem Info,Few,762.0,29.388,0.84
2026-01-02T07:00:00Z,2.5722235,190,26,23,1004,8000,Sem Info,Few,762.0,29.298,0.84
2026-01-02T08:00:00Z,5.144447,270,27,23,1005,8000,Sem Info,Few,762.0,29.205,0.79
2026-01-02T09:00:00Z,3.0866682,280,27,23,1005,8000,Sem Info,Few,762.0,29.119,0.79
2026-01-02T10:00:00Z,2.5722235,270,28,23,1006,10000,Sem Info,Few,762.0,29.029,0.74
2026-01-02T11:00:00Z,1.5433341,340,30,23,1005,10000,Sem Info,Few,762.0,28.985,0.66
2026-01-02T12:00:00Z,1.0288894,340,30,23,1006,10000,Sem Info,Few,762.0,28.951,0.66
2026-01-02T13:00:00Z,2.0577788,20,32,23,1005,10000,Sem Info,Few,762.0,28.953,0.59
2026-01-02T14:00:00Z,3.6011129,40,31,24,1005,10000,Sem Info,Few,762.0,28.95,0.66
2026-01-02T15:00:00Z,3.0866682,30,32,24,1004,10000,Sem Info,Few,762.0,28.947,0.63
2026-01-02T16:00:00Z,2.0577788,30,36,21,1003,10000,Sem Info,Few,762.0,29.083,0.42
2026-01-02T17:00:00Z,2.0577788,30,37,20,1002,10000,Sem Info,Scattered,762.0,29.277,0.37
2026-01-02T18:00:00Z,5.144447,130,34,22,1002,10000,Sem Info,Scattered,762.0,29.605,0.5
2026-01-02T19:00:00Z,5.6588917,130,32,23,1001,10000,Sem Info,Broken,762.0,29.727,0.59
2026-01-02T20:00:00Z,6.6877811,210,33,19,1002,10000,Sem Info,Few,914.4,29.751,0.44
2026-01-02T21:00:00Z,4.6300023,220,32,19,1003,10000,Sem Info,Few,914.4,29.698,0.46
2026-01-02T22:00:00Z,4.1155576,50,27,23,1004,10000,Sem Info,Few,914.4,29.402,0.79
2026-01-02T23:00:00Z,1.5433341,340,28,23,1005,7000,Light intensity: Thunderstorm Rain,Few,914.4,29.322,0.74
2026-01-02T23:27:00Z,2.5722235,310,26,23,1006,4000,Light intensity: Thunderstorm Rain,Few,944.88,25.825,0.84
2026-01-03T00:00:00Z,3.0866682,270,26,23,1006,5000,Light intensity: Rain,Few,762.0,29.235,0.84
2026-01-03T01:00:00Z,1.5433341,40,25,24,1006,5000,Light intensity: Rain,Few,731.52,29.15,0.94
2026-01-03T02:00:00Z,1.0288894,160,25,24,1005,7000,Light intensity: Rain,Few,1219.2,29.07,0.94
2026-01-03T03:00:00Z,1.0288894,100,25,24,1005,7000,Light intensity: Rain,Few,243.84,28.984,0.94
2026-01-03T04:00:00Z,1.0288894,160,25,24,1004,7000,Sem Info,Few,243.84,28.902,0.94
2026-01-03T05:00:00Z,1.0288894,270,25,24,1004,7000,Sem Info,Broken,274.32,28.817,0.94
2026-01-03T06:00:00Z,0.5144447,260,26,24,1004,7000,Sem Info,Broken,274.32,28.733,0.89
2026-01-03T07:00:00Z,1.5433341,330,26,24,1003,7000,Sem Info,Broken,274.32,28.65,0.89
2026-01-03T07:07:00Z,2.0577788,310,26,24,1005,7000,Sem Info,Few,274.32,25.654,0.89
2026-01-03T08:00:00Z,2.0577788,310,25,23,1005,7000,Sem Info,Few,274.32,28.571,0.89
2026-01-03T09:00:00Z,2.5722235,340,25,23,1005,8000,Sem Info,Few,274.32,28.499,0.89
2026-01-03T10:00:00Z,1.5433341,360,26,24,1005,10000,Sem Info,Scattered,1066.8,28.467,0.89
2026-01-03T11:00:00Z,1.0288894,360,27,24,1005,10000,Sem Info,Few,914.4,28.448,0.84
2026-01-03T12:00:00Z,1.5433341,360,29,24,1005,10000,Sem Info,Few,914.4,28.496,0.74
2026-01-03T13:00:00Z,2.0577788,340,30,24,1005,10000,Sem Info,Few,914.4,28.524,0.7
2026-01-03T14:00:00Z,2.5722235,70,32,23,1005,10000,Sem Info,Few,914.4,28.742,0.59
2026-01-03T15:00:00Z,4.1155576,130,31,24,1005,10000,Sem Info,Scattered,914.4,29.277,0.66
2026-01-03T16:00:00Z,2.5722235,110,33,23,1004,10000,Sem Info,Scattered,914.4,29.801,0.56
2026-01-03T17:00:00Z,5.6588917,130,33,23,1003,10000,Sem Info,Scattered,914.4,29.975,0.56
2026-01-03T18:00:00Z,7.716670499999999,120,30,24,1003,10000,Sem Info,Scattered,914.4,30.015,0.7
2026-01-03T19:00:00Z,5.6588917,130,29,24,1003,10000,Sem Info,Few,762.0,30.039,0.74
2026-01-03T20:00:00Z,5.144447,80,28,24,1005,9000,Thunderstorm,Few,914.4,29.99,0.79
2026-01-03T21:00:00Z,3.0866682,110,28,24,1005,10000,Recent: Thunderstorm,Few,457.2,29.897,0.79
2026-01-03T22:00:00Z,4.1155576,90,28,24,1006,10000,Sem Info,Few,914.4,29.666,0.79
2026-01-03T23:00:00Z,2.5722235,50,27,24,1007,10000,Sem Info,Few,914.4,29.551,0.84
2026-01-04T00:00:00Z,2.5722235,70,27,24,1007,10000,Sem Info,Few,914.4,29.438,0.84
2026-01-04T01:00:00Z,2.0577788,100,26,24,1007,10000,Sem Info,Few,457.2,29.325,0.89
2026-01-04T02:00:00Z,1.0288894,100,26,24,1007,10000,Sem Info,Few,457.2,29.207,0.89
2026-01-04T03:00:00Z,1.5433341,10,26,24,1007,10000,Sem Info,Few,457.2,29.093,0.89
2026-01-04T04:00:00Z,1.0288894,10,26,24,1007,10000,Sem Info,Few,457.2,28.981,0.89
2026-01-04T05:00:00Z,1.0288894,10,26,24,1006,10000,Sem Info,Few,457.2,28.876,0.89
2026-01-04T06:00:00Z,3.0866682,250,27,22,1006,10000,Sem Info,Few,457.2,28.776,0.74
2026-01-04T07:00:00Z,1.5433341,290,27,21,1006,10000,Sem Info,Few,457.2,28.679,0.7
2026-01-04T08:00:00Z,2.5722235,360,26,23,1007,8000,Sem Info,Few,457.2,28.588,0.84
2026-01-04T09:00:00Z,1.0288894,360,26,23,1007,10000,Sem Info,Few,457.2,28.506,0.84
2026-01-04T10:00:00Z,1.0288894,360,27,23,1008,10000,Sem Info,Few,457.2,28.45,0.79
2026-01-04T11:00:00Z,2.5722235,10,27,22,1009,10000,Sem Info,Scattered,548.64,28.451,0.74
2026-01-04T12:00:00Z,2.5722235,120,27,22,1010,10000,Sem Info,Scattered,548.64,28.479,0.74
2026-01-04T13:00:00Z,4.6300023,130,29,23,1010,10000,Sem Info,Scattered,548.64,28.372,0.7
2026-01-04T14:00:00Z,6.1733364,130,28,23,1010,10000,Sem Info,Few,548.64,28.235,0.74
2026-01-04T15:00:00Z,6.1733364,140,28,24,1010,9000,Sem Info,Scattered,548.64,28.018,0.79
2026-01-04T16:00:00Z,7.716670499999999,150,29,21,1010,10000,Sem Info,Scattered,609.6,27.928,0.62
2026-01-04T17:00:00Z,8.2311152,140,28,20,1010,10000,Sem Info,Scattered,609.6,27.844,0.62
2026-01-04T18:00:00Z,8.2311152,150,27,21,1010,9000,Sem Info,Scattered,609.6,27.743,0.7
2026-01-04T19:00:00Z,7.716670499999999,150,26,19,1010,10000,Sem Info,Broken,670.56,27.726,0.65
2026-01-04T20:00:00Z,6.6877811,150,26,20,1011,9000,Sem Info,Broken,670.56,27.693,0.7
2026-01-04T21:00:00Z,5.6588917,150,25,19,1012,10000,Sem Info,Broken,670.56,27.611,0.69
2026-01-04T22:00:00Z,5.144447,150,25,19,1013,10000,Sem Info,Broken,670.56,27.36,0.69
2026-01-04T23:00:00Z,4.1155576,150,23,20,1014,9000,Light intensity: Drizzle,Few,304.8,27.251,0.83
2026-01-05T00:00:00Z,5.144447,150,23,19,1014,10000,Sem Info,Few,304.8,27.14,0.78
2026-01-05T01:00:00Z,5.144447,150,23,19,1015,10000,Sem Info,Few,365.76,27.031,0.78
2026-01-05T02:00:00Z,5.144447,160,23,19,1015,10000,Sem Info,Few,365.76,26.923,0.78
2026-01-05T02:42:00Z,2.0577788,160,22,19,1015,4000,Light intensity: Rain,Scattered,304.8,22.191,0.83
2026-01-05T03:00:00Z,3.6011129,160,22,20,1015,4000,Light intensity: Rain,Broken,243.84,26.817,0.88
2026-01-05T04:00:00Z,4.1155576,140,22,20,1015,8000,Sem Info,Broken,304.8,26.713,0.88
2026-01-05T04:17:00Z,4.1155576,140,22,20,1014,2500,Light intensity: Rain,Scattered,243.84,22.182,0.88
2026-01-05T05:00:00Z,3.6011129,140,21,20,1014,5000,Mist (French: Brume),Scattered,121.92,26.612,0.94
2026-01-05T06:00:00Z,3.0866682,160,21,19,1014,10000,Sem Info,Scattered,365.76,26.51,0.88
2026-01-05T07:00:00Z,2.5722235,160,22,18,1014,10000,Sem Info,Broken,609.6,26.409,0.78
2026-01-05T08:00:00Z,2.5722235,140,21,18,1015,5000,Mist (French: Brume),Broken,457.2,26.31,0.83
2026-01-05T08:14:00Z,2.5722235,120,21,19,1005,2000,Light intensity: Rain,Broken,335.28,21.089,0.88
2026-01-05T09:00:00Z,2.5722235,120,21,19,1015,6000,Sem Info,Broken,457.2,26.216,0.88
2026-01-05T09:35:00Z,2.5722235,120,21,20,1016,4000,Light intensity: Rain,Scattered,182.88,21.048,0.94
2026-01-05T10:00:00Z,3.0866682,120,21,19,1016,10000,Sem Info,Few,182.88,26.109,0.88
2026-01-05T11:00:00Z,3.6011129,80,22,18,1016,9000,Sem Info,Few,365.76,26.034,0.78
2026-01-05T12:00:00Z,3.6011129,30,23,18,1017,10000,Sem Info,Scattered,701.04,25.992,0.73
2026-01-05T13:00:00Z,4.1155576,360,23,19,1017,10000,Sem Info,Scattered,396.24,26.101,0.78
2026-01-05T14:00:00Z,3.6011129,10,24,17,1017,10000,Sem Info,Scattered,701.04,26.199,0.65
2026-01-05T15:00:00Z,4.6300023,40,25,17,1017,10000,Sem Info,Broken,914.4,26.293,0.61
2026-01-05T16:00:00Z,6.6877811,100,24,17,1017,9000,Sem Info,Broken,792.48,26.281,0.65
2026-01-05T17:00:00Z,3.0866682,30,24,17,1016,8000,Sem Info,Broken,792.48,26.241,0.65
2026-01-05T18:00:00Z,2.5722235,40,25,17,1016,10000,Sem Info,Broken,792.48,26.183,0.61
2026-01-05T19:00:00Z,5.144447,100,24,17,1016,10000,Sem Info,Broken,1005.84,26.109,0.65
2026-01-05T20:00:00Z,3.0866682,60,23,18,1016,10000,Sem Info,Broken,1005.84,26.015,0.73
2026-01-05T21:00:00Z,2.5722235,90,24,18,1017,10000,Sem Info,Few,243.84,25.901,0.69
2026-01-05T22:00:00Z,5.144447,60,24,17,1017,8000,Sem Info,Few,335.28,25.772,0.65
2026-01-05T23:00:00Z,3.6011129,90,24,17,1018,10000,Sem Info,Few,335.28,25.661,0.65
2026-01-06T00:00:00Z,3.0866682,90,24,17,1018,10000,Sem Info,Broken,914.4,25.557,0.65
2026-01-06T01:00:00Z,3.0866682,90,24,18,1018,10000,Sem Info,Scattered,914.4,25.462,0.69
2026-01-06T02:00:00Z,2.5722235,100,23,18,1018,10000,Sem Info,Scattered,914.4,25.37,0.73
2026-01-06T03:00:00Z,2.5722235,100,23,18,1017,10000,Sem Info,Scattered,1066.8,25.282,0.73
2026-01-06T04:00:00Z,2.0577788,100,22,18,1017,10000,Sem Info,Few,1066.8,25.197,0.78
2026-01-06T05:00:00Z,1.5433341,120,22,18,1017,10000,Sem Info,Few,1066.8,25.113,0.78
2026-01-06T06:00:00Z,1.5433341,100,22,17,1016,10000,Sem Info,No,0.0,25.026,0.73
2026-01-06T07:00:00Z,2.0577788,90,22,17,1017,10000,Sem Info,Few,609.6,24.942,0.73
2026-01-06T08:00:00Z,2.0577788,90,22,18,1017,10000,Sem Info,Scattered,609.6,24.858,0.78
2026-01-06T09:00:00Z,1.5433341,100,22,19,1017,10000,Sem Info,Few,609.6,24.785,0.83
2026-01-06T10:00:00Z,2.5722235,90,23,19,1018,10000,Sem Info,Few,609.6,24.755,0.78
2026-01-06T11:00:00Z,3.0866682,90,25,17,1018,10000,Sem Info,Few,609.6,24.735,0.61
2026-01-06T12:00:00Z,2.5722235,70,25,18,1018,10000,Sem Info,Few,762.0,24.753,0.65
2026-01-06T13:00:00Z,3.6011129,60,26,17,1019,10000,Sem Info,Few,853.4399999999999,24.784,0.58
2026-01-06T14:00:00Z,4.1155576,50,26,18,1018,10000,Sem Info,Few,975.36,24.813,0.61
2026-01-06T15:00:00Z,4.1155576,60,26,18,1018,10000,Sem Info,Few,1066.8,24.848,0.61
2026-01-06T16:00:00Z,5.6588917,30,27,18,1018,10000,Sem Info,Scattered,1371.6,24.864,0.58
2026-01-06T17:00:00Z,5.6588917,60,26,18,1017,10000,Sem Info,Scattered,1402.08,24.88,0.61
2026-01-06T18:00:00Z,5.144447,70,26,18,1017,10000,Sem Info,Scattered,975.36,24.871,0.61
2026-01-06T19:00:00Z,4.6300023,80,27,17,1017,10000,Sem Info,Few,792.48,24.861,0.54
2026-01-06T20:00:00Z,5.144447,50,27,17,1016,10000,Sem Info,Few,1097.28,24.829,0.54
2026-01-06T21:00:00Z,5.6588917,60,26,17,1017,10000,Sem Info,Few,1097.28,24.776,0.58
2026-01-06T22:00:00Z,3.6011129,100,25,18,1016,10000,Sem Info,No,0.0,24.73,0.65
2026-01-06T23:00:00Z,4.6300023,110,24,19,1017,10000,Sem Info,Few,1005.84,24.668,0.74
2026-01-07T00:00:00Z,4.6300023,110,24,18,1017,10000,Sem Info,Scattered,1402.08,24.61,0.69
2026-01-07T01:00:00Z,3.0866682,100,24,19,1018,10000,Sem Info,Scattered,1402.08,24.556,0.74
2026-01-07T02:00:00Z,3.6011129,90,23,19,1017,10000,Sem Info,Scattered,1402.08,24.507,0.78
2026-01-07T03:00:00Z,3.6011129,100,23,19,1017,10000,Sem Info,Few,1402.08,24.464,0.78
2026-01-07T04:00:00Z,3.0866682,110,23,19,1016,10000,Sem Info,Few,1402.08,24.419,0.78
2026-01-07T05:00:00Z,2.5722235,150,22,19,1016,10000,Sem Info,Few,1402.08,24.376,0.83
2026-01-07T06:00:00Z,2.5722235,180,22,19,1015,10000,Sem Info,Few,1402.08,24.333,0.83
2026-01-07T07:00:00Z,2.0577788,210,22,18,1015,8000,Sem Info,Few,1402.08,24.289,0.78
2026-01-07T08:00:00Z,1.5433341,70,23,19,1015,8000,Sem Info,Few,1402.08,24.244,0.78
2026-01-07T09:00:00Z,2.0577788,140,23,19,1016,8000,Sem Info,Few,1402.08,24.204,0.78
2026-01-07T10:00:00Z,3.0866682,90,23,19,1016,10000,Sem Info,Few,1402.08,24.207,0.78
2026-01-07T11:00:00Z,1.0288894,90,24,20,1016,10000,Sem Info,Few,1371.6,24.34,0.78
2026-01-07T12:00:00Z,2.5722235,40,25,20,1017,10000,Sem Info,Few,762.0,24.481,0.74
2026-01-07T13:00:00Z,1.0288894,40,26,20,1017,10000,Sem Info,Few,762.0,24.605,0.7
2026-01-07T14:00:00Z,2.5722235,40,27,19,1017,10000,Sem Info,Few,762.0,24.685,0.62
2026-01-07T15:00:00Z,3.0866682,40,25,22,1017,10000,Light intensity: Rain,Broken,914.4,24.77,0.83
2026-01-07T16:00:00Z,2.5722235,60,24,22,1017,8000,Light intensity: Rain,Broken,1371.6,24.83,0.89
2026-01-07T17:00:00Z,1.5433341,140,24,21,1016,10000,Light intensity: Rain,Broken,1371.6,24.871,0.83
2026-01-07T18:00:00Z,2.5722235,90,24,22,1015,10000,Sem Info,Few,304.8,24.941,0.89
2026-01-07T19:00:00Z,4.1155576,80,24,22,1014,10000,Sem Info,Few,304.8,24.957,0.89
2026-01-07T20:00:00Z,3.0866682,60,25,22,1015,10000,Light intensity: Rain,Few,243.84,24.958,0.83
2026-01-07T21:00:00Z,1.5433341,50,25,21,1014,10000,Sem Info,Few,457.2,24.95,0.78
2026-01-07T22:00:00Z,2.0577788,130,24,22,1014,10000,Sem Info,Few,243.84,24.923,0.89
2026-01-07T23:00:00Z,1.0288894,130,25,22,1015,10000,Sem Info,Few,457.2,24.902,0.83
2026-01-08T00:00:00Z,1.0288894,110,24,22,1015,10000,Sem Info,Few,457.2,24.879,0.89
2026-01-08T01:00:00Z,3.0866682,130,24,22,1015,10000,Sem Info,Few,457.2,24.85,0.89
2026-01-08T02:00:00Z,2.5722235,330,25,22,1015,10000,Sem Info,Few,457.2,24.816,0.83
2026-01-08T03:00:00Z,1.0288894,330,24,22,1014,10000,Sem Info,Few,457.2,24.773,0.89
2026-01-08T04:00:00Z,1.0288894,80,24,22,1014,10000,Sem Info,Few,457.2,24.724,0.89
2026-01-08T05:00:00Z,1.5433341,130,23,22,1014,10000,Sem Info,Few,457.2,24.674,0.94
2026-01-08T06:00:00Z,1.0288894,120,23,22,1014,10000,Sem Info,Few,457.2,24.623,0.94
2026-01-08T07:00:00Z,2.5722235,70,23,22,1014,10000,Sem Info,Few,457.2,24.569,0.94
2026-01-08T08:00:00Z,1.0288894,20,23,22,1014,10000,Sem Info,Few,457.2,24.512,0.94
2026-01-08T09:00:00Z,1.0288894,20,23,22,1014,10000,Sem Info,Few,457.2,24.462,0.94
2026-01-08T10:00:00Z,1.0288894,20,24,23,1015,10000,Sem Info,Few,457.2,24.459,0.94
2026-01-08T11:00:00Z,2.5722235,20,25,22,1015,10000,Sem Info,Few,609.6,24.576,0.83
2026-01-08T12:00:00Z,2.0577788,350,27,22,1015,10000,Sem Info,No,0.0,24.684,0.74
2026-01-08T13:00:00Z,2.5722235,350,30,22,1015,10000,Sem Info,Few,609.6,24.843,0.62
2026-01-08T14:00:00Z,3.0866682,10,32,21,1015,10000,Sem Info,Few,609.6,25.057,0.52
2026-01-08T15:00:00Z,2.5722235,40,32,21,1014,10000,Sem Info,Few,609.6,25.305,0.52
2026-01-08T16:00:00Z,2.5722235,230,24,20,1014,10000,Sem Info,Few,1463.04,25.593,0.78
2026-01-08T17:00:00Z,2.5722235,330,33,19,1013,10000,Sem Info,Few,1463.04,25.905,0.44
2026-01-08T18:00:00Z,4.1155576,130,33,20,1013,10000,Sem Info,Few,975.36,26.133,0.46
2026-01-08T19:00:00Z,4.6300023,130,31,20,1013,10000,Sem Info,Few,1463.04,26.221,0.52
2026-01-08T20:00:00Z,2.5722235,140,33,20,1013,10000,Sem Info,Few,1463.04,26.218,0.46
2026-01-08T21:00:00Z,3.6011129,150,31,19,1013,10000,Sem Info,Few,1463.04,26.226,0.49
2026-01-08T22:00:00Z,3.0866682,140,29,20,1013,10000,Sem Info,No,0.0,26.146,0.58
2026-01-08T23:00:00Z,2.5722235,140,28,21,1013,10000,Sem Info,No,0.0,26.118,0.66
2026-01-09T00:00:00Z,3.0866682,90,27,22,1013,10000,Sem Info,No,0.0,26.087,0.74
2026-01-09T01:00:00Z,1.5433341,280,27,22,1014,10000,Sem Info,No,0.0,26.054,0.74
2026-01-09T02:00:00Z,1.5433341,100,26,22,1015,10000,Sem Info,No,0.0,26.019,0.79
2026-01-09T03:00:00Z,2.0577788,60,26,23,1014,10000,Sem Info,No,0.0,25.979,0.84
2026-01-09T04:00:00Z,1.0288894,40,26,23,1014,10000,Sem Info,No,0.0,25.931,0.84
2026-01-09T05:00:00Z,2.0577788,50,25,23,1014,10000,Sem Info,No,0.0,25.877,0.89
2026-01-09T06:00:00Z,1.0288894,50,25,22,1014,10000,Sem Info,No,0.0,25.816,0.83
2026-01-09T07:00:00Z,1.5433341,100,24,22,1014,10000,Sem Info,No,0.0,25.749,0.89
2026-01-09T08:00:00Z,2.5722235,40,25,23,1015,10000,Sem Info,No,0.0,25.68,0.89
2026-01-09T09:00:00Z,1.5433341,10,25,23,1015,8000,Sem Info,No,0.0,25.617,0.89
2026-01-09T10:00:00Z,2.0577788,40,26,22,1015,10000,Sem Info,No,0.0,25.656,0.79
2026-01-09T11:00:00Z,1.0288894,40,29,23,1015,10000,Sem Info,No,0.0,25.798,0.7
2026-01-09T12:00:00Z,1.5433341,40,31,22,1015,10000,Sem Info,No,0.0,25.973,0.59
2026-01-09T13:00:00Z,3.6011129,310,30,23,1015,10000,Sem Info,Few,914.4,26.218,0.66
2026-01-09T14:00:00Z,3.6011129,10,34,21,1015,10000,Sem Info,Few,914.4,26.566,0.47
2026-01-09T15:00:00Z,3.0866682,30,35,21,1014,10000,Sem Info,Few,914.4,26.909,0.44
2026-01-09T16:00:00Z,2.5722235,150,36,20,1014,10000,Sem Info,Few,914.4,27.195,0.39
2026-01-09T17:00:00Z,6.1733364,130,34,21,1013,10000,Sem Info,Few,914.4,27.283,0.47
2026-01-09T18:00:00Z,6.1733364,120,34,21,1012,10000,Sem Info,Scattered,914.4,27.282,0.47
2026-01-09T19:00:00Z,6.6877811,130,34,20,1012,10000,Sem Info,Scattered,914.4,27.175,0.44
2026-01-09T20:00:00Z,5.6588917,140,34,21,1012,10000,Sem Info,Scattered,914.4,27.065,0.47
2026-01-09T21:00:00Z,4.6300023,150,34,21,1012,10000,Sem Info,Scattered,914.4,27.045,0.47
2026-01-09T22:00:00Z,3.0866682,60,32,21,1013,10000,Sem Info,Scattered,914.4,27.066,0.52
2026-01-09T23:00:00Z,1.5433341,40,30,22,1013,10000,Sem Info,Few,914.4,27.029,0.62
2026-01-10T00:00:00Z,1.5433341,30,29,22,1014,10000,Sem Info,Few,914.4,26.987,0.66
2026-01-10T01:00:00Z,2.5722235,40,28,23,1014,10000,Sem Info,No,0.0,26.943,0.74
2026-01-10T02:00:00Z,3.0866682,80,27,22,1014,10000,Sem Info,No,0.0,26.897,0.74
2026-01-10T03:00:00Z,2.5722235,70,27,22,1014,10000,Sem Info,No,0.0,26.846,0.74
2026-01-10T04:00:00Z,2.0577788,90,26,22,1013,10000,Sem Info,No,0.0,26.79,0.79
2026-01-10T05:00:00Z,2.0577788,60,26,22,1013,10000,Sem Info,No,0.0,26.727,0.79
2026-01-10T06:00:00Z,2.5722235,70,25,22,1013,10000,Sem Info,No,0.0,26.658,0.83
2026-01-10T07:00:00Z,5.144447,80,25,22,1013,10000,Sem Info,No,0.0,26.58,0.83
2026-01-10T08:00:00Z,3.6011129,70,24,21,1013,10000,Sem Info,No,0.0,26.498,0.83
2026-01-10T09:00:00Z,3.0866682,80,25,22,1014,10000,Sem Info,No,0.0,26.421,0.83
2026-01-10T10:00:00Z,3.0866682,80,27,22,1014,10000,Sem Info,No,0.0,26.446,0.74
2026-01-10T11:00:00Z,2.5722235,80,28,22,1014,10000,Sem Info,Few,914.4,26.594,0.7
2026-01-10T12:00:00Z,2.0577788,180,29,23,1014,10000,Sem Info,Few,914.4,26.746,0.7
2026-01-10T13:00:00Z,1.5433341,20,32,22,1014,10000,Sem Info,Few,914.4,26.875,0.56
2026-01-10T14:00:00Z,1.5433341,350,33,21,1014,10000,Sem Info,Few,1066.8,26.996,0.49
2026-01-10T15:00:00Z,1.5433341,340,35,18,1013,10000,Sem Info,Few,1066.8,27.172,0.37
2026-01-10T16:00:00Z,4.1155576,50,36,19,1012,10000,Sem Info,Few,1219.2,27.374,0.37
2026-01-10T17:00:00Z,4.1155576,50,36,18,1011,10000,Sem Info,Few,1219.2,27.548,0.35
2026-01-10T18:00:00Z,3.6011129,70,38,16,1010,10000,Sem Info,Few,1219.2,27.664,0.27
2026-01-10T19:00:00Z,5.144447,90,37,17,1009,10000,Sem Info,Few,1219.2,27.715,0.31
2026-01-10T20:00:00Z,3.6011129,140,36,19,1009,10000,Sem Info,No,0.0,27.691,0.37
2026-01-10T21:00:00Z,2.5722235,120,35,19,1009,10000,Sem Info,No,0.0,27.669,0.39
2026-01-10T22:00:00Z,3.0866682,110,32,20,1009,10000,Sem Info,No,0.0,27.555,0.49
2026-01-10T23:00:00Z,4.6300023,80,30,20,1010,10000,Sem Info,No,0.0,27.474,0.55
2026-01-11T00:00:00Z,4.6300023,70,28,21,1011,10000,Sem Info,No,0.0,27.389,0.66
2026-01-11T01:00:00Z,2.0577788,110,27,20,1012,10000,Sem Info,No,0.0,27.299,0.66
2026-01-11T02:00:00Z,2.0577788,120,26,21,1012,10000,Sem Info,No,0.0,27.201,0.74
2026-01-11T03:00:00Z,2.0577788,130,25,20,1011,10000,Sem Info,No,0.0,27.093,0.74
2026-01-11T04:00:00Z,1.0288894,130,25,20,1011,10000,Sem Info,No,0.0,26.979,0.74
2026-01-11T05:00:00Z,1.0288894,130,24,21,1010,10000,Sem Info,No,0.0,26.857,0.83
2026-01-11T06:00:00Z,1.0288894,130,24,21,1010,10000,Sem Info,No,0.0,26.73,0.83
2026-01-11T07:00:00Z,1.0288894,130,23,20,1011,10000,Sem Info,No,0.0,26.6,0.83
2026-01-11T08:00:00Z,1.0288894,60,23,20,1011,10000,Sem Info,No,0.0,26.468,0.83
2026-01-11T09:00:00Z,1.0288894,90,23,20,1012,10000,Sem Info,No,0.0,26.344,0.83
2026-01-11T10:00:00Z,2.0577788,90,27,21,1012,10000,Sem Info,No,0.0,26.326,0.7
2026-01-11T11:00:00Z,3.6011129,40,28,21,1012,10000,Sem Info,No,0.0,26.451,0.66
2026-01-11T12:00:00Z,2.5722235,60,31,20,1012,10000,Sem Info,No,0.0,26.584,0.52
2026-01-11T13:00:00Z,2.0577788,330,33,19,1012,10000,Sem Info,No,0.0,26.715,0.44
2026-01-11T14:00:00Z,3.6011129,10,35,18,1012,10000,Sem Info,No,0.0,26.861,0.37
2026-01-11T15:00:00Z,3.6011129,310,36,16,1011,10000,Sem Info,No,0.0,27.03,0.31
2026-01-11T16:00:00Z,5.144447,50,37,26,1010,10000,Sem Info,No,0.0,27.226,0.54
2026-01-11T17:00:00Z,5.6588917,50,38,15,1009,10000,Sem Info,No,0.0,27.411,0.26
2026-01-11T18:00:00Z,4.1155576,40,38,13,1009,10000,Sem Info,No,0.0,27.555,0.23
2026-01-11T19:00:00Z,6.6877811,130,36,19,1008,10000,Sem Info,No,0.0,27.638,0.37
2026-01-11T20:00:00Z,6.6877811,140,35,19,1008,10000,Sem Info,Few,1219.2,27.611,0.39
2026-01-11T21:00:00Z,6.1733364,140,34,21,1008,10000,Sem Info,Few,1219.2,27.581,0.47
2026-01-11T22:00:00Z,3.6011129,140,32,21,1009,10000,Sem Info,No,0.0,27.571,0.52
2026-01-11T23:00:00Z,3.0866682,90,30,21,1009,10000,Sem Info,No,0.0,27.5,0.59
2026-01-12T00:00:00Z,5.144447,70,29,21,1010,10000,Sem Info,No,0.0,27.427,0.62
2026-01-12T01:00:00Z,0.5144447,200,28,20,1010,10000,Sem Info,No,0.0,27.35,0.62
2026-01-12T02:00:00Z,1.0288894,50,27,20,1010,10000,Sem Info,No,0.0,27.264,0.66
2026-01-12T03:00:00Z,2.0577788,60,27,21,1010,10000,Sem Info,No,0.0,27.168,0.7
2026-01-12T04:00:00Z,1.5433341,70,26,22,1010,10000,Sem Info,No,0.0,27.061,0.79
2026-01-12T05:00:00Z,1.0288894,90,25,21,1009,10000,Sem Info,No,0.0,26.949,0.78
2026-01-12T06:00:00Z,2.0577788,70,25,21,1009,10000,Sem Info,No,0.0,26.835,0.78
2026-01-12T07:00:00Z,2.0577788,90,25,20,1010,10000,Sem Info,No,0.0,26.715,0.74
2026-01-12T08:00:00Z,2.0577788,70,24,20,1010,10000,Sem Info,No,0.0,26.596,0.78
2026-01-12T09:00:00Z,1.0288894,80,25,20,1011,10000,Sem Info,No,0.0,26.485,0.74
2026-01-12T10:00:00Z,1.0288894,200,29,21,1011,10000,Sem Info,No,0.0,26.5,0.62
2026-01-12T11:00:00Z,2.0577788,360,30,19,1012,10000,Sem Info,No,0.0,26.603,0.52
2026-01-12T12:00:00Z,2.5722235,20,33,19,1012,10000,Sem Info,No,0.0,26.691,0.44
2026-01-12T13:00:00Z,3.0866682,20,34,18,1012,10000,Sem Info,No,0.0,26.784,0.39
2026-01-12T14:00:00Z,2.5722235,10,36,17,1011,10000,Sem Info,No,0.0,26.936,0.33
2026-01-12T15:00:00Z,2.5722235,20,37,16,1011,10000,Sem Info,Few,914.4,27.155,0.29
2026-01-12T16:00:00Z,3.6011129,30,38,16,1010,10000,Sem Info,Few,914.4,27.47,0.27
2026-01-12T17:00:00Z,4.1155576,40,39,14,1009,10000,Sem Info,Few,1066.8,27.818,0.23
2026-01-12T18:00:00Z,7.2022258,130,37,17,1009,10000,Sem Info,Few,1066.8,28.103,0.31
2026-01-12T19:00:00Z,5.6588917,140,37,17,1008,10000,Sem Info,Few,1066.8,28.209,0.31
2026-01-12T20:00:00Z,5.6588917,140,36,16,1008,10000,Sem Info,Few,1066.8,28.149,0.31
2026-01-12T21:00:00Z,5.6588917,150,34,17,1008,10000,Sem Info,Few,1066.8,28.105,0.36
2026-01-12T22:00:00Z,3.0866682,130,33,20,1009,10000,Sem Info,No,0.0,28.112,0.46
2026-01-12T23:00:00Z,5.144447,100,31,21,1010,10000,Sem Info,No,0.0,28.033,0.55
2026-01-13T00:00:00Z,3.6011129,110,30,22,1011,10000,Sem Info,No,0.0,27.966,0.62
2026-01-13T01:00:00Z,3.6011129,60,29,23,1011,10000,Sem Info,No,0.0,27.902,0.7
2026-01-13T02:00:00Z,3.0866682,60,29,22,1011,10000,Sem Info,No,0.0,27.832,0.66
2026-01-13T03:00:00Z,3.6011129,70,27,23,1011,10000,Sem Info,No,0.0,27.754,0.79
2026-01-13T04:00:00Z,3.0866682,80,27,22,1010,10000,Sem Info,No,0.0,27.67,0.74
2026-01-13T05:00:00Z,2.5722235,50,27,22,1010,10000,Sem Info,No,0.0,27.577,0.74
2026-01-13T06:00:00Z,2.0577788,30,26,22,1010,10000,Sem Info,No,0.0,27.478,0.79
2026-01-13T07:00:00Z,2.0577788,10,26,22,1009,10000,Sem Info,No,0.0,27.376,0.79
2026-01-13T08:00:00Z,1.5433341,80,26,22,1010,10000,Sem Info,No,0.0,27.268,0.79
2026-01-13T09:00:00Z,2.5722235,70,26,23,1012,10000,Sem Info,No,0.0,27.17,0.84
2026-01-13T10:00:00Z,3.0866682,90,29,23,1012,10000,Sem Info,No,0.0,27.206,0.7
2026-01-13T11:00:00Z,2.0577788,320,30,24,1013,10000,Sem Info,No,0.0,27.435,0.7
2026-01-13T12:00:00Z,2.5722235,20,32,24,1013,10000,Sem Info,No,0.0,27.611,0.63
2026-01-13T13:00:00Z,1.5433341,50,34,23,1013,10000,Sem Info,No,0.0,27.715,0.53
2026-01-13T14:00:00Z,6.1733364,130,34,23,1013,10000,Sem Info,No,0.0,27.871,0.53
2026-01-13T15:00:00Z,5.6588917,180,35,23,1013,10000,Sem Info,Few,914.4,28.169,0.5
2026-01-13T16:00:00Z,8.2311152,220,34,22,1014,10000,Sem Info,Few,914.4,28.631,0.5
2026-01-13T17:00:00Z,4.6300023,360,32,22,1013,10000,Sem Info,Few,792.48,28.966,0.56
2026-01-13T18:00:00Z,6.1733364,100,31,23,1013,10000,Sem Info,Scattered,609.6,28.924,0.62
2026-01-13T19:00:00Z,7.2022258,100,29,22,1013,10000,Sem Info,Scattered,609.6,28.963,0.66
2026-01-13T20:00:00Z,3.6011129,60,29,21,1013,10000,Sem Info,Scattered,609.6,28.908,0.62
2026-01-13T21:00:00Z,6.6877811,70,28,21,1013,10000,Sem Info,Few,609.6,28.856,0.66
2026-01-13T22:00:00Z,3.6011129,60,28,22,1013,10000,Sem Info,Few,914.4,28.809,0.7
2026-01-13T22:29:00Z,4.1155576,70,27,22,1014,10000,Sem Info,Few,914.4,27.241,0.74
2026-01-13T23:00:00Z,3.6011129,80,27,22,1014,10000,Sem Info,Few,914.4,28.729,0.74
2026-01-14T00:00:00Z,1.5433341,110,27,22,1015,10000,Sem Info,Few,914.4,28.651,0.74
2026-01-14T01:00:00Z,2.0577788,90,26,22,1015,10000,Sem Info,Few,914.4,28.577,0.79
2026-01-14T02:00:00Z,2.0577788,60,26,22,1016,10000,Sem Info,Few,914.4,28.505,0.79
2026-01-14T03:00:00Z,1.5433341,110,26,22,1015,10000,Recent: Thunderstorm,Few,914.4,28.428,0.79
2026-01-14T04:00:00Z,1.5433341,70,26,21,1014,10000,Sem Info,No,0.0,28.351,0.74
2026-01-14T05:00:00Z,5.144447,70,25,21,1013,10000,Sem Info,No,0.0,28.275,0.78
2026-01-14T06:00:00Z,4.1155576,70,25,21,1013,10000,Sem Info,No,0.0,28.199,0.78
2026-01-14T07:00:00Z,1.0288894,70,24,21,1013,10000,Sem Info,No,0.0,28.119,0.83
2026-01-14T08:00:00Z,1.5433341,70,24,22,1014,10000,Sem Info,No,0.0,28.041,0.89
2026-01-14T09:00:00Z,2.0577788,80,25,22,1014,10000,Sem Info,No,0.0,27.965,0.83
2026-01-14T10:00:00Z,2.5722235,320,26,21,1015,10000,Sem Info,No,0.0,27.904,0.74
2026-01-14T11:00:00Z,1.0288894,150,29,21,1015,10000,Sem Info,No,0.0,27.933,0.62
2026-01-14T12:00:00Z,3.0866682,40,30,22,1015,10000,Sem Info,No,0.0,28.006,0.62
2026-01-14T13:00:00Z,2.0577788,10,32,21,1015,10000,Sem Info,Few,914.4,28.104,0.52
2026-01-14T14:00:00Z,2.0577788,10,33,20,1015,10000,Sem Info,Few,914.4,28.205,0.46
2026-01-14T15:00:00Z,2.0577788,110,34,20,1014,10000,Sem Info,Few,914.4,28.329,0.44
2026-01-14T16:00:00Z,3.6011129,10,35,20,1013,10000,Sem Info,Few,914.4,28.48,0.42
2026-01-14T17:00:00Z,3.6011129,10,36,19,1012,10000,Sem Info,Few,1066.8,28.667,0.37
2026-01-14T18:00:00Z,7.2022258,130,34,21,1011,10000,Sem Info,Few,1066.8,28.56,0.47
2026-01-14T19:00:00Z,11.8322281,70,28,21,1011,10000,Sem Info,Few,1066.8,28.564,0.66
2026-01-14T20:00:00Z,3.6011129,20,29,21,1012,10000,Sem Info,Few,1066.8,28.534,0.62
2026-01-14T21:00:00Z,1.5433341,330,29,21,1012,10000,Sem Info,Few,914.4,28.49,0.62
2026-01-14T22:00:00Z,2.0577788,320,28,21,1012,10000,Sem Info,Few,914.4,28.21,0.66
2026-01-14T23:00:00Z,0.5144447,320,28,21,1013,10000,Sem Info,Few,914.4,28.157,0.66
2026-01-15T00:00:00Z,2.0577788,330,28,22,1014,10000,Sem Info,Few,914.4,28.105,0.7
2026-01-15T01:00:00Z,2.5722235,360,27,23,1014,10000,Sem Info,Few,914.4,28.05,0.79
2026-01-15T02:00:00Z,2.0577788,330,27,22,1014,10000,Sem Info,Few,914.4,27.994,0.74
2026-01-15T03:00:00Z,2.0577788,340,27,22,1014,10000,Sem Info,Few,914.4,27.934,0.74
2026-01-15T04:00:00Z,1.5433341,320,27,22,1004,10000,Sem Info,Few,914.4,27.873,0.74
2026-01-15T05:00:00Z,1.0288894,320,26,22,1013,10000,Sem Info,Few,914.4,27.809,0.79
2026-01-15T06:00:00Z,2.5722235,110,25,21,1013,10000,Sem Info,No,0.0,27.743,0.78
2026-01-15T07:00:00Z,2.5722235,70,25,21,1013,10000,Sem Info,No,0.0,27.672,0.78
2026-01-15T08:00:00Z,1.0288894,90,25,22,1013,10000,Sem Info,Few,914.4,27.597,0.83
2026-01-15T09:00:00Z,1.0288894,90,25,22,1014,10000,Sem Info,Few,914.4,27.528,0.83
2026-01-15T10:00:00Z,3.0866682,90,27,21,1015,10000,Sem Info,Few,914.4,27.493,0.7
2026-01-15T11:00:00Z,3.0866682,80,28,21,1015,10000,Sem Info,Few,914.4,27.647,0.66
2026-01-15T12:00:00Z,2.0577788,50,30,21,1015,10000,Sem Info,Few,914.4,27.813,0.59
2026-01-15T13:00:00Z,2.0577788,70,32,20,1015,10000,Sem Info,No,0.0,27.948,0.49
2026-01-15T14:00:00Z,4.1155576,50,33,19,1015,10000,Sem Info,Few,762.0,28.125,0.44
2026-01-15T15:00:00Z,2.5722235,350,33,19,1015,10000,Sem Info,Few,914.4,28.364,0.44
2026-01-15T16:00:00Z,1.5433341,80,35,18,1014,10000,Sem Info,Few,914.4,28.684,0.37
2026-01-15T17:00:00Z,5.144447,130,34,19,1013,10000,Sem Info,Scattered,914.4,29.058,0.41
2026-01-15T18:00:00Z,7.2022258,140,35,18,1012,10000,Sem Info,Few,1066.8,29.282,0.37
2026-01-15T19:00:00Z,5.6588917,140,33,18,1012,10000,Sem Info,Few,1066.8,29.256,0.41
2026-01-15T20:00:00Z,2.0577788,120,33,19,1012,10000,Sem Info,Few,1066.8,29.198,0.44
2026-01-15T21:00:00Z,9.2600046,250,29,21,1013,6000,Light intensity: Thunderstorm Rain,Few,914.4,29.117,0.62
2026-01-15T22:00:00Z,2.5722235,250,26,22,1014,8000,Recent: Thunderstorm,Few,762.0,28.967,0.79
2026-01-15T23:00:00Z,3.0866682,300,26,23,1015,10000,Sem Info,Few,609.6,28.873,0.84
2026-01-16T00:00:00Z,1.5433341,200,26,22,1015,10000,Sem Info,Few,609.6,28.784,0.79
2026-01-16T01:00:00Z,1.5433341,170,26,22,1016,10000,Sem Info,Few,914.4,28.7,0.79
2026-01-16T02:00:00Z,1.0288894,140,26,21,1016,10000,Sem Info,Few,914.4,28.617,0.74
2026-01-16T03:00:00Z,1.0288894,50,26,21,1015,10000,Sem Info,Few,914.4,28.533,0.74
2026-01-16T04:00:00Z,2.0577788,100,25,20,1014,10000,Sem Info,Few,914.4,28.446,0.74
2026-01-16T05:00:00Z,1.5433341,90,25,21,1014,10000,Sem Info,No,0.0,28.356,0.78
2026-01-16T06:00:00Z,2.0577788,50,25,21,1014,10000,Sem Info,No,0.0,28.262,0.78
2026-01-16T07:00:00Z,3.6011129,100,24,21,1014,10000,Sem Info,No,0.0,28.165,0.83
2026-01-16T08:00:00Z,1.5433341,80,24,20,1014,10000,Sem Info,No,0.0,28.065,0.78
2026-01-16T09:00:00Z,2.0577788,70,24,21,1014,10000,Sem Info,No,0.0,27.969,0.83
2026-01-16T10:00:00Z,3.0866682,50,26,21,1015,10000,Sem Info,No,0.0,27.874,0.74
2026-01-16T11:00:00Z,2.5722235,50,27,21,1015,10000,Sem Info,No,0.0,27.888,0.7
2026-01-16T12:00:00Z,2.5722235,100,29,21,1015,10000,Sem Info,No,0.0,27.92,0.62
2026-01-16T13:00:00Z,3.0866682,20,31,20,1015,10000,Sem Info,No,0.0,27.987,0.52
2026-01-16T14:00:00Z,2.0577788,30,33,20,1014,10000,Sem Info,Few,762.0,28.093,0.46
2026-01-16T15:00:00Z,2.0577788,150,34,19,1014,10000,Sem Info,Few,762.0,28.196,0.41
2026-01-16T16:00:00Z,2.5722235,30,35,18,1013,10000,Sem Info,Few,914.4,28.497,0.37
2026-01-16T17:00:00Z,3.6011129,150,34,19,1012,10000,Sem Info,Few,914.4,28.86,0.41
2026-01-16T18:00:00Z,7.2022258,130,34,19,1012,10000,Sem Info,Few,914.4,29.381,0.41
2026-01-16T19:00:00Z,6.6877811,130,34,19,1011,10000,Sem Info,Few,914.4,29.648,0.41
2026-01-16T20:00:00Z,5.144447,150,33,19,1011,10000,Sem Info,Few,914.4,29.622,0.44
2026-01-16T21:00:00Z,3.0866682,140,32,20,1011,10000,Sem Info,Few,914.4,29.497,0.49
2026-01-16T22:00:00Z,2.5722235,130,31,21,1011,9000,Sem Info,Few,914.4,29.154,0.55
2026-01-16T23:00:00Z,2.5722235,90,30,21,1012,10000,Sem Info,Few,914.4,29.03,0.59
2026-01-17T00:00:00Z,2.5722235,100,29,21,1012,10000,Sem Info,Few,914.4,28.916,0.62
2026-01-17T01:00:00Z,2.0577788,60,28,21,1013,10000,Sem Info,Few,914.4,28.811,0.66
2026-01-17T02:00:00Z,2.0577788,50,28,21,1013,10000,Sem Info,Few,914.4,28.708,0.66
2026-01-17T03:00:00Z,3.0866682,60,27,22,1012,10000,Sem Info,Few,914.4,28.601,0.74
2026-01-17T04:00:00Z,3.0866682,90,27,22,1012,10000,Sem Info,Few,914.4,28.493,0.74
2026-01-17T05:00:00Z,3.6011129,70,26,22,1011,10000,Sem Info,Few,914.4,28.379,0.79
2026-01-17T06:00:00Z,3.6011129,80,26,22,1010,10000,Sem Info,Few,914.4,28.259,0.79
2026-01-17T07:00:00Z,1.5433341,90,25,21,1010,10000,Sem Info,Few,914.4,28.137,0.78
2026-01-17T08:00:00Z,2.0577788,110,25,21,1011,10000,Sem Info,Few,914.4,28.018,0.78
2026-01-17T09:00:00Z,1.5433341,120,25,21,1011,10000,Sem Info,Few,914.4,27.908,0.78
2026-01-17T10:00:00Z,1.5433341,70,28,21,1011,10000,Sem Info,Few,914.4,27.861,0.66
2026-01-17T11:00:00Z,2.0577788,110,28,21,1012,10000,Sem Info,Few,762.0,27.861,0.66
2026-01-17T12:00:00Z,2.5722235,10,30,22,1012,10000,Sem Info,Few,762.0,27.789,0.62
2026-01-17T13:00:00Z,2.0577788,40,31,21,1012,10000,Sem Info,Few,762.0,27.768,0.55
2026-01-17T14:00:00Z,1.5433341,40,33,21,1011,10000,Sem Info,Few,762.0,27.834,0.49
2026-01-17T15:00:00Z,2.5722235,40,34,19,1011,10000,Sem Info,Few,762.0,27.995,0.41
2026-01-17T16:00:00Z,4.1155576,40,35,19,1010,10000,Sem Info,Scattered,914.4,28.201,0.39
2026-01-17T17:00:00Z,3.0866682,50,36,19,1009,10000,Sem Info,Few,914.4,28.419,0.37
2026-01-17T18:00:00Z,6.1733364,130,33,20,1008,10000,Sem Info,Few,914.4,28.66,0.46
2026-01-17T19:00:00Z,6.6877811,140,33,20,1008,10000,Sem Info,Few,914.4,28.638,0.46
2026-01-17T20:00:00Z,5.144447,150,33,20,1008,10000,Sem Info,Few,914.4,28.601,0.46
2026-01-17T21:00:00Z,4.6300023,270,30,21,1009,10000,Sem Info,Few,914.4,28.566,0.59
2026-01-17T22:00:00Z,4.1155576,300,28,21,1009,10000,Sem Info,Few,914.4,28.46,0.66
2026-01-17T23:00:00Z,3.0866682,330,27,21,1009,10000,Sem Info,Scattered,1219.2,28.387,0.7
2026-01-18T00:00:00Z,3.0866682,350,27,21,1010,10000,Sem Info,Scattered,1219.2,28.31,0.7
2026-01-18T01:00:00Z,1.0288894,350,26,21,1010,10000,Sem Info,Few,1219.2,28.238,0.74
2026-01-18T02:00:00Z,2.5722235,330,26,20,1010,10000,Sem Info,Few,1219.2,28.169,0.7
2026-01-18T03:00:00Z,0.5144447,340,27,19,1010,10000,Sem Info,No,0.0,28.096,0.62
2026-01-18T04:00:00Z,3.6011129,10,26,21,1009,10000,Sem Info,No,0.0,28.018,0.74
2026-01-18T05:00:00Z,2.0577788,60,25,21,1008,10000,Sem Info,Few,914.4,27.938,0.78
2026-01-18T06:00:00Z,1.5433341,50,26,21,1008,10000,Sem Info,Few,914.4,27.855,0.74
2026-01-18T07:00:00Z,2.0577788,50,25,21,1008,10000,Sem Info,Few,762.0,27.766,0.78
2026-01-18T08:00:00Z,2.5722235,60,25,22,1008,10000,Sem Info,Scattered,1066.8,27.677,0.83
2026-01-18T09:00:00Z,1.5433341,70,25,22,1008,10000,Sem Info,Few,914.4,27.591,0.83
2026-01-18T10:00:00Z,1.5433341,70,26,22,1009,10000,Sem Info,Few,914.4,27.549,0.79
2026-01-18T11:00:00Z,1.5433341,330,28,22,1009,10000,Sem Info,Scattered,1463.04,27.549,0.7
2026-01-18T12:00:00Z,2.5722235,350,30,20,1009,10000,Sem Info,Scattered,1371.6,27.543,0.55
2026-01-18T13:00:00Z,3.6011129,330,31,19,1009,10000,Sem Info,Scattered,1371.6,27.554,0.49
2026-01-18T14:00:00Z,5.144447,310,31,19,1009,10000,Sem Info,Few,1371.6,27.42,0.49
2026-01-18T15:00:00Z,6.1733364,320,31,18,1009,10000,Sem Info,Few,243.84,27.315,0.46
2026-01-18T16:00:00Z,5.6588917,320,33,18,1009,10000,Sem Info,Few,243.84,27.255,0.41
2026-01-18T17:00:00Z,5.6588917,330,33,19,1008,10000,Sem Info,Few,243.84,27.248,0.44
2026-01-18T18:00:00Z,5.6588917,350,33,18,1007,10000,Sem Info,Few,243.84,27.299,0.41
2026-01-18T19:00:00Z,4.1155576,30,33,17,1006,10000,Sem Info,Few,243.84,27.318,0.38
2026-01-18T20:00:00Z,3.6011129,30,33,18,1006,10000,Sem Info,Few,243.84,27.305,0.41
2026-01-18T21:00:00Z,5.6588917,360,31,18,1006,10000,Sem Info,Few,243.84,27.267,0.46
2026-01-18T22:00:00Z,3.6011129,360,30,19,1006,10000,Sem Info,Few,243.84,27.17,0.52
2026-01-18T23:00:00Z,4.6300023,10,29,19,1006,10000,Sem Info,No,0.0,27.098,0.55
2026-01-19T00:00:00Z,2.5722235,330,28,19,1006,10000,Sem Info,No,0.0,27.026,0.58
2026-01-19T01:00:00Z,2.5722235,340,28,18,1006,10000,Sem Info,No,0.0,26.953,0.55
2026-01-19T02:00:00Z,3.0866682,20,28,18,1007,10000,Sem Info,No,0.0,26.876,0.55
2026-01-19T03:00:00Z,2.5722235,290,28,18,1007,10000,Sem Info,Few,762.0,26.795,0.55
2026-01-19T04:00:00Z,2.5722235,340,28,18,1006,10000,Sem Info,Few,762.0,26.713,0.55
2026-01-19T05:00:00Z,5.6588917,10,29,18,1005,10000,Sem Info,Few,762.0,26.628,0.52
2026-01-19T06:00:00Z,5.6588917,10,28,19,1004,10000,Sem Info,Few,762.0,26.542,0.58
2026-01-19T07:00:00Z,3.6011129,10,28,19,1004,10000,Sem Info,Few,762.0,26.455,0.58
2026-01-19T08:00:00Z,0.0,0,26,19,1005,10000,Sem Info,Few,762.0,26.368,0.65
2026-01-19T09:00:00Z,2.5722235,250,27,19,1005,10000,Sem Info,Few,914.4,26.287,0.62
2026-01-19T10:00:00Z,1.0288894,250,29,19,1005,10000,Sem Info,Few,914.4,26.254,0.55
2026-01-19T11:00:00Z,2.5722235,360,31,18,1005,10000,Sem Info,Few,914.4,26.256,0.46
2026-01-19T12:00:00Z,4.6300023,10,31,19,1005,10000,Sem Info,Few,914.4,26.25,0.49
2026-01-19T13:00:00Z,4.6300023,10,31,19,1005,10000,Sem Info,Few,914.4,26.219,0.49
2026-01-19T14:00:00Z,5.6588917,330,32,19,1006,10000,Sem Info,Few,914.4,26.231,0.46
2026-01-19T15:00:00Z,6.6877811,320,32,20,1005,10000,Sem Info,Few,914.4,26.312,0.49
2026-01-19T16:00:00Z,5.6588917,340,33,19,1005,10000,Sem Info,Few,914.4,26.438,0.44
2026-01-19T17:00:00Z,3.6011129,350,34,19,1004,10000,Sem Info,Few,914.4,26.633,0.41
2026-01-19T17:32:00Z,3.6011129,20,32,20,1004,5000,Rain,Few,792.48,31.957,0.49
2026-01-19T17:35:00Z,3.0866682,60,32,20,1004,3000,Rain,Few,792.48,32.052,0.49
2026-01-19T18:00:00Z,6.1733364,220,26,23,1004,1000,Rain,Few,792.48,26.807,0.84
2026-01-19T18:24:00Z,6.6877811,180,25,22,1004,6000,Recent: Rain,Few,762.0,25.472,0.83
2026-01-19T19:00:00Z,4.6300023,180,26,22,1004,7000,Sem Info,Few,762.0,27.04,0.79
2026-01-19T20:00:00Z,2.0577788,180,28,23,1004,10000,Sem Info,Few,762.0,27.089,0.74
2026-01-19T21:00:00Z,3.0866682,180,26,23,1004,10000,Sem Info,Few,762.0,27.046,0.84
2026-01-19T22:00:00Z,1.5433341,350,26,23,1005,10000,Light intensity: Rain,Few,762.0,26.936,0.84
2026-01-19T23:00:00Z,2.0577788,70,25,23,1006,9000,Light intensity: Rain,Broken,609.6,26.881,0.89
2026-01-19T23:31:00Z,8.7455599,320,24,21,1007,500,Heavy intensity: Thunderstorm Rain,Few,762.0,24.364,0.83
2026-01-20T00:00:00Z,7.2022258,270,22,20,1007,800,Heavy intensity: Thunderstorm Rain,Few,609.6,26.824,0.88
2026-01-20T00:16:00Z,3.6011129,290,22,21,1008,2000,Thunderstorm Rain,Few,609.6,22.21,0.94
2026-01-20T01:00:00Z,2.0577788,200,22,21,1008,4500,Light intensity: Thunderstorm Rain,Few,914.4,26.765,0.94
2026-01-20T02:00:00Z,2.5722235,170,22,21,1008,4000,Light intensity: Thunderstorm Rain,Few,914.4,26.704,0.94
2026-01-20T03:00:00Z,0.0,0,23,21,1008,5000,Light intensity: Rain,Broken,457.2,26.648,0.89
2026-01-20T04:00:00Z,2.0577788,250,23,21,1008,5000,Light intensity: Rain,Broken,457.2,26.593,0.89
2026-01-20T05:00:00Z,2.5722235,280,24,22,1008,6000,Sem Info,Broken,609.6,26.531,0.89
2026-01-20T06:00:00Z,6.6877811,240,23,20,1008,4000,Light intensity: Rain,Few,182.88,26.448,0.83
2026-01-20T07:00:00Z,6.6877811,230,23,20,1008,4500,Light intensity: Rain,Few,182.88,26.354,0.83
2026-01-20T08:00:00Z,2.5722235,230,23,20,1009,10000,Sem Info,Few,304.8,26.254,0.83
2026-01-20T09:00:00Z,1.0288894,230,23,20,1010,4000,Light intensity: Rain,Few,304.8,26.141,0.83
2026-01-20T10:00:00Z,2.0577788,280,22,21,1011,3500,Light intensity: Rain,Few,182.88,26.101,0.94
2026-01-20T11:00:00Z,1.5433341,50,22,21,1012,3500,Mist (French: Brume),Few,182.88,26.033,0.94
2026-01-20T12:00:00Z,1.5433341,350,22,21,1012,3500,Rain,Few,182.88,25.985,0.94
2026-01-20T13:00:00Z,1.5433341,200,22,21,1013,4000,Light intensity: Rain,Few,304.8,25.944,0.94
2026-01-20T14:00:00Z,1.5433341,280,24,20,1013,5000,Mist (French: Brume),Few,304.8,25.919,0.78
2026-01-20T15:00:00Z,3.0866682,320,23,21,1013,6000,Sem Info,Few,304.8,25.904,0.89
2026-01-20T16:00:00Z,2.0577788,20,23,21,1013,6000,Sem Info,Few,304.8,25.907,0.89
2026-01-20T17:00:00Z,2.5722235,40,24,21,1013,6000,Sem Info,Few,304.8,25.86,0.83
2026-01-20T18:00:00Z,2.0577788,20,23,21,1013,8000,Sem Info,Few,304.8,25.799,0.89
2026-01-20T19:00:00Z,1.5433341,110,23,19,1013,8000,Sem Info,Few,304.8,25.733,0.78
2026-01-20T20:00:00Z,2.0577788,30,24,20,1013,8000,Sem Info,Few,304.8,25.663,0.78
2026-01-20T21:00:00Z,2.0577788,70,23,20,1014,10000,Sem Info,Few,304.8,25.588,0.83
2026-01-20T22:00:00Z,1.5433341,100,23,19,1014,10000,Sem Info,Few,457.2,25.511,0.78
2026-01-20T23:00:00Z,1.5433341,310,23,19,1015,10000,Sem Info,Few,487.68,25.432,0.78
2026-01-21T00:00:00Z,2.5722235,320,22,20,1015,10000,Sem Info,Few,487.68,25.354,0.88
2026-01-21T01:00:00Z,2.5722235,320,23,20,1015,10000,Sem Info,Few,548.64,25.281,0.83
2026-01-21T02:00:00Z,2.0577788,330,22,20,1015,10000,Sem Info,Few,548.64,25.206,0.88
2026-01-21T03:00:00Z,2.5722235,320,22,20,1015,8000,Light intensity: Rain,Scattered,457.2,25.131,0.88
2026-01-21T04:00:00Z,2.5722235,270,21,19,1014,9000,Light intensity: Rain,Few,457.2,25.052,0.88
2026-01-21T05:00:00Z,3.0866682,320,21,19,1014,8000,Light intensity: Rain,Few,457.2,24.976,0.88
2026-01-21T06:00:00Z,3.0866682,310,21,19,1013,10000,Sem Info,Few,457.2,24.9,0.88
2026-01-21T07:00:00Z,1.0288894,240,21,18,1013,10000,Sem Info,Few,457.2,24.82,0.83
2026-01-21T08:00:00Z,2.0577788,310,21,18,1013,10000,Sem Info,Broken,914.4,24.737,0.83
2026-01-21T09:00:00Z,3.0866682,320,21,19,1014,7000,Light intensity: Rain,Scattered,548.64,24.657,0.88
2026-01-21T09:24:00Z,3.6011129,330,21,19,1014,5000,Light intensity: Rain,Broken,304.8,20.539,0.88
2026-01-21T10:00:00Z,3.6011129,320,20,19,1014,5000,Light intensity: Rain,Broken,304.8,24.631,0.94
2026-01-21T10:21:00Z,3.0866682,320,21,19,1015,2000,Light intensity: Rain,Broken,243.84,20.627,0.88
2026-01-21T11:00:00Z,2.5722235,320,20,19,1015,2000,Light intensity: Rain,Broken,243.84,24.621,0.94
2026-01-21T12:00:00Z,2.5722235,350,21,20,1015,3000,Light intensity: Rain,Broken,243.84,24.856,0.94
2026-01-21T13:00:00Z,2.5722235,350,22,20,1015,8000,Sem Info,Few,304.8,25.053,0.88
2026-01-21T14:00:00Z,3.0866682,360,23,20,1016,10000,Sem Info,Broken,609.6,25.205,0.83
2026-01-21T15:00:00Z,3.6011129,30,23,19,1015,4000,Light intensity: Rain,Broken,609.6,25.268,0.78
2026-01-21T16:00:00Z,6.1733364,350,21,20,1015,4500,Light intensity: Rain,Broken,457.2,25.278,0.94
2026-01-21T17:00:00Z,3.6011129,360,21,19,1015,3000,Light intensity: Rain,Broken,457.2,25.293,0.88
2026-01-21T18:00:00Z,2.0577788,360,21,19,1015,3000,Light intensity: Rain,Broken,304.8,25.295,0.88
2026-01-21T19:00:00Z,2.0577788,20,21,19,1014,4500,Light intensity: Rain,Broken,304.8,25.242,0.88
2026-01-21T20:00:00Z,1.5433341,360,21,19,1015,4500,Light intensity: Rain,Broken,304.8,25.18,0.88
2026-01-21T21:00:00Z,3.0866682,340,21,20,1015,4500,Light intensity: Rain,Broken,304.8,25.115,0.94
2026-01-21T22:00:00Z,3.0866682,360,21,19,1015,6000,Sem Info,Broken,304.8,25.027,0.88
2026-01-21T23:00:00Z,2.5722235,320,21,19,1016,7000,Sem Info,Broken,304.8,24.959,0.88
2026-01-21T23:23:00Z,2.0577788,310,21,19,1016,7000,Sem Info,Scattered,1066.8,20.796,0.88
2026-01-22T00:00:00Z,1.0288894,310,21,19,1016,7000,Sem Info,Few,883.92,24.891,0.88
2026-01-22T01:00:00Z,3.0866682,320,21,19,1016,6000,Light intensity: Rain,Few,853.4399999999999,24.823,0.88
2026-01-22T02:00:00Z,1.0288894,300,21,19,1016,7000,Light intensity: Rain,Few,1219.2,24.751,0.88
2026-01-22T03:00:00Z,1.0288894,290,21,19,1015,7000,Sem Info,Few,883.92,24.674,0.88
2026-01-22T04:00:00Z,2.0577788,310,21,19,1015,7000,Sem Info,Few,853.4399999999999,24.595,0.88
2026-01-22T05:00:00Z,2.0577788,320,20,18,1010,7000,Sem Info,Few,1371.6,24.516,0.88
2026-01-22T06:00:00Z,1.5433341,310,21,19,1014,8000,Sem Info,Few,1371.6,24.443,0.88
2026-01-22T07:00:00Z,1.0288894,350,20,19,1013,10000,Sem Info,Few,1371.6,24.376,0.94
2026-01-22T08:00:00Z,1.5433341,340,20,19,1014,8000,Sem Info,Few,213.36,24.309,0.94
2026-01-22T09:00:00Z,1.0288894,320,21,19,1014,8000,Sem Info,Few,213.36,24.25,0.88
2026-01-22T10:00:00Z,2.0577788,330,21,19,1015,10000,Sem Info,Broken,1371.6,24.197,0.88
2026-01-22T11:00:00Z,1.5433341,10,22,19,1015,10000,Sem Info,Few,914.4,24.154,0.83
2026-01-22T12:00:00Z,1.5433341,350,22,19,1015,10000,Sem Info,Few,640.0799999999999,24.131,0.83
2026-01-22T13:00:00Z,2.5722235,50,22,19,1016,9000,Light intensity: Rain,Few,609.6,24.138,0.83
2026-01-22T14:00:00Z,2.0577788,20,22,19,1016,10000,Light intensity: Rain,Few,274.32,24.197,0.83
2026-01-22T15:00:00Z,1.0288894,20,22,19,1016,9000,Light intensity: Rain,Few,274.32,24.292,0.83
2026-01-22T15:21:00Z,2.5722235,290,22,19,1016,4000,Light intensity: Rain,Scattered,274.32,22.177,0.83
2026-01-22T16:00:00Z,1.0288894,290,21,19,1016,8000,Light intensity: Rain,Few,274.32,24.297,0.88
2026-01-22T17:00:00Z,1.5433341,290,22,19,1015,10000,Light intensity: Rain,Scattered,274.32,24.302,0.83
2026-01-22T18:00:00Z,1.5433341,330,22,19,1014,10000,Sem Info,Few,274.32,24.293,0.83
2026-01-22T19:00:00Z,2.0577788,30,24,20,1014,10000,Sem Info,Few,335.28,24.272,0.78
2026-01-22T20:00:00Z,2.0577788,40,23,20,1014,10000,Sem Info,Few,335.28,24.245,0.83
2026-01-22T21:00:00Z,2.5722235,60,23,20,1014,9000,Sem Info,Few,396.24,24.212,0.83
2026-01-22T22:00:00Z,2.0577788,50,22,20,1015,9000,Light intensity: Rain,Broken,518.16,24.189,0.88
2026-01-22T23:00:00Z,1.5433341,30,22,19,1015,9000,Light intensity: Rain,Broken,518.16,24.148,0.83
2026-01-23T00:00:00Z,1.5433341,40,23,19,1015,9000,Sem Info,Few,304.8,24.108,0.78
2026-01-23T01:00:00Z,1.5433341,10,23,19,1015,9000,Sem Info,Few,304.8,24.069,0.78
2026-01-23T02:00:00Z,2.0577788,10,22,20,1015,9000,Light intensity: Drizzle,Few,304.8,24.033,0.88
2026-01-23T03:00:00Z,2.0577788,330,22,20,1015,9000,Light intensity: Drizzle,Few,304.8,23.995,0.88
2026-01-23T04:00:00Z,1.0288894,260,21,20,1014,9000,Light intensity: Drizzle,Few,304.8,23.956,0.94
2026-01-23T05:00:00Z,1.0288894,260,21,20,1013,9000,Sem Info,Few,304.8,23.918,0.94
2026-01-23T06:00:00Z,1.0288894,260,21,20,1013,9000,Sem Info,Few,304.8,23.88,0.94
2026-01-23T07:00:00Z,1.0288894,360,21,20,1013,9000,Sem Info,Few,304.8,23.844,0.94
2026-01-23T08:00:00Z,1.0288894,60,21,20,1013,9000,Sem Info,Few,182.88,23.81,0.94
2026-01-23T08:38:00Z,1.5433341,50,22,20,1014,3500,Light intensity: Rain,Few,182.88,22.297,0.88
2026-01-23T09:00:00Z,1.5433341,40,22,20,1014,3500,Light intensity: Rain,Few,182.88,23.777,0.88
2026-01-23T09:40:00Z,2.5722235,340,21,20,1015,1800,Light intensity: Rain,Few,182.88,21.168,0.94
2026-01-23T10:00:00Z,2.0577788,360,21,20,1015,2000,Light intensity: Rain,Few,182.88,23.74,0.94
2026-01-23T11:00:00Z,1.5433341,360,21,20,1015,2500,Rain,Few,213.36,23.73,0.94
2026-01-23T12:00:00Z,1.0288894,360,22,20,1015,2500,Rain,Broken,121.92,23.757,0.88
2026-01-23T13:00:00Z,1.5433341,20,22,20,1015,3000,Light intensity: Rain,Broken,152.4,23.999,0.88
2026-01-23T14:00:00Z,1.5433341,50,22,20,1015,7000,Light intensity: Rain,Broken,213.36,24.008,0.88
2026-01-23T15:00:00Z,2.0577788,40,22,20,1015,6000,Light intensity: Rain,Broken,213.36,24.16,0.88
2026-01-23T15:05:00Z,1.0288894,30,22,20,1015,3000,Light intensity: Rain,Scattered,548.64,22.217,0.88
2026-01-23T16:00:00Z,1.0288894,30,22,20,1015,4000,Light intensity: Rain,Broken,182.88,24.192,0.88
2026-01-23T17:00:00Z,2.0577788,320,22,20,1015,2000,Rain,Broken,182.88,24.211,0.88
2026-01-23T18:00:00Z,1.0288894,320,22,20,1014,2500,Rain,Broken,121.92,24.33,0.88
2026-01-23T19:00:00Z,1.0288894,40,22,21,1014,8000,Rain,Broken,182.88,24.332,0.94
2026-01-23T20:00:00Z,2.0577788,150,22,21,1014,6000,Light intensity: Rain,Broken,152.4,24.327,0.94
2026-01-23T21:00:00Z,1.5433341,100,22,21,1014,3000,Light intensity: Rain,Broken,213.36,24.309,0.94
2026-01-23T22:00:00Z,1.0288894,100,22,21,1014,6000,Light intensity: Rain,Broken,213.36,24.202,0.94
2026-01-23T23:00:00Z,0.0,0,22,20,1014,9000,Sem Info,Few,243.84,24.159,0.88
2026-01-24T00:00:00Z,1.0288894,300,22,21,1015,4500,Light intensity: Rain,Broken,243.84,24.12,0.94
2026-01-24T01:00:00Z,1.0288894,170,22,21,1015,6000,Sem Info,Broken,243.84,24.081,0.94
2026-01-24T02:00:00Z,1.5433341,210,22,21,1015,4000,Light intensity: Rain,Broken,243.84,24.042,0.94
2026-01-24T03:00:00Z,0.5144447,240,22,21,1015,3500,Light intensity: Rain,Broken,182.88,24.006,0.94
2026-01-24T04:00:00Z,1.0288894,200,22,21,1014,4000,Light intensity: Rain,Broken,243.84,23.965,0.94
2026-01-24T05:00:00Z,1.0288894,320,22,21,1014,6000,Sem Info,Broken,243.84,23.92,0.94
2026-01-24T06:00:00Z,1.5433341,300,22,21,1013,4000,Light intensity: Rain,Broken,182.88,23.88,0.94
2026-01-24T07:00:00Z,1.5433341,280,22,21,1013,4500,Mist (French: Brume),Broken,182.88,23.839,0.94
2026-01-24T08:00:00Z,2.0577788,310,22,21,1013,4000,Mist (French: Brume),Broken,182.88,23.799,0.94
2026-01-24T08:43:00Z,2.0577788,300,22,21,1014,2000,Mist (French: Brume),Broken,182.88,21.77,0.94
2026-01-24T09:00:00Z,1.5433341,300,22,21,1014,2000,Mist (French: Brume),Broken,182.88,23.761,0.94
2026-01-24T10:00:00Z,2.0577788,280,22,21,1014,2500,Mist (French: Brume),Broken,182.88,23.771,0.94
2026-01-24T11:00:00Z,2.0577788,300,23,21,1015,3500,Mist (French: Brume),Scattered,121.92,23.867,0.89
2026-01-24T12:00:00Z,2.5722235,10,24,21,1016,5000,Mist (French: Brume),Few,274.32,23.991,0.83
2026-01-24T13:00:00Z,2.5722235,350,25,22,1016,5000,Mist (French: Brume),Broken,335.28,24.331,0.83
2026-01-24T14:00:00Z,4.6300023,50,25,22,1015,6000,Sem Info,Scattered,335.28,24.441,0.83
2026-01-24T15:00:00Z,5.144447,140,26,21,1015,6000,Sem Info,Few,335.28,24.494,0.74
2026-01-24T16:00:00Z,4.6300023,120,27,22,1015,5000,Haze,Few,335.28,24.523,0.74
2026-01-24T17:00:00Z,4.6300023,110,26,21,1014,7000,Sem Info,Few,335.28,24.565,0.74
2026-01-24T18:00:00Z,2.5722235,60,25,22,1014,7000,Light intensity: Rain,Few,365.76,24.7,0.83
2026-01-24T19:00:00Z,1.5433341,150,25,22,1014,8000,Sem Info,Few,365.76,24.728,0.83
2026-01-24T20:00:00Z,2.5722235,120,24,22,1013,6000,Light intensity: Rain,Few,365.76,24.756,0.89
2026-01-24T21:00:00Z,3.0866682,140,24,22,1013,6000,Sem Info,Few,274.32,24.739,0.89
2026-01-24T22:00:00Z,2.5722235,140,24,22,1015,8000,Sem Info,Few,274.32,24.714,0.89
2026-01-24T23:00:00Z,3.0866682,150,24,22,1015,10000,Sem Info,Scattered,579.12,24.677,0.89
2026-01-25T00:00:00Z,1.0288894,150,25,22,1016,10000,Sem Info,Few,457.2,24.643,0.83
2026-01-25T00:20:00Z,1.5433341,110,24,22,1016,4000,Light intensity: Rain,Few,335.28,23.705,0.89
2026-01-25T01:00:00Z,1.0288894,110,24,22,1016,8000,Light intensity: Thunderstorm Rain,Few,944.88,24.613,0.89
2026-01-25T02:00:00Z,1.5433341,10,24,22,1016,9000,Light intensity: Rain,Scattered,274.32,24.578,0.89
2026-01-25T02:32:00Z,1.5433341,280,24,23,1016,9000,Sem Info,Broken,274.32,24.035,0.94
2026-01-25T03:00:00Z,1.5433341,270,24,22,1016,8000,Light intensity: Rain,Broken,213.36,24.541,0.89
2026-01-25T04:00:00Z,3.0866682,270,24,22,1016,9000,Light intensity: Rain,Broken,213.36,24.506,0.89
2026-01-25T05:00:00Z,4.6300023,260,22,20,1016,4500,Light intensity: Rain,Broken,213.36,24.471,0.88
2026-01-25T06:00:00Z,5.144447,290,22,20,1016,1200,Heavy intensity: Rain,Few,121.92,24.435,0.88
2026-01-25T06:23:00Z,1.0288894,290,21,20,1015,7000,Light intensity: Rain,Few,121.92,21.327,0.94
2026-01-25T07:00:00Z,3.0866682,70,21,20,1015,10000,Sem Info,Few,152.4,24.399,0.94
2026-01-25T08:00:00Z,1.0288894,70,21,20,1015,10000,Sem Info,Few,152.4,24.363,0.94
2026-01-25T09:00:00Z,2.5722235,160,22,20,1016,10000,Sem Info,Few,152.4,24.328,0.88
2026-01-25T10:00:00Z,1.0288894,160,23,21,1016,10000,Sem Info,Few,274.32,24.34,0.89
2026-01-25T11:00:00Z,1.5433341,160,24,21,1017,10000,Sem Info,Few,274.32,24.394,0.83
2026-01-25T12:00:00Z,3.0866682,340,25,21,1017,10000,Sem Info,Few,609.6,24.636,0.78
2026-01-25T13:00:00Z,2.0577788,360,27,21,1017,10000,Sem Info,Few,609.6,24.891,0.7
2026-01-25T14:00:00Z,2.5722235,20,28,21,1016,10000,Sem Info,Few,609.6,25.184,0.66
2026-01-25T15:00:00Z,3.0866682,350,29,21,1016,10000,Sem Info,Few,609.6,25.289,0.62
2026-01-25T16:00:00Z,5.144447,110,28,22,1016,10000,Sem Info,Few,914.4,25.364,0.7
2026-01-25T17:00:00Z,5.6588917,130,27,22,1015,10000,Sem Info,Few,914.4,25.381,0.74
2026-01-25T18:00:00Z,4.6300023,130,26,22,1015,10000,Sem Info,Scattered,762.0,25.268,0.79
2026-01-25T19:00:00Z,5.144447,130,26,22,1015,10000,Sem Info,Scattered,762.0,25.307,0.79
2026-01-25T20:00:00Z,4.1155576,130,26,22,1015,7000,Light intensity: Rain,Broken,609.6,25.299,0.79
2026-01-25T20:22:00Z,7.2022258,60,24,21,1016,5000,Light intensity: Rain,Few,914.4,24.177,0.83
2026-01-25T21:00:00Z,4.6300023,40,23,22,1016,2000,Thunderstorm Rain,Few,914.4,25.276,0.94
2026-01-25T21:17:00Z,3.0866682,180,23,21,1017,6000,Light intensity: Thunderstorm Rain,Few,914.4,23.582,0.89
2026-01-25T22:00:00Z,2.0577788,110,23,21,1017,8000,Light intensity: Thunderstorm Rain,Few,914.4,25.235,0.89
2026-01-25T23:00:00Z,1.5433341,110,23,21,1017,7000,Light intensity: Rain,Few,914.4,25.19,0.89
2026-01-26T00:00:00Z,1.5433341,200,24,22,1017,8000,Sem Info,Few,914.4,25.143,0.89
2026-01-26T01:00:00Z,1.0288894,130,23,22,1017,8000,Sem Info,Scattered,487.68,25.097,0.94
2026-01-26T02:00:00Z,2.5722235,310,23,22,1017,6000,Sem Info,Few,213.36,25.049,0.94
2026-01-26T03:00:00Z,0.5144447,290,23,21,1016,9000,Sem Info,Few,213.36,24.997,0.89
2026-01-26T04:00:00Z,1.0288894,80,23,22,1016,9000,Sem Info,Few,213.36,24.938,0.94
2026-01-26T05:00:00Z,1.5433341,50,23,22,1015,9000,Sem Info,Few,182.88,24.882,0.94
2026-01-26T06:00:00Z,2.0577788,50,23,22,1015,7000,Sem Info,Scattered,152.4,24.828,0.94
2026-01-26T07:00:00Z,1.0288894,270,23,22,1015,7000,Sem Info,Scattered,152.4,24.767,0.94
2026-01-26T08:00:00Z,0.5144447,130,23,21,1015,8000,Sem Info,Scattered,152.4,24.709,0.89
2026-01-26T09:00:00Z,1.5433341,70,23,21,1016,6000,Sem Info,Few,152.4,24.658,0.89
2026-01-26T10:00:00Z,2.0577788,50,23,22,1016,6000,Sem Info,Few,152.4,24.706,0.94
2026-01-26T11:00:00Z,1.5433341,50,25,22,1017,7000,Sem Info,Few,243.84,24.937,0.83
2026-01-26T12:00:00Z,1.5433341,150,26,22,1017,7000,Sem Info,Broken,365.76,25.204,0.79
2026-01-26T13:00:00Z,3.0866682,40,27,22,1017,9000,Sem Info,Scattered,609.6,25.428,0.74
2026-01-26T14:00:00Z,3.6011129,70,29,23,1017,10000,Sem Info,Scattered,609.6,25.677,0.7
2026-01-26T15:00:00Z,3.0866682,130,30,20,1016,10000,Sem Info,Scattered,609.6,26.055,0.55
2026-01-26T16:00:00Z,3.0866682,130,30,22,1016,10000,Sem Info,Few,457.2,26.317,0.62
2026-01-26T17:00:00Z,4.6300023,110,30,23,1016,10000,Sem Info,Few,457.2,26.254,0.66
2026-01-26T18:00:00Z,2.5722235,140,28,23,1016,9000,Sem Info,Few,457.2,26.178,0.74
2026-01-26T19:00:00Z,3.6011129,110,28,22,1015,10000,Sem Info,Few,457.2,26.18,0.7
2026-01-26T20:00:00Z,2.0577788,110,27,23,1015,10000,Sem Info,Few,457.2,26.172,0.79
2026-01-26T21:00:00Z,2.0577788,120,27,23,1015,10000,Sem Info,Few,457.2,26.155,0.79
2026-01-26T22:00:00Z,1.0288894,100,27,21,1015,10000,Sem Info,Few,457.2,25.966,0.7
2026-01-26T23:00:00Z,2.5722235,70,26,22,1016,10000,Sem Info,Few,457.2,25.929,0.79
2026-01-27T00:00:00Z,2.5722235,70,26,22,1017,8000,Light intensity: Rain,Few,457.2,25.892,0.79
2026-01-27T01:00:00Z,1.5433341,160,25,23,1016,7000,Light intensity: Rain,Few,457.2,25.851,0.89
2026-01-27T02:00:00Z,1.0288894,140,25,23,1016,7000,Sem Info,Few,396.24,25.809,0.89
2026-01-27T03:00:00Z,1.0288894,140,25,22,1016,7000,Sem Info,Few,396.24,25.764,0.83
2026-01-27T04:00:00Z,2.0577788,120,24,22,1016,7000,Sem Info,Few,396.24,25.716,0.89
2026-01-27T05:00:00Z,2.5722235,120,24,22,1015,7000,Sem Info,Few,396.24,25.666,0.89
2026-01-27T06:00:00Z,2.5722235,120,24,22,1015,7000,Sem Info,Few,396.24,25.611,0.89
2026-01-27T07:00:00Z,1.5433341,100,24,22,1015,7000,Sem Info,Few,243.84,25.555,0.89
2026-01-27T08:00:00Z,1.5433341,120,24,22,1015,7000,Sem Info,Few,243.84,25.494,0.89
2026-01-27T09:00:00Z,1.5433341,120,24,22,1016,7000,Sem Info,Scattered,243.84,25.436,0.89
2026-01-27T10:00:00Z,4.1155576,70,25,22,1016,9000,Sem Info,Scattered,243.84,25.416,0.83
2026-01-27T11:00:00Z,4.6300023,60,26,23,1016,9000,Sem Info,Scattered,243.84,25.535,0.84
2026-01-27T12:00:00Z,3.0866682,30,27,23,1017,10000,Sem Info,Scattered,426.72,25.708,0.79
2026-01-27T13:00:00Z,3.0866682,20,28,22,1016,10000,Sem Info,Few,304.8,25.923,0.7
2026-01-27T14:00:00Z,2.5722235,20,29,22,1016,10000,Sem Info,Few,670.56,26.173,0.66
2026-01-27T15:00:00Z,3.0866682,60,31,22,1015,10000,Sem Info,Few,91.44,26.472,0.59
2026-01-27T16:00:00Z,3.0866682,80,32,22,1015,10000,Sem Info,Few,914.4,26.771,0.56
2026-01-27T17:00:00Z,5.6588917,120,31,22,1014,10000,Sem Info,Few,914.4,26.904,0.59
2026-01-27T18:00:00Z,5.6588917,130,31,22,1014,10000,Sem Info,Few,914.4,26.878,0.59
2026-01-27T19:00:00Z,5.6588917,130,29,21,1014,10000,Sem Info,Few,914.4,26.77,0.62
2026-01-27T20:00:00Z,3.0866682,130,29,22,1014,10000,Sem Info,Few,914.4,26.703,0.66
2026-01-27T20:39:00Z,8.7455599,50,25,20,1015,6000,Rain,Scattered,762.0,24.99,0.74
2026-01-27T21:00:00Z,8.2311152,50,24,20,1015,5000,Thunderstorm Rain,Few,914.4,26.688,0.78
2026-01-27T21:10:00Z,4.1155576,60,24,20,1015,6000,Light intensity: Thunderstorm Rain,Few,914.4,23.792,0.78
2026-01-27T22:00:00Z,2.0577788,220,24,20,1014,10000,Recent: Thunderstorm,Few,914.4,26.713,0.78
2026-01-27T23:00:00Z,2.0577788,140,24,21,1015,10000,Sem Info,Scattered,1402.08,26.66,0.83
2026-01-28T00:00:00Z,2.5722235,120,23,21,1015,10000,Sem Info,Scattered,1402.08,26.605,0.89
2026-01-28T01:00:00Z,2.0577788,140,23,21,1015,10000,Sem Info,Scattered,1402.08,26.551,0.89
2026-01-28T02:00:00Z,2.5722235,110,23,21,1015,10000,Sem Info,Few,1402.08,26.493,0.89
2026-01-28T03:00:00Z,0.5144447,90,23,21,1015,10000,Sem Info,Few,1402.08,26.43,0.89
2026-01-28T04:00:00Z,2.0577788,120,23,21,1014,10000,Sem Info,Few,1402.08,26.363,0.89
2026-01-28T05:00:00Z,2.0577788,150,22,21,1014,10000,Sem Info,Few,1402.08,26.295,0.94
2026-01-28T06:00:00Z,1.5433341,180,22,20,1014,10000,Sem Info,Few,1402.08,26.22,0.88
2026-01-28T07:00:00Z,1.5433341,190,22,20,1013,8000,Sem Info,Few,1402.08,26.142,0.88
2026-01-28T08:00:00Z,0.0,0,22,20,1014,8000,Sem Info,Few,1402.08,26.061,0.88
2026-01-28T09:00:00Z,1.5433341,70,22,21,1015,10000,Sem Info,Few,274.32,25.979,0.94
2026-01-28T10:00:00Z,1.5433341,30,23,21,1015,8000,Sem Info,Few,243.84,25.945,0.89
2026-01-28T11:00:00Z,1.0288894,30,25,21,1016,9000,Sem Info,Few,609.6,26.036,0.78
2026-01-28T12:00:00Z,1.5433341,50,27,22,1016,10000,Sem Info,Few,914.4,26.138,0.74
2026-01-28T13:00:00Z,2.0577788,50,29,22,1016,10000,Sem Info,Few,914.4,26.267,0.66
2026-01-28T14:00:00Z,2.5722235,50,30,21,1015,10000,Sem Info,Few,1219.2,26.419,0.59
2026-01-28T15:00:00Z,2.5722235,40,32,19,1015,10000,Sem Info,Few,1219.2,26.668,0.46
2026-01-28T16:00:00Z,2.0577788,40,33,19,1014,10000,Sem Info,Few,1219.2,27.018,0.44
2026-01-28T17:00:00Z,2.0577788,250,34,19,1013,10000,Sem Info,Few,1066.8,27.421,0.41
2026-01-28T18:00:00Z,4.6300023,130,33,20,1012,10000,Sem Info,Few,1066.8,27.595,0.46
2026-01-28T19:00:00Z,5.6588917,140,33,21,1012,10000,Sem Info,Few,1066.8,27.557,0.49
2026-01-28T20:00:00Z,5.144447,150,31,20,1012,9000,Thunderstorm,Few,1066.8,27.55,0.52
2026-01-28T21:00:00Z,5.144447,150,31,21,1012,10000,Recent: Thunderstorm,Few,914.4,27.526,0.55
2026-01-28T22:00:00Z,2.0577788,140,30,22,1013,10000,Sem Info,Few,914.4,27.361,0.62
2026-01-28T22:28:00Z,2.0577788,120,29,22,1013,10000,Thunderstorm,Few,914.4,29.438,0.66
2026-01-28T23:00:00Z,2.5722235,40,29,22,1014,10000,Thunderstorm,Few,914.4,27.298,0.66
2026-01-29T00:00:00Z,2.5722235,320,28,22,1014,10000,Recent: Thunderstorm,Few,914.4,27.235,0.7
2026-01-29T01:00:00Z,1.5433341,300,28,22,1014,10000,Sem Info,Few,914.4,27.173,0.7
2026-01-29T02:00:00Z,1.5433341,310,27,23,1014,10000,Sem Info,Few,914.4,27.111,0.79
2026-01-29T03:00:00Z,1.5433341,350,27,23,1013,10000,Sem Info,Few,762.0,27.042,0.79
2026-01-29T04:00:00Z,2.5722235,50,26,22,1013,10000,Sem Info,Few,762.0,26.965,0.79
2026-01-29T05:00:00Z,3.0866682,40,25,22,1013,10000,Sem Info,No,0.0,26.883,0.83
2026-01-29T06:00:00Z,1.5433341,80,25,22,1012,10000,Sem Info,No,0.0,26.795,0.83
2026-01-29T07:00:00Z,1.5433341,70,24,22,1012,10000,Sem Info,No,0.0,26.703,0.89
2026-01-29T08:00:00Z,1.5433341,130,24,22,1013,10000,Sem Info,No,0.0,26.606,0.89
2026-01-29T09:00:00Z,1.0288894,130,25,22,1013,10000,Sem Info,No,0.0,26.51,0.83
2026-01-29T10:00:00Z,1.0288894,130,26,22,1013,10000,Sem Info,No,0.0,26.47,0.79
2026-01-29T11:00:00Z,1.5433341,90,28,22,1013,10000,Sem Info,No,0.0,26.534,0.7
2026-01-29T12:00:00Z,3.0866682,10,28,22,1013,10000,Sem Info,No,0.0,26.681,0.7
2026-01-29T13:00:00Z,1.5433341,60,31,21,1013,10000,Sem Info,No,0.0,26.857,0.55
2026-01-29T14:00:00Z,2.0577788,10,32,22,1013,10000,Sem Info,Few,1066.8,27.066,0.56
2026-01-29T15:00:00Z,2.0577788,350,34,21,1012,10000,Sem Info,Few,1066.8,27.336,0.47
2026-01-29T16:00:00Z,3.0866682,350,34,20,1011,10000,Sem Info,Few,1066.8,27.752,0.44
2026-01-29T17:00:00Z,5.144447,130,32,22,1011,10000,Sem Info,Few,1066.8,28.432,0.56
2026-01-29T18:00:00Z,5.6588917,120,31,22,1010,10000,Sem Info,Few,1066.8,28.416,0.59
2026-01-29T19:00:00Z,5.6588917,130,30,20,1010,10000,Sem Info,Few,1066.8,28.444,0.55
2026-01-29T20:00:00Z,7.716670499999999,340,25,21,1012,10000,Sem Info,Few,1066.8,28.468,0.78
2026-01-29T21:00:00Z,8.7455599,60,24,21,1012,10000,Sem Info,Few,243.84,28.414,0.83
2026-01-29T22:00:00Z,4.1155576,90,24,21,1012,10000,Sem Info,Few,243.84,28.266,0.83
2026-01-29T23:00:00Z,3.0866682,60,24,21,1011,9000,Light intensity: Rain,Few,609.6,28.177,0.83
2026-01-30T00:00:00Z,2.0577788,120,24,21,1011,10000,Sem Info,Few,914.4,28.09,0.83
2026-01-30T01:00:00Z,1.0288894,120,24,21,1012,10000,Sem Info,Few,914.4,28.003,0.83
2026-01-30T02:00:00Z,2.5722235,330,24,21,1011,10000,Sem Info,Few,914.4,27.906,0.83
2026-01-30T03:00:00Z,3.0866682,330,24,21,1011,10000,Sem Info,Few,914.4,27.806,0.83
2026-01-30T04:00:00Z,1.0288894,80,23,21,1010,10000,Sem Info,Scattered,1219.2,27.703,0.89
2026-01-30T05:00:00Z,1.0288894,350,24,21,1009,10000,Sem Info,Scattered,1219.2,27.601,0.83
2026-01-30T06:00:00Z,2.0577788,70,23,21,1009,10000,Sem Info,Scattered,914.4,27.499,0.89
2026-01-30T07:00:00Z,1.5433341,20,23,21,1009,10000,Sem Info,Few,609.6,27.393,0.89
2026-01-30T08:00:00Z,2.0577788,50,23,21,1009,10000,Sem Info,Few,457.2,27.29,0.89
2026-01-30T09:00:00Z,2.0577788,50,23,21,1009,10000,Sem Info,Few,914.4,27.188,0.89
2026-01-30T10:00:00Z,1.0288894,50,24,22,1010,10000,Sem Info,Few,914.4,27.118,0.89
2026-01-30T11:00:00Z,2.0577788,310,25,22,1010,10000,Sem Info,Few,914.4,27.105,0.83
2026-01-30T12:00:00Z,1.5433341,320,26,21,1010,10000,Sem Info,Few,914.4,27.098,0.74
2026-01-30T13:00:00Z,1.0288894,320,28,20,1010,10000,Sem Info,Few,914.4,27.121,0.62
2026-01-30T14:00:00Z,2.5722235,50,28,22,1010,10000,Sem Info,Few,914.4,27.31,0.7
2026-01-30T15:00:00Z,3.0866682,60,28,21,1010,10000,Sem Info,Few,914.4,27.395,0.66
2026-01-30T16:00:00Z,5.144447,60,29,21,1009,10000,Sem Info,Few,914.4,27.451,0.62
2026-01-30T17:00:00Z,5.144447,60,29,21,1008,10000,Sem Info,No,0.0,27.486,0.62
2026-01-30T18:00:00Z,4.1155576,60,30,20,1007,10000,Sem Info,No,0.0,27.51,0.55
2026-01-30T19:00:00Z,3.6011129,60,30,21,1006,10000,Sem Info,No,0.0,27.497,0.59
2026-01-30T20:00:00Z,3.0866682,60,29,23,1006,10000,Sem Info,No,0.0,27.456,0.7
2026-01-30T21:00:00Z,4.6300023,250,26,23,1007,7000,Light intensity: Rain,Few,762.0,27.395,0.84
2026-01-30T22:00:00Z,2.5722235,170,26,23,1007,7000,Light intensity: Rain,Few,762.0,27.436,0.84
2026-01-30T23:00:00Z,2.5722235,270,26,23,1008,10000,Sem Info,Scattered,914.4,27.376,0.84
2026-01-31T00:00:00Z,2.0577788,330,25,22,1008,10000,Sem Info,Few,914.4,27.311,0.83
2026-01-31T01:00:00Z,2.5722235,320,25,22,1009,10000,Sem Info,Few,1219.2,27.244,0.83
2026-01-31T02:00:00Z,1.5433341,310,25,22,1008,10000,Sem Info,Few,1219.2,27.172,0.83
2026-01-31T03:00:00Z,1.0288894,310,25,22,1007,10000,Sem Info,Few,1219.2,27.096,0.83
2026-01-31T04:00:00Z,1.0288894,310,25,22,1007,10000,Sem Info,Few,579.12,27.013,0.83
2026-01-31T05:00:00Z,0.5144447,50,24,22,1006,10000,Sem Info,Few,609.6,26.923,0.89
2026-01-31T06:00:00Z,2.5722235,330,24,23,1005,10000,Sem Info,Few,609.6,26.828,0.94
2026-01-31T07:00:00Z,1.5433341,300,24,23,1005,7000,Sem Info,Few,609.6,26.726,0.94
2026-01-31T08:00:00Z,1.0288894,230,24,22,1006,9000,Sem Info,Few,762.0,26.62,0.89
2026-01-31T09:00:00Z,0.5144447,240,24,22,1006,10000,Sem Info,Few,914.4,26.518,0.89
2026-01-31T10:00:00Z,1.5433341,260,26,22,1006,10000,Sem Info,Few,914.4,26.502,0.79
2026-01-31T11:00:00Z,4.1155576,260,29,21,1007,10000,Sem Info,Few,914.4,26.474,0.62
2026-01-31T12:00:00Z,4.6300023,240,30,21,1007,10000,Sem Info,Few,914.4,26.499,0.59
2026-01-31T13:00:00Z,3.6011129,300,32,21,1007,10000,Sem Info,Few,914.4,26.472,0.52
2026-01-31T14:00:00Z,5.144447,270,33,19,1007,10000,Sem Info,Few,1066.8,26.483,0.44
2026-01-31T15:00:00Z,4.6300023,320,34,19,1006,10000,Sem Info,Scattered,1219.2,26.573,0.41
2026-01-31T16:00:00Z,7.2022258,120,31,23,1006,10000,Sem Info,Few,1524.0,26.65,0.62
2026-01-31T16:28:00Z,5.6588917,100,29,22,1007,2500,Thunderstorm Rain,Few,1524.0,29.133,0.66
2026-01-31T17:00:00Z,3.6011129,160,29,23,1006,10000,Thunderstorm,Few,1524.0,26.69,0.7
2026-01-31T18:00:00Z,5.6588917,110,30,23,1005,10000,Thunderstorm,Few,1371.6,26.838,0.66
2026-01-31T19:00:00Z,5.6588917,110,28,23,1006,10000,Recent: Thunderstorm,Few,1219.2,26.92,0.74
2026-01-31T20:00:00Z,5.144447,120,27,22,1006,10000,Sem Info,Few,1219.2,26.999,0.74
2026-01-31T21:00:00Z,4.1155576,110,27,22,1007,10000,Sem Info,Few,609.6,26.988,0.74
2026-01-31T22:00:00Z,3.6011129,130,27,22,1007,10000,Sem Info,Few,609.6,26.902,0.74
2026-01-31T23:00:00Z,2.5722235,120,26,22,1008,10000,Sem Info,Few,1463.04,26.849,0.79
2026-02-01T00:00:00Z,2.5722235,110,26,21,1008,10000,Sem Info,Few,1463.04,26.793,0.74
2026-02-01T01:00:00Z,2.0577788,110,26,21,1008,10000,Sem Info,Few,1463.04,26.734,0.74
2026-02-01T02:00:00Z,1.5433341,100,26,22,1008,10000,Sem Info,Few,1463.04,26.679,0.79
2026-02-01T03:00:00Z,1.5433341,110,25,22,1008,10000,Sem Info,Few,914.4,26.622,0.83
2026-02-01T04:00:00Z,1.5433341,110,25,22,1007,10000,Sem Info,Few,243.84,26.558,0.83
2026-02-01T05:00:00Z,1.5433341,110,24,22,1006,10000,Sem Info,Few,243.84,26.489,0.89
2026-02-01T06:00:00Z,1.5433341,110,24,22,1006,10000,Sem Info,Few,243.84,26.414,0.89
2026-02-01T07:00:00Z,1.5433341,60,24,22,1006,10000,Sem Info,No,0.0,26.334,0.89
2026-02-01T08:00:00Z,1.5433341,60,24,23,1006,10000,Sem Info,No,0.0,26.247,0.94
2026-02-01T09:00:00Z,1.5433341,60,24,22,1006,10000,Sem Info,No,0.0,26.159,0.89
2026-02-01T10:00:00Z,1.0288894,10,26,23,1006,10000,Sem Info,No,0.0,26.146,0.84
2026-02-01T11:00:00Z,1.0288894,10,28,22,1007,10000,Sem Info,No,0.0,26.216,0.7
2026-02-01T12:00:00Z,1.5433341,350,30,23,1007,10000,Sem Info,No,0.0,26.306,0.66
2026-02-01T13:00:00Z,2.5722235,10,31,23,1007,10000,Sem Info,Few,762.0,26.378,0.62
2026-02-01T14:00:00Z,5.144447,330,35,21,1006,10000,Sem Info,Few,914.4,26.454,0.44
2026-02-01T15:00:00Z,6.1733364,340,35,22,1005,10000,Sem Info,Few,1219.2,26.627,0.47
2026-02-01T16:00:00Z,5.6588917,330,36,20,1004,10000,Sem Info,Few,1219.2,26.874,0.39
2026-02-01T17:00:00Z,4.6300023,360,37,21,1003,10000,Sem Info,Few,1371.6,27.244,0.4
2026-02-01T18:00:00Z,3.6011129,40,36,21,1003,10000,Sem Info,Few,1371.6,27.762,0.42
2026-02-01T19:00:00Z,4.6300023,140,31,23,1003,10000,Sem Info,Few,1219.2,27.946,0.62
2026-02-01T20:00:00Z,4.1155576,140,31,22,1003,10000,Sem Info,Few,1219.2,27.964,0.59
2026-02-01T21:00:00Z,2.5722235,90,31,23,1004,10000,Sem Info,Few,1219.2,28.008,0.62
2026-02-01T21:33:00Z,4.6300023,130,28,23,1005,10000,Light intensity: Thunderstorm Rain,Few,1219.2,28.076,0.74
2026-02-01T22:00:00Z,6.6877811,360,27,23,1006,10000,Heavy intensity: Thunderstorm Rain,Few,1219.2,28.36,0.79
2026-02-01T23:00:00Z,1.5433341,360,25,21,1007,10000,Recent: Thunderstorm Rain,Few,274.32,28.303,0.78
2026-02-02T00:00:00Z,5.6588917,190,23,21,1009,3000,Thunderstorm Rain,Few,914.4,28.244,0.89
2026-02-02T01:00:00Z,1.5433341,40,23,22,1010,9000,Light intensity: Rain,Few,274.32,28.187,0.94
2026-02-02T02:00:00Z,3.6011129,40,24,22,1009,10000,Sem Info,Few,274.32,28.123,0.89
2026-02-02T03:00:00Z,4.6300023,70,24,21,1008,10000,Sem Info,Few,396.24,28.056,0.83
2026-02-02T04:00:00Z,2.5722235,130,23,22,1007,10000,Sem Info,Few,396.24,27.986,0.94
2026-02-02T05:00:00Z,1.0288894,130,23,22,1007,10000,Sem Info,Few,396.24,27.913,0.94
2026-02-02T06:00:00Z,1.5433341,220,24,22,1007,10000,Sem Info,Few,396.24,27.838,0.89
2026-02-02T07:00:00Z,1.5433341,280,24,22,1007,10000,Sem Info,Few,396.24,27.76,0.89
2026-02-02T08:00:00Z,2.0577788,330,24,22,1007,10000,Sem Info,Few,396.24,27.685,0.89
2026-02-02T09:00:00Z,2.0577788,340,24,22,1007,10000,Sem Info,Few,609.6,27.612,0.89
2026-02-02T10:00:00Z,1.5433341,320,25,22,1007,10000,Sem Info,Few,609.6,27.541,0.83
2026-02-02T11:00:00Z,2.0577788,290,28,22,1007,10000,Sem Info,Few,609.6,27.658,0.7
2026-02-02T12:00:00Z,1.5433341,20,29,23,1008,10000,Sem Info,Few,670.56,27.823,0.7
2026-02-02T13:00:00Z,1.5433341,40,30,22,1008,10000,Sem Info,Few,670.56,27.941,0.62
2026-02-02T14:00:00Z,2.5722235,320,32,22,1008,10000,Sem Info,Few,670.56,28.027,0.56
2026-02-02T15:00:00Z,3.0866682,290,32,22,1008,10000,Sem Info,Few,670.56,28.142,0.56
2026-02-02T16:00:00Z,3.0866682,280,32,22,1007,10000,Sem Info,Few,701.04,28.338,0.56
2026-02-02T17:00:00Z,2.5722235,140,31,24,1007,10000,Sem Info,Few,457.2,28.374,0.66
2026-02-02T18:00:00Z,4.6300023,210,30,21,1007,10000,Sem Info,Few,457.2,28.313,0.59
2026-02-02T19:00:00Z,5.6588917,210,30,21,1007,10000,Sem Info,Few,457.2,28.346,0.59
2026-02-02T20:00:00Z,4.6300023,220,29,21,1007,10000,Sem Info,Scattered,457.2,28.396,0.62
2026-02-02T21:00:00Z,2.0577788,60,29,22,1008,10000,Sem Info,Scattered,457.2,28.34,0.66
2026-02-02T22:00:00Z,3.0866682,100,27,23,1008,10000,Sem Info,Scattered,457.2,28.173,0.79
2026-02-02T23:00:00Z,2.0577788,110,27,23,1009,10000,Sem Info,Few,762.0,28.114,0.79
2026-02-03T00:00:00Z,1.5433341,120,27,23,1010,10000,Sem Info,Few,609.6,28.05,0.79
2026-02-03T01:00:00Z,1.0288894,100,27,23,1010,10000,Sem Info,Few,609.6,27.989,0.79
2026-02-03T02:00:00Z,0.5144447,100,27,23,1010,10000,Sem Info,Few,609.6,27.924,0.79
2026-02-03T03:00:00Z,0.0,0,27,23,1009,10000,Sem Info,Few,609.6,27.861,0.79
2026-02-03T04:00:00Z,0.0,0,26,24,1009,10000,Sem Info,Few,609.6,27.798,0.89
2026-02-03T05:00:00Z,1.0288894,360,26,24,1008,9000,Light intensity: Rain,Few,609.6,27.738,0.89
2026-02-03T06:00:00Z,2.0577788,330,26,24,1008,9000,Sem Info,Few,609.6,27.676,0.89
2026-02-03T07:00:00Z,2.0577788,310,26,24,1008,9000,Sem Info,Few,609.6,27.615,0.89
2026-02-03T08:00:00Z,2.0577788,320,26,23,1008,9000,Sem Info,Few,609.6,27.55,0.84
2026-02-03T09:00:00Z,1.5433341,330,26,23,1009,10000,Sem Info,Few,609.6,27.484,0.84
2026-02-03T10:00:00Z,1.5433341,360,27,23,1009,10000,Sem Info,Few,609.6,27.47,0.79
2026-02-03T11:00:00Z,1.5433341,10,28,23,1009,10000,Sem Info,Few,609.6,27.592,0.74
2026-02-03T12:00:00Z,1.0288894,220,30,23,1009,10000,Sem Info,Few,762.0,27.704,0.66
2026-02-03T13:00:00Z,2.5722235,50,31,23,1009,10000,Sem Info,Few,762.0,27.804,0.62
2026-02-03T14:00:00Z,3.6011129,40,32,22,1009,10000,Sem Info,Scattered,914.4,27.965,0.56
2026-02-03T15:00:00Z,4.1155576,120,32,22,1008,10000,Sem Info,Few,914.4,28.159,0.56
2026-02-03T16:00:00Z,4.6300023,130,31,24,1007,10000,Sem Info,Few,914.4,28.468,0.66
2026-02-03T17:00:00Z,6.1733364,120,31,24,1007,10000,Sem Info,Few,914.4,28.638,0.66
2026-02-03T18:00:00Z,5.144447,140,29,23,1006,10000,Sem Info,Few,914.4,28.577,0.7
2026-02-03T18:14:00Z,8.7455599,300,26,22,1007,3000,Light intensity: Thunderstorm Rain,Few,914.4,26.348,0.79
2026-02-03T18:24:00Z,9.7744493,290,24,22,1008,1000,Heavy intensity: Thunderstorm Rain,Few,914.4,24.092,0.89
2026-02-03T18:42:00Z,4.6300023,240,24,23,1007,4000,Light intensity: Thunderstorm Rain,Few,914.4,24.329,0.94
2026-02-03T19:00:00Z,3.0866682,160,24,23,1007,5000,Light intensity: Thunderstorm Rain,Few,182.88,28.553,0.94
2026-02-03T20:00:00Z,1.0288894,130,25,23,1007,8000,Recent: Thunderstorm,Few,914.4,28.511,0.89
2026-02-03T21:00:00Z,1.0288894,50,25,23,1007,10000,Sem Info,Few,1066.8,28.457,0.89
2026-02-03T22:00:00Z,2.5722235,70,25,23,1008,10000,Sem Info,Few,914.4,28.43,0.89
2026-02-03T23:00:00Z,1.5433341,90,25,23,1008,10000,Sem Info,Few,914.4,28.359,0.89
2026-02-04T00:00:00Z,1.5433341,130,26,23,1009,10000,Sem Info,Broken,914.4,28.297,0.84
2026-02-04T01:00:00Z,1.0288894,130,26,23,1009,10000,Sem Info,Broken,914.4,28.235,0.84
2026-02-04T02:00:00Z,0.0,0,26,23,1009,10000,Sem Info,Broken,914.4,28.174,0.84
2026-02-04T03:00:00Z,4.1155576,340,26,24,1009,8000,Light intensity: Rain,Broken,457.2,28.111,0.89
2026-02-04T04:00:00Z,0.5144447,290,25,23,1007,10000,Sem Info,Scattered,762.0,28.046,0.89
2026-02-04T05:00:00Z,0.5144447,90,25,23,1007,10000,Sem Info,Scattered,762.0,27.975,0.89
2026-02-04T06:00:00Z,1.0288894,80,25,24,1006,10000,Sem Info,Scattered,762.0,27.905,0.94
2026-02-04T07:00:00Z,1.0288894,120,25,23,1006,10000,Sem Info,Scattered,914.4,27.832,0.89
2026-02-04T08:00:00Z,0.5144447,20,25,23,1006,10000,Sem Info,Scattered,914.4,27.754,0.89
2026-02-04T09:00:00Z,0.5144447,20,24,23,1006,10000,Sem Info,Few,609.6,27.676,0.94
2026-02-04T10:00:00Z,0.5144447,20,26,24,1007,10000,Sem Info,Few,609.6,27.642,0.89
2026-02-04T11:00:00Z,1.5433341,230,28,24,1007,10000,Sem Info,Few,609.6,27.608,0.79
2026-02-04T12:00:00Z,3.6011129,300,30,22,1007,10000,Sem Info,Few,609.6,27.572,0.62
2026-02-04T13:00:00Z,4.6300023,310,32,22,1008,10000,Sem Info,Few,609.6,27.519,0.56
2026-02-04T14:00:00Z,4.1155576,330,33,21,1007,10000,Sem Info,Few,670.56,27.552,0.49
2026-02-04T15:00:00Z,2.5722235,270,33,21,1007,10000,Sem Info,Scattered,487.68,27.697,0.49
2026-02-04T16:00:00Z,3.6011129,170,31,24,1007,10000,Sem Info,Few,762.0,27.866,0.66
2026-02-04T17:00:00Z,3.6011129,140,31,25,1007,10000,Sem Info,Few,762.0,27.91,0.7
2026-02-04T18:00:00Z,5.6588917,220,30,22,1007,8000,Light intensity: Rain,Few,762.0,27.967,0.62
2026-02-04T19:00:00Z,4.1155576,210,28,24,1007,8000,Light intensity: Rain,Scattered,457.2,28.099,0.79
2026-02-04T20:00:00Z,2.0577788,90,29,23,1007,10000,Recent: Rain,Few,487.68,28.172,0.7
2026-02-04T21:00:00Z,2.5722235,40,28,24,1008,10000,Sem Info,Few,762.0,28.126,0.79
2026-02-04T22:00:00Z,2.0577788,60,27,24,1009,10000,Sem Info,Scattered,762.0,28.314,0.84
2026-02-04T23:00:00Z,2.5722235,90,27,24,1009,10000,Sem Info,Scattered,914.4,28.259,0.84
2026-02-05T00:00:00Z,1.0288894,150,27,24,1010,10000,Sem Info,Scattered,762.0,28.188,0.84
2026-02-05T01:00:00Z,1.0288894,170,27,24,1011,6000,Light intensity: Rain,Broken,762.0,28.117,0.84
2026-02-05T01:36:00Z,3.6011129,240,25,24,1011,4000,Rain,Few,213.36,25.085,0.94
2026-02-05T02:00:00Z,3.6011129,220,25,23,1011,4000,Rain,Few,213.36,28.049,0.89
2026-02-05T03:00:00Z,6.6877811,300,23,22,1011,2000,Heavy intensity: Rain,Scattered,182.88,27.982,0.94
2026-02-05T04:00:00Z,4.6300023,350,23,22,1010,3000,Rain,Scattered,121.92,27.912,0.94
2026-02-05T05:00:00Z,2.5722235,320,23,22,1009,7000,Light intensity: Rain,Few,121.92,27.84,0.94
2026-02-05T06:00:00Z,2.5722235,200,23,22,1009,8000,Sem Info,Scattered,335.28,27.77,0.94
2026-02-05T07:00:00Z,1.5433341,280,23,22,1009,9000,Sem Info,Few,213.36,27.704,0.94
2026-02-05T08:00:00Z,0.5144447,270,24,22,1009,10000,Sem Info,Few,243.84,27.64,0.89
2026-02-05T09:00:00Z,0.5144447,310,24,22,1009,10000,Sem Info,Few,213.36,27.577,0.89
2026-02-05T10:00:00Z,1.5433341,360,24,22,1009,10000,Sem Info,Few,213.36,27.517,0.89
2026-02-05T11:00:00Z,2.5722235,350,25,22,1010,10000,Sem Info,Few,213.36,27.509,0.83
2026-02-05T12:00:00Z,1.0288894,350,27,20,1010,10000,Sem Info,Few,213.36,27.771,0.66
2026-02-05T13:00:00Z,2.0577788,350,28,23,1010,10000,Sem Info,Few,274.32,28.146,0.74
2026-02-05T14:00:00Z,2.5722235,350,30,23,1010,10000,Sem Info,Few,274.32,28.42,0.66
2026-02-05T15:00:00Z,2.5722235,40,31,24,1010,10000,Sem Info,Few,304.8,28.33,0.66
2026-02-05T16:00:00Z,3.6011129,110,30,23,1009,10000,Sem Info,Few,1402.08,28.306,0.66
2026-02-05T17:00:00Z,4.1155576,120,30,23,1009,10000,Sem Info,Few,914.4,28.297,0.66
2026-02-05T18:00:00Z,4.1155576,110,30,24,1008,10000,Sem Info,Few,914.4,28.289,0.7
2026-02-05T19:00:00Z,2.5722235,190,29,23,1008,7000,Light intensity: Thunderstorm Rain,Few,792.48,28.281,0.7
2026-02-05T20:00:00Z,2.0577788,280,26,24,1008,10000,Thunderstorm,Few,1066.8,28.234,0.89
2026-02-05T21:00:00Z,2.5722235,300,27,25,1009,10000,Recent: Thunderstorm,Few,396.24,28.169,0.89
2026-02-05T22:00:00Z,3.6011129,290,26,23,1010,10000,Light intensity: Rain,Scattered,396.24,28.068,0.84
2026-02-05T23:00:00Z,3.0866682,270,25,24,1010,7000,Light intensity: Rain,Few,274.32,27.993,0.94
2026-02-06T00:00:00Z,2.0577788,320,25,24,1011,10000,Light intensity: Rain,Few,213.36,27.916,0.94
2026-02-06T01:00:00Z,2.0577788,290,25,24,1011,7000,Sem Info,Few,213.36,27.84,0.94
2026-02-06T02:00:00Z,2.0577788,320,25,24,1011,7000,Sem Info,Few,304.8,27.766,0.94
2026-02-06T03:00:00Z,2.5722235,340,25,23,1011,7000,Sem Info,Few,121.92,27.7,0.89
2026-02-06T04:00:00Z,2.0577788,320,25,23,1011,6000,Light intensity: Rain,Few,152.4,27.626,0.89
2026-02-06T05:00:00Z,2.5722235,320,24,23,1011,6000,Light intensity: Rain,Broken,243.84,27.552,0.94
2026-02-06T06:00:00Z,2.5722235,260,24,23,1010,5000,Light intensity: Rain,Broken,243.84,27.483,0.94
2026-02-06T07:00:00Z,2.0577788,230,25,23,1010,6000,Light intensity: Rain,Few,243.84,27.413,0.89
2026-02-06T08:00:00Z,2.0577788,230,25,23,1010,6000,Sem Info,Few,243.84,27.343,0.89
2026-02-06T09:00:00Z,2.5722235,320,25,23,1010,8000,Sem Info,Few,304.8,27.279,0.89
2026-02-06T10:00:00Z,1.5433341,310,25,24,1010,10000,Sem Info,Few,457.2,27.212,0.94
2026-02-06T11:00:00Z,3.0866682,260,27,23,1011,10000,Sem Info,Few,396.24,27.179,0.79
2026-02-06T12:00:00Z,2.0577788,280,29,23,1012,10000,Sem Info,Few,396.24,27.138,0.7
2026-02-06T13:00:00Z,2.0577788,310,30,23,1012,10000,Sem Info,Few,457.2,27.097,0.66
2026-02-06T14:00:00Z,2.5722235,310,30,22,1012,10000,Sem Info,Broken,914.4,27.06,0.62
2026-02-06T15:00:00Z,3.6011129,150,30,23,1011,10000,Sem Info,Broken,914.4,27.034,0.66
2026-02-06T16:00:00Z,3.0866682,140,31,24,1011,10000,Sem Info,Few,1005.84,27.037,0.66
2026-02-06T17:00:00Z,5.6588917,160,31,24,1010,10000,Sem Info,Few,762.0,27.066,0.66
2026-02-06T18:00:00Z,5.6588917,150,30,24,1009,10000,Sem Info,Few,762.0,27.094,0.7
2026-02-06T19:00:00Z,5.6588917,130,29,23,1009,10000,Sem Info,Few,762.0,27.216,0.7
2026-02-06T20:00:00Z,4.1155576,130,28,23,1009,10000,Thunderstorm,Few,762.0,27.227,0.74
2026-02-06T21:00:00Z,3.0866682,140,27,23,1010,10000,Light intensity: Rain,Few,762.0,27.199,0.79
2026-02-06T22:00:00Z,1.5433341,140,27,23,1011,10000,Sem Info,Few,914.4,27.056,0.79
2026-02-06T23:00:00Z,1.5433341,120,27,23,1012,10000,Sem Info,Few,914.4,27.011,0.79
2026-02-07T00:00:00Z,5.144447,140,23,22,1012,2000,Thunderstorm Rain,Few,914.4,26.97,0.94
2026-02-07T00:36:00Z,2.0577788,140,23,22,1012,10000,Light intensity: Thunderstorm Rain,Few,914.4,23.195,0.94
2026-02-07T01:00:00Z,1.0288894,140,24,22,1012,10000,Light intensity: Thunderstorm Rain,Few,914.4,26.928,0.89
2026-02-07T02:00:00Z,1.5433341,260,24,22,1012,10000,Light intensity: Rain,Few,243.84,26.885,0.89
2026-02-07T03:00:00Z,2.0577788,50,25,23,1011,10000,Sem Info,Few,243.84,26.841,0.89
2026-02-07T04:00:00Z,2.5722235,80,25,23,1011,10000,Sem Info,Few,396.24,26.798,0.89
2026-02-07T05:00:00Z,1.5433341,40,25,23,1011,10000,Sem Info,Few,396.24,26.756,0.89
2026-02-07T06:00:00Z,1.0288894,40,25,23,1010,10000,Sem Info,Few,396.24,26.71,0.89
2026-02-07T07:00:00Z,1.0288894,40,25,23,1010,10000,Sem Info,Few,396.24,26.66,0.89
2026-02-07T08:00:00Z,1.0288894,40,24,23,1010,10000,Sem Info,Few,396.24,26.611,0.94
2026-02-07T09:00:00Z,1.5433341,280,25,23,1011,8000,Sem Info,Few,396.24,26.564,0.89
2026-02-07T10:00:00Z,1.5433341,20,25,24,1011,10000,Sem Info,Scattered,762.0,26.55,0.94
2026-02-07T10:40:00Z,2.0577788,350,25,23,1012,7000,Sem Info,Broken,152.4,25.261,0.89
2026-02-07T11:00:00Z,1.5433341,340,26,23,1012,7000,Sem Info,Broken,152.4,26.806,0.84
2026-02-07T12:00:00Z,1.0288894,200,27,24,1011,8000,Sem Info,Scattered,243.84,27.255,0.84
2026-02-07T13:00:00Z,1.5433341,60,28,24,1012,10000,Sem Info,Few,182.88,27.609,0.79
2026-02-07T14:00:00Z,2.0577788,350,29,24,1012,7000,Sem Info,Few,182.88,27.771,0.74
2026-02-07T15:00:00Z,1.5433341,130,30,24,1011,10000,Sem Info,Scattered,670.56,28.052,0.7
2026-02-07T16:00:00Z,3.6011129,130,31,24,1010,10000,Sem Info,Scattered,762.0,28.369,0.66
2026-02-07T17:00:00Z,6.1733364,120,30,24,1009,10000,Sem Info,Scattered,914.4,28.469,0.7
2026-02-07T18:00:00Z,6.6877811,120,30,24,1008,10000,Sem Info,Few,1066.8,28.293,0.7
2026-02-07T19:00:00Z,2.5722235,100,28,25,1009,5000,Light intensity: Thunderstorm Rain,Few,1066.8,28.298,0.84
2026-02-07T20:00:00Z,4.1155576,230,25,22,1010,6000,Light intensity: Thunderstorm Rain,Few,304.8,28.261,0.83
2026-02-07T21:00:00Z,0.5144447,30,25,23,1011,7000,Light intensity: Thunderstorm Rain,Few,304.8,28.205,0.89
2026-02-07T22:00:00Z,0.5144447,330,25,22,1012,8000,Light intensity: Thunderstorm Rain,Few,1066.8,28.096,0.83
2026-02-07T23:00:00Z,2.5722235,250,25,22,1012,10000,Light intensity: Rain,Few,457.2,28.015,0.83
2026-02-08T00:00:00Z,3.0866682,290,25,23,1011,10000,Sem Info,Few,457.2,27.943,0.89
2026-02-08T01:00:00Z,1.5433341,270,24,23,1011,10000,Sem Info,Few,213.36,27.871,0.94
2026-02-08T02:00:00Z,1.5433341,230,25,23,1012,10000,Sem Info,Few,213.36,27.794,0.89
2026-02-08T03:00:00Z,1.5433341,290,25,23,1012,10000,Sem Info,Few,213.36,27.715,0.89
2026-02-08T04:00:00Z,2.0577788,320,25,23,1011,10000,Sem Info,Few,213.36,27.647,0.89
2026-02-08T05:00:00Z,1.5433341,300,25,23,1011,10000,Sem Info,Few,365.76,27.578,0.89
2026-02-08T06:00:00Z,1.5433341,350,25,23,1010,10000,Sem Info,Few,213.36,27.511,0.89
2026-02-08T07:00:00Z,1.5433341,310,25,23,1010,10000,Sem Info,Few,213.36,27.441,0.89
2026-02-08T07:38:00Z,7.716670499999999,240,24,22,1011,10000,Light intensity: Rain,Few,213.36,23.78,0.89
2026-02-08T08:00:00Z,5.6588917,250,24,22,1011,8000,Light intensity: Rain,Few,213.36,27.375,0.89
2026-02-08T09:00:00Z,2.5722235,290,24,22,1012,10000,Sem Info,Few,335.28,27.309,0.89
2026-02-08T10:00:00Z,1.5433341,300,25,22,1013,10000,Sem Info,Few,457.2,27.28,0.83
2026-02-08T11:00:00Z,2.0577788,250,25,21,1013,10000,Sem Info,Few,518.16,27.248,0.78
2026-02-08T12:00:00Z,2.0577788,280,26,22,1013,10000,Sem Info,Few,396.24,27.225,0.79
2026-02-08T13:00:00Z,2.0577788,300,29,22,1013,10000,Sem Info,Few,457.2,27.22,0.66
2026-02-08T14:00:00Z,1.0288894,300,30,22,1012,10000,Sem Info,Few,457.2,27.268,0.62
2026-02-08T15:00:00Z,3.0866682,40,30,22,1011,10000,Sem Info,Few,457.2,27.416,0.62
2026-02-08T15:25:00Z,2.5722235,130,26,23,1010,5000,Light intensity: Thunderstorm Rain,Few,457.2,25.93,0.84
2026-02-08T16:00:00Z,2.5722235,30,30,22,1011,10000,Sem Info,Few,457.2,27.53,0.62
2026-02-08T17:00:00Z,4.1155576,120,29,22,1010,10000,Sem Info,Few,914.4,27.504,0.66
2026-02-08T17:30:00Z,2.5722235,130,26,23,1010,5000,Light intensity: Thunderstorm Rain,Few,457.2,25.739,0.84
2026-02-08T17:39:00Z,2.5722235,130,25,23,1010,1000,Heavy intensity: Thunderstorm Rain,Few,914.4,24.545,0.89
2026-02-08T18:00:00Z,3.0866682,120,25,23,1010,6000,Light intensity: Thunderstorm Rain,Few,457.2,27.473,0.89
2026-02-08T19:00:00Z,2.5722235,120,26,24,1010,5000,Light intensity: Rain,Scattered,457.2,27.424,0.89
2026-02-08T20:00:00Z,4.6300023,160,25,23,1011,2000,Light intensity: Rain,Scattered,396.24,27.36,0.89
2026-02-08T21:00:00Z,2.0577788,150,24,23,1011,5000,Light intensity: Rain,Scattered,396.24,27.287,0.94
2026-02-08T22:00:00Z,1.0288894,90,24,22,1012,5000,Light intensity: Rain,Scattered,396.24,27.241,0.89
2026-02-08T23:00:00Z,3.6011129,340,24,22,1013,3000,Light intensity: Rain,Few,243.84,27.156,0.89
2026-02-09T00:00:00Z,3.6011129,340,24,23,1014,3000,Light intensity: Rain,Few,121.92,27.07,0.94
2026-02-09T01:00:00Z,3.6011129,360,24,23,1014,4000,Light intensity: Rain,Scattered,487.68,26.982,0.94
2026-02-09T02:00:00Z,4.6300023,350,23,22,1014,3000,Light intensity: Rain,Scattered,609.6,26.892,0.94
2026-02-09T03:00:00Z,2.5722235,20,22,21,1014,2000,Rain,Scattered,609.6,26.805,0.94
2026-02-09T04:00:00Z,2.5722235,20,22,21,1014,3000,Rain,Scattered,609.6,26.719,0.94
2026-02-09T05:00:00Z,3.6011129,20,22,21,1012,6000,Light intensity: Rain,Few,121.92,26.636,0.94
2026-02-09T06:00:00Z,1.5433341,310,23,21,1012,6000,Sem Info,Few,121.92,26.559,0.89
2026-02-09T07:00:00Z,1.0288894,280,23,22,1012,7000,Sem Info,Few,152.4,26.477,0.94
2026-02-09T08:00:00Z,1.5433341,200,23,22,1012,7000,Sem Info,Few,152.4,26.397,0.94
2026-02-09T09:00:00Z,1.0288894,190,23,21,1012,8000,Sem Info,Few,152.4,26.321,0.89
2026-02-09T10:00:00Z,1.0288894,190,24,22,1012,10000,Sem Info,Few,914.4,26.281,0.89
2026-02-09T11:00:00Z,1.5433341,20,24,21,1013,10000,Sem Info,Few,914.4,26.259,0.83
2026-02-09T12:00:00Z,1.5433341,30,24,22,1013,10000,Sem Info,Few,914.4,26.259,0.89
2026-02-09T13:00:00Z,2.0577788,50,25,22,1014,10000,Sem Info,Few,914.4,26.249,0.83
2026-02-09T13:20:00Z,1.5433341,350,25,22,1014,4500,Light intensity: Rain,Few,609.6,25.25,0.83
2026-02-09T14:00:00Z,1.5433341,10,25,22,1014,4500,Light intensity: Rain,Few,304.8,26.232,0.83
2026-02-09T15:00:00Z,2.0577788,10,26,23,1014,7000,Light intensity: Rain,Few,457.2,26.232,0.84
2026-02-09T15:29:00Z,2.0577788,30,25,23,1013,6000,Light intensity: Rain,Broken,396.24,25.161,0.89
2026-02-09T16:00:00Z,2.0577788,30,25,23,1013,4500,Light intensity: Rain,Broken,396.24,26.232,0.89
2026-02-09T17:00:00Z,1.5433341,20,26,23,1013,6000,Light intensity: Rain,Broken,396.24,26.238,0.84
2026-02-09T18:00:00Z,1.5433341,10,26,22,1013,6000,Light intensity: Rain,Broken,396.24,26.237,0.79
2026-02-09T19:00:00Z,2.0577788,40,26,23,1012,6000,Light intensity: Rain,Broken,457.2,26.222,0.84
2026-02-09T20:00:00Z,3.0866682,60,25,23,1012,3500,Light intensity: Rain,Broken,365.76,26.184,0.89
2026-02-09T21:00:00Z,2.5722235,100,24,23,1013,3500,Light intensity: Rain,Few,914.4,26.133,0.94
2026-02-09T21:28:00Z,5.144447,250,23,22,1013,500,Rain,Broken,182.88,23.509,0.94
2026-02-09T22:00:00Z,2.5722235,190,23,22,1014,3500,Light intensity: Rain,Few,182.88,26.109,0.94
2026-02-09T23:00:00Z,1.0288894,190,23,22,1014,6000,Light intensity: Rain,Few,213.36,26.051,0.94
2026-02-10T00:00:00Z,1.0288894,190,23,22,1015,10000,Light intensity: Rain,Few,213.36,25.999,0.94
2026-02-10T01:00:00Z,2.0577788,240,24,22,1015,6000,Sem Info,Few,182.88,25.947,0.89
2026-02-10T02:00:00Z,2.0577788,220,24,22,1015,5000,Light intensity: Rain,Few,182.88,25.897,0.89
2026-02-10T03:00:00Z,1.0288894,220,23,22,1014,6000,Light intensity: Rain,Few,213.36,25.848,0.94
2026-02-10T04:00:00Z,1.5433341,280,23,22,1014,6000,Light intensity: Rain,Few,152.4,25.798,0.94
2026-02-10T05:00:00Z,1.0288894,100,24,22,1013,6000,Light intensity: Rain,Few,182.88,25.748,0.89
2026-02-10T06:00:00Z,1.0288894,70,24,23,1012,6000,Light intensity: Rain,Few,182.88,25.697,0.94
2026-02-10T07:00:00Z,1.0288894,160,24,23,1012,6000,Light intensity: Rain,Few,182.88,25.652,0.94
2026-02-10T08:00:00Z,1.5433341,310,24,23,1013,6000,Light intensity: Rain,Few,182.88,25.605,0.94
2026-02-10T09:00:00Z,1.0288894,310,24,23,1014,6000,Light intensity: Rain,Few,182.88,25.557,0.94
2026-02-10T10:00:00Z,2.0577788,80,24,23,1014,7000,Sem Info,Few,213.36,25.493,0.94
2026-02-10T11:00:00Z,2.0577788,50,25,23,1014,9000,Sem Info,Few,182.88,25.471,0.89
2026-02-10T12:00:00Z,2.0577788,30,25,23,1015,9000,Sem Info,Scattered,182.88,25.473,0.89
2026-02-10T13:00:00Z,2.0577788,10,26,23,1015,10000,Sem Info,Scattered,182.88,25.529,0.84
2026-02-10T14:00:00Z,2.0577788,10,27,23,1014,10000,Sem Info,Scattered,304.8,25.641,0.79
2026-02-10T15:00:00Z,2.0577788,40,27,22,1014,10000,Sem Info,Scattered,609.6,25.748,0.74
2026-02-10T16:00:00Z,1.5433341,10,28,21,1014,10000,Sem Info,Scattered,609.6,25.847,0.66
2026-02-10T17:00:00Z,1.0288894,10,29,21,1013,10000,Sem Info,Scattered,762.0,25.95,0.62
2026-02-10T18:00:00Z,3.6011129,360,28,22,1013,9000,Light intensity: Rain,Scattered,762.0,26.03,0.7
2026-02-10T19:00:00Z,1.0288894,30,29,21,1012,10000,Sem Info,Few,914.4,26.048,0.62
2026-02-10T20:00:00Z,3.0866682,60,28,23,1012,10000,Sem Info,Few,914.4,26.06,0.74
2026-02-10T21:00:00Z,4.6300023,80,27,23,1012,10000,Sem Info,Few,914.4,26.048,0.79
2026-02-10T22:00:00Z,2.5722235,100,27,22,1012,10000,Sem Info,Few,914.4,26.054,0.74
2026-02-10T23:00:00Z,2.5722235,80,27,22,1012,10000,Sem Info,Few,914.4,26.01,0.74
2026-02-11T00:00:00Z,1.0288894,80,26,23,1013,10000,Sem Info,Few,914.4,25.965,0.84
2026-02-11T01:00:00Z,1.0288894,90,26,23,1013,10000,Sem Info,Few,914.4,25.916,0.84
2026-02-11T02:00:00Z,1.0288894,170,26,23,1013,8000,Sem Info,Few,914.4,25.87,0.84
2026-02-11T03:00:00Z,1.0288894,270,26,24,1013,8000,Sem Info,Few,914.4,25.827,0.89
2026-02-11T04:00:00Z,1.0288894,80,25,24,1013,10000,Sem Info,Few,914.4,25.782,0.94
2026-02-11T05:00:00Z,0.5144447,360,25,23,1011,10000,Sem Info,Few,914.4,25.734,0.89
2026-02-11T06:00:00Z,1.0288894,240,25,24,1011,10000,Sem Info,No,0.0,25.685,0.94
2026-02-11T07:00:00Z,1.0288894,30,25,24,1011,10000,Sem Info,No,0.0,25.638,0.94
2026-02-11T08:00:00Z,1.5433341,60,25,24,1011,10000,Sem Info,No,0.0,25.59,0.94
2026-02-11T09:00:00Z,1.0288894,300,25,24,1012,8000,Sem Info,No,0.0,25.545,0.94
2026-02-11T10:00:00Z,1.0288894,250,27,25,1013,8000,Sem Info,No,0.0,25.515,0.89
2026-02-11T11:00:00Z,2.0577788,130,28,24,1013,10000,Sem Info,Few,609.6,25.579,0.79
2026-02-11T12:00:00Z,3.0866682,330,30,23,1014,10000,Sem Info,Few,609.6,25.652,0.66
2026-02-11T13:00:00Z,1.5433341,40,30,22,1014,10000,Sem Info,Few,609.6,25.773,0.62
2026-02-11T14:00:00Z,3.0866682,330,32,22,1013,10000,Sem Info,Few,914.4,25.84,0.56
2026-02-11T15:00:00Z,3.0866682,50,33,22,1013,10000,Sem Info,Few,1219.2,25.973,0.53
2026-02-11T16:00:00Z,1.0288894,50,34,21,1012,10000,Sem Info,Few,1219.2,26.108,0.47
2026-02-11T17:00:00Z,3.6011129,120,33,23,1012,10000,Sem Info,Few,1219.2,26.267,0.56
2026-02-11T18:00:00Z,3.6011129,120,33,23,1012,10000,Sem Info,Few,1219.2,26.367,0.56
2026-02-11T19:00:00Z,2.5722235,140,32,23,1012,10000,Sem Info,Few,1066.8,26.422,0.59
2026-02-11T20:00:00Z,3.0866682,140,31,24,1012,10000,Sem Info,Few,1066.8,26.418,0.66
2026-02-11T21:00:00Z,2.5722235,120,31,24,1012,10000,Thunderstorm,Few,1066.8,26.408,0.66
2026-02-11T22:00:00Z,5.144447,70,28,22,1013,10000,Thunderstorm,Few,1066.8,26.331,0.7
2026-02-11T23:00:00Z,2.0577788,280,27,22,1015,9000,Thunderstorm,Few,1066.8,26.292,0.74
2026-02-12T00:00:00Z,1.5433341,150,26,23,1015,10000,Thunderstorm,Few,1066.8,26.248,0.84
2026-02-12T01:00:00Z,1.0288894,150,27,22,1015,10000,Light intensity: Rain,Few,1066.8,26.204,0.74
2026-02-12T02:00:00Z,1.5433341,300,26,23,1015,7000,Light intensity: Rain,Few,914.4,26.154,0.84
2026-02-12T03:00:00Z,1.0288894,300,25,23,1014,10000,Sem Info,Few,914.4,26.104,0.89
2026-02-12T04:00:00Z,1.0288894,300,25,23,1014,10000,Sem Info,Few,914.4,26.052,0.89
2026-02-12T05:00:00Z,1.0288894,90,25,23,1013,10000,Sem Info,Few,914.4,25.997,0.89
2026-02-12T06:00:00Z,1.0288894,190,25,23,1013,10000,Sem Info,Few,914.4,25.944,0.89
2026-02-12T07:00:00Z,2.0577788,50,25,23,1013,10000,Sem Info,Few,914.4,25.887,0.89
2026-02-12T08:00:00Z,2.0577788,70,25,23,1013,7000,Sem Info,Few,914.4,25.831,0.89
2026-02-12T09:00:00Z,2.0577788,90,25,24,1014,10000,Sem Info,Few,914.4,25.771,0.94
2026-02-12T10:00:00Z,2.0577788,70,26,24,1015,10000,Sem Info,Few,914.4,25.763,0.89
2026-02-12T11:00:00Z,2.0577788,70,27,24,1015,10000,Sem Info,Few,914.4,25.867,0.84
2026-02-12T12:00:00Z,1.0288894,70,29,24,1016,10000,Sem Info,Few,914.4,26.006,0.74
2026-02-12T13:00:00Z,1.0288894,70,31,23,1015,10000,Sem Info,Few,914.4,26.222,0.62
2026-02-12T14:00:00Z,2.5722235,80,32,24,1015,10000,Sem Info,Few,914.4,26.451,0.63
2026-02-12T15:00:00Z,1.0288894,80,32,23,1014,10000,Sem Info,Few,914.4,26.686,0.59
2026-02-12T16:00:00Z,2.0577788,60,34,22,1014,10000,Sem Info,Few,914.4,26.948,0.5
2026-02-12T17:00:00Z,1.5433341,40,35,20,1013,10000,Sem Info,Few,914.4,27.198,0.42
2026-02-12T18:00:00Z,5.144447,110,33,21,1012,10000,Sem Info,Few,914.4,27.406,0.49
2026-02-12T19:00:00Z,5.144447,170,33,23,1012,10000,Sem Info,Few,914.4,27.495,0.56
2026-02-12T20:00:00Z,5.144447,140,33,24,1012,10000,Sem Info,Few,914.4,27.433,0.59
2026-02-12T21:00:00Z,3.6011129,160,33,23,1012,10000,Sem Info,Few,914.4,27.421,0.56
2026-02-12T22:00:00Z,4.1155576,130,31,23,1013,10000,Sem Info,Few,1219.2,27.434,0.62
2026-02-12T23:00:00Z,3.6011129,110,30,23,1014,10000,Sem Info,No,0.0,27.399,0.66
2026-02-13T00:00:00Z,4.1155576,90,28,22,1014,10000,Sem Info,No,0.0,27.354,0.7
2026-02-13T01:00:00Z,3.0866682,90,28,21,1015,10000,Sem Info,No,0.0,27.305,0.66
2026-02-13T02:00:00Z,3.0866682,100,26,21,1015,10000,Sem Info,No,0.0,27.252,0.74
2026-02-13T03:00:00Z,1.0288894,130,27,21,1015,10000,Sem Info,No,0.0,27.19,0.7
2026-02-13T04:00:00Z,1.5433341,90,25,22,1015,10000,Sem Info,No,0.0,27.121,0.83
2026-02-13T05:00:00Z,1.0288894,90,25,22,1015,10000,Sem Info,No,0.0,27.045,0.83
2026-02-13T06:00:00Z,1.5433341,110,25,21,1015,10000,Sem Info,No,0.0,26.961,0.78
2026-02-13T07:00:00Z,1.5433341,80,24,21,1015,10000,Sem Info,No,0.0,26.87,0.83
2026-02-13T08:00:00Z,2.0577788,120,24,21,1015,10000,Sem Info,No,0.0,26.775,0.83
2026-02-13T09:00:00Z,0.5144447,120,23,21,1016,10000,Sem Info,No,0.0,26.674,0.89
2026-02-13T10:00:00Z,1.5433341,100,26,23,1016,10000,Sem Info,No,0.0,26.623,0.84
2026-02-13T11:00:00Z,1.5433341,80,28,21,1017,10000,Sem Info,No,0.0,26.723,0.66
2026-02-13T12:00:00Z,2.5722235,60,28,23,1017,10000,Sem Info,No,0.0,26.859,0.74
2026-02-13T13:00:00Z,3.0866682,70,31,23,1017,10000,Sem Info,No,0.0,26.994,0.62
2026-02-13T14:00:00Z,2.5722235,60,32,21,1016,10000,Sem Info,No,0.0,27.142,0.52
2026-02-13T15:00:00Z,3.6011129,70,33,22,1015,10000,Sem Info,Few,762.0,27.323,0.53
2026-02-13T16:00:00Z,3.6011129,70,34,22,1014,10000,Sem Info,Few,914.4,27.543,0.5
2026-02-13T17:00:00Z,1.5433341,60,34,18,1013,10000,Sem Info,Few,914.4,27.752,0.39
2026-02-13T18:00:00Z,3.0866682,170,34,20,1012,10000,Sem Info,Few,914.4,27.923,0.44
2026-02-13T19:00:00Z,3.6011129,180,35,20,1012,10000,Sem Info,Few,1219.2,28.004,0.42
2026-02-13T20:00:00Z,4.1155576,170,34,21,1011,10000,Sem Info,Few,1219.2,27.956,0.47
2026-02-13T21:00:00Z,3.0866682,170,32,23,1011,10000,Sem Info,Few,1219.2,27.893,0.59
2026-02-13T22:00:00Z,3.6011129,110,30,23,1012,10000,Sem Info,Few,1219.2,27.887,0.66
2026-02-13T23:00:00Z,5.144447,100,30,22,1012,10000,Sem Info,No,0.0,27.821,0.62
2026-02-14T00:00:00Z,4.1155576,100,29,22,1013,10000,Sem Info,No,0.0,27.75,0.66
2026-02-14T01:00:00Z,2.0577788,80,29,22,1014,10000,Sem Info,No,0.0,27.673,0.66
2026-02-14T02:00:00Z,2.0577788,50,28,21,1014,10000,Sem Info,No,0.0,27.59,0.66
2026-02-14T03:00:00Z,1.5433341,50,28,22,1014,10000,Sem Info,No,0.0,27.498,0.7
2026-02-14T04:00:00Z,2.5722235,60,27,22,1014,10000,Sem Info,No,0.0,27.395,0.74
2026-02-14T05:00:00Z,2.0577788,80,26,21,1013,10000,Sem Info,No,0.0,27.284,0.74
2026-02-14T06:00:00Z,2.0577788,50,25,21,1013,10000,Sem Info,No,0.0,27.168,0.78
2026-02-14T07:00:00Z,1.0288894,20,26,21,1013,10000,Sem Info,No,0.0,27.048,0.74
2026-02-14T08:00:00Z,2.0577788,50,25,21,1014,10000,Sem Info,No,0.0,26.929,0.78
2026-02-14T09:00:00Z,2.0577788,50,25,21,1014,10000,Sem Info,Few,609.6,26.812,0.78
2026-02-14T10:00:00Z,1.0288894,50,26,21,1015,10000,Sem Info,Few,609.6,26.765,0.74
2026-02-14T11:00:00Z,2.0577788,10,27,23,1016,10000,Sem Info,Few,609.6,26.97,0.79
2026-02-14T12:00:00Z,1.5433341,40,30,21,1016,10000,Sem Info,Few,609.6,27.272,0.59
2026-02-14T13:00:00Z,2.0577788,40,31,22,1016,10000,Sem Info,Few,609.6,27.558,0.59
2026-02-14T14:00:00Z,2.5722235,70,30,23,1016,10000,Sem Info,Few,609.6,27.808,0.66
2026-02-14T15:00:00Z,3.6011129,80,32,23,1015,10000,Sem Info,Few,609.6,27.974,0.59
2026-02-14T16:00:00Z,3.6011129,190,32,23,1015,10000,Sem Info,Few,914.4,28.132,0.59
2026-02-14T16:06:00Z,3.6011129,190,32,23,1015,10000,Light intensity: Thunderstorm Rain,Few,914.4,32.076,0.59
2026-02-14T17:00:00Z,3.0866682,220,32,23,1013,10000,Recent: Thunderstorm,Few,914.4,28.247,0.59
2026-02-14T18:00:00Z,5.6588917,220,32,21,1013,10000,Sem Info,Few,914.4,28.288,0.52
2026-02-14T19:00:00Z,7.2022258,240,31,21,1013,10000,Sem Info,Few,914.4,28.273,0.55
2026-02-14T20:00:00Z,3.6011129,190,31,20,1013,10000,Sem Info,Few,914.4,28.208,0.52
2026-02-14T21:00:00Z,4.1155576,150,30,21,1013,10000,Sem Info,Few,914.4,28.158,0.59
2026-02-14T22:00:00Z,2.0577788,130,29,20,1014,10000,Sem Info,No,0.0,28.003,0.58
2026-02-14T23:00:00Z,3.0866682,120,28,22,1015,10000,Sem Info,No,0.0,27.935,0.7
2026-02-15T00:00:00Z,1.5433341,140,28,24,1015,10000,Sem Info,Scattered,914.4,27.874,0.79
2026-02-15T01:00:00Z,1.5433341,130,27,24,1015,10000,Sem Info,Scattered,914.4,27.808,0.84
2026-02-15T02:00:00Z,1.5433341,250,27,23,1015,10000,Sem Info,Few,914.4,27.74,0.79
2026-02-15T03:00:00Z,3.6011129,260,27,23,1015,10000,Sem Info,Few,914.4,27.669,0.79
2026-02-15T04:00:00Z,3.6011129,260,27,23,1014,10000,Sem Info,Few,914.4,27.598,0.79
2026-02-15T05:00:00Z,2.0577788,250,26,23,1014,10000,Sem Info,Few,914.4,27.528,0.84
2026-02-15T06:00:00Z,2.5722235,280,26,22,1014,10000,Sem Info,Few,914.4,27.461,0.79
2026-02-15T07:00:00Z,2.0577788,250,26,22,1014,10000,Sem Info,Few,914.4,27.388,0.79
2026-02-15T08:00:00Z,1.5433341,280,26,22,1014,10000,Sem Info,Few,914.4,27.317,0.79
2026-02-15T09:00:00Z,1.0288894,280,26,22,1015,8000,Sem Info,Scattered,609.6,27.251,0.79
2026-02-15T10:00:00Z,1.0288894,300,27,23,1015,7000,Sem Info,Scattered,609.6,27.207,0.79
2026-02-15T11:00:00Z,1.5433341,310,28,23,1016,7000,Sem Info,Scattered,609.6,27.314,0.74
2026-02-15T12:00:00Z,1.5433341,360,28,22,1016,7000,Sem Info,Broken,609.6,27.498,0.7
2026-02-15T13:00:00Z,3.0866682,60,30,23,1016,7000,Sem Info,Broken,609.6,27.759,0.66
2026-02-15T14:00:00Z,2.5722235,350,31,23,1016,7000,Sem Info,Broken,822.9599999999999,28.066,0.62
2026-02-15T15:00:00Z,3.0866682,80,32,22,1015,10000,Sem Info,Scattered,914.4,28.251,0.56
2026-02-15T16:00:00Z,3.6011129,150,32,24,1014,10000,Sem Info,Scattered,914.4,28.351,0.63
2026-02-15T17:00:00Z,5.144447,160,31,23,1014,10000,Sem Info,Scattered,914.4,28.386,0.62
2026-02-15T18:00:00Z,5.6588917,170,31,23,1013,10000,Sem Info,Scattered,914.4,28.359,0.62
2026-02-15T19:00:00Z,6.6877811,170,30,22,1013,10000,Sem Info,Scattered,914.4,28.237,0.62
2026-02-15T20:00:00Z,6.1733364,170,29,21,1013,10000,Sem Info,Scattered,914.4,28.164,0.62
2026-02-15T21:00:00Z,4.6300023,170,29,21,1014,10000,Sem Info,Scattered,914.4,28.112,0.62
2026-02-15T22:00:00Z,3.6011129,170,28,22,1014,10000,Sem Info,Few,914.4,28.132,0.7
2026-02-15T23:00:00Z,2.0577788,160,28,22,1015,10000,Sem Info,Scattered,1219.2,28.054,0.7
2026-02-16T00:00:00Z,2.0577788,170,28,23,1015,10000,Sem Info,Broken,1219.2,27.976,0.74
2026-02-16T01:00:00Z,1.5433341,180,28,23,1015,10000,Sem Info,Broken,1219.2,27.903,0.74
2026-02-16T02:00:00Z,2.5722235,110,27,23,1015,10000,Sem Info,Few,670.56,27.831,0.79
2026-02-16T03:00:00Z,1.0288894,80,27,23,1015,10000,Sem Info,Few,670.56,27.76,0.79
2026-02-16T04:00:00Z,1.5433341,90,27,22,1015,10000,Sem Info,Few,670.56,27.69,0.74
2026-02-16T05:00:00Z,1.0288894,120,26,23,1015,10000,Sem Info,Few,670.56,27.618,0.84
2026-02-16T06:00:00Z,1.0288894,60,26,23,1014,10000,Sem Info,Few,670.56,27.541,0.84
2026-02-16T07:00:00Z,1.0288894,120,26,23,1014,10000,Sem Info,Few,670.56,27.461,0.84
2026-02-16T08:00:00Z,1.5433341,110,26,23,1014,10000,Sem Info,Few,396.24,27.379,0.84
2026-02-16T09:00:00Z,2.0577788,100,25,23,1014,10000,Sem Info,Few,304.8,27.295,0.89
2026-02-16T10:00:00Z,3.0866682,80,27,23,1015,10000,Sem Info,Few,243.84,27.289,0.79
2026-02-16T11:00:00Z,1.5433341,80,28,24,1016,10000,Sem Info,Few,304.8,27.477,0.79
2026-02-16T12:00:00Z,1.5433341,130,29,24,1016,10000,Sem Info,Few,457.2,27.706,0.74
2026-02-16T13:00:00Z,3.6011129,100,30,22,1016,10000,Sem Info,Few,914.4,27.96,0.62
2026-02-16T14:00:00Z,2.5722235,100,31,19,1015,10000,Sem Info,Few,914.4,28.242,0.49
2026-02-16T15:00:00Z,3.6011129,90,32,22,1015,10000,Sem Info,Few,914.4,28.512,0.56
2026-02-16T16:00:00Z,3.6011129,120,32,21,1014,10000,Sem Info,Few,914.4,28.715,0.52
2026-02-16T17:00:00Z,4.1155576,120,32,21,1013,10000,Sem Info,Few,1219.2,28.841,0.52
2026-02-16T18:00:00Z,6.1733364,170,33,22,1012,10000,Sem Info,Few,1219.2,28.858,0.53
2026-02-16T19:00:00Z,5.144447,120,32,21,1012,10000,Sem Info,Few,1219.2,28.759,0.52
2026-02-16T20:00:00Z,5.144447,140,31,22,1012,10000,Sem Info,Few,1219.2,28.67,0.59
2026-02-16T21:00:00Z,5.144447,130,31,22,1012,10000,Sem Info,Few,1219.2,28.616,0.59
2026-02-16T22:00:00Z,3.6011129,130,30,23,1013,10000,Sem Info,Few,1219.2,28.489,0.66
2026-02-16T23:00:00Z,4.6300023,100,29,22,1013,10000,Sem Info,No,0.0,28.399,0.66
2026-02-17T00:00:00Z,4.1155576,100,28,23,1014,10000,Sem Info,No,0.0,28.315,0.74
2026-02-17T01:00:00Z,1.5433341,110,27,23,1014,10000,Sem Info,Few,914.4,28.241,0.79
2026-02-17T02:00:00Z,1.5433341,90,27,23,1015,10000,Sem Info,No,0.0,28.165,0.79
2026-02-17T03:00:00Z,1.5433341,100,27,23,1014,10000,Sem Info,No,0.0,28.084,0.79
2026-02-17T04:00:00Z,1.5433341,110,26,23,1014,10000,Sem Info,No,0.0,27.995,0.84
2026-02-17T05:00:00Z,1.5433341,110,26,23,1013,10000,Sem Info,No,0.0,27.899,0.84
2026-02-17T06:00:00Z,1.5433341,100,26,23,1013,10000,Sem Info,No,0.0,27.793,0.84
2026-02-17T07:00:00Z,2.5722235,100,26,23,1012,10000,Sem Info,Few,609.6,27.682,0.84
2026-02-17T08:00:00Z,2.0577788,100,26,23,1012,10000,Sem Info,Few,609.6,27.569,0.84
2026-02-17T09:00:00Z,1.5433341,110,25,23,1013,10000,Sem Info,Few,609.6,27.453,0.89
2026-02-17T10:00:00Z,1.0288894,110,27,23,1013,9000,Sem Info,Few,609.6,27.361,0.79
2026-02-17T11:00:00Z,2.5722235,70,29,23,1013,10000,Sem Info,No,0.0,27.401,0.7
2026-02-17T12:00:00Z,1.0288894,340,30,22,1014,10000,Sem Info,No,0.0,27.469,0.62
2026-02-17T13:00:00Z,2.0577788,30,32,22,1014,10000,Sem Info,No,0.0,27.533,0.56
2026-02-17T14:00:00Z,2.5722235,100,33,21,1013,10000,Sem Info,No,0.0,27.612,0.49
2026-02-17T15:00:00Z,1.5433341,80,34,21,1012,10000,Sem Info,Few,1219.2,27.713,0.47
2026-02-17T16:00:00Z,3.0866682,70,35,19,1012,10000,Sem Info,Few,1219.2,27.835,0.39
2026-02-17T17:00:00Z,4.6300023,70,35,20,1010,10000,Sem Info,Few,1219.2,28.069,0.42
2026-02-17T18:00:00Z,4.1155576,70,35,20,1010,10000,Sem Info,Few,1219.2,28.392,0.42
2026-02-17T19:00:00Z,4.1155576,150,34,20,1009,10000,Sem Info,Few,1219.2,28.584,0.44
2026-02-17T20:00:00Z,4.6300023,180,33,21,1009,10000,Sem Info,Few,1219.2,28.736,0.49
2026-02-17T21:00:00Z,4.6300023,110,32,21,1009,10000,Sem Info,Few,1219.2,28.733,0.52
2026-02-17T22:00:00Z,3.6011129,170,30,22,1009,10000,Sem Info,Few,1219.2,28.831,0.62
2026-02-17T23:00:00Z,2.0577788,110,29,23,1010,10000,Sem Info,Few,1219.2,28.752,0.7
2026-02-18T00:00:00Z,0.5144447,110,29,23,1010,10000,Sem Info,Few,1219.2,28.669,0.7
2026-02-18T01:00:00Z,2.5722235,290,29,22,1011,10000,Sem Info,Few,1219.2,28.579,0.66
2026-02-18T02:00:00Z,2.5722235,300,29,22,1011,10000,Sem Info,Few,1219.2,28.485,0.66
2026-02-18T03:00:00Z,1.0288894,300,29,22,1010,10000,Sem Info,Few,1219.2,28.395,0.66
2026-02-18T04:00:00Z,2.0577788,310,28,23,1010,10000,Sem Info,Few,1219.2,28.306,0.74
2026-02-18T05:00:00Z,2.0577788,280,29,21,1010,10000,Sem Info,Few,1219.2,28.206,0.62
2026-02-18T06:00:00Z,2.0577788,290,28,22,1009,10000,Sem Info,Few,1219.2,28.102,0.7
2026-02-18T07:00:00Z,1.5433341,290,28,22,1009,10000,Sem Info,Few,1219.2,28.0,0.7
2026-02-18T08:00:00Z,2.5722235,280,28,22,1009,10000,Sem Info,Few,1219.2,27.89,0.7
2026-02-18T09:00:00Z,1.5433341,350,27,23,1009,10000,Sem Info,No,0.0,27.778,0.79
2026-02-18T10:00:00Z,0.5144447,350,29,22,1010,10000,Sem Info,No,0.0,27.738,0.66
2026-02-18T11:00:00Z,1.5433341,270,31,21,1010,10000,Sem Info,No,0.0,27.839,0.55
2026-02-18T12:00:00Z,2.0577788,290,32,21,1011,10000,Sem Info,No,0.0,28.034,0.52
2026-02-18T13:00:00Z,1.5433341,340,33,21,1010,10000,Sem Info,No,0.0,28.24,0.49
2026-02-18T14:00:00Z,4.6300023,50,34,21,1010,10000,Sem Info,Few,792.48,28.465,0.47
2026-02-18T15:00:00Z,7.2022258,120,35,21,1009,10000,Sem Info,Few,792.48,28.738,0.44
2026-02-18T16:00:00Z,6.6877811,110,34,22,1008,10000,Sem Info,Few,914.4,29.019,0.5
2026-02-18T17:00:00Z,8.7455599,100,33,24,1008,10000,Sem Info,Few,914.4,28.881,0.59
2026-02-18T18:00:00Z,7.2022258,130,33,24,1007,9000,Sem Info,Few,914.4,28.674,0.59
2026-02-18T19:00:00Z,7.2022258,350,31,21,1009,9000,Sem Info,Few,1219.2,28.676,0.55
2026-02-18T20:00:00Z,7.2022258,350,28,20,1009,8000,Sem Info,Few,1005.84,28.789,0.62
2026-02-18T21:00:00Z,3.6011129,80,26,21,1009,8000,Thunderstorm,Few,1005.84,28.79,0.74
2026-02-18T22:00:00Z,6.6877811,290,25,22,1010,7000,Light intensity: Thunderstorm Rain,Few,1005.84,28.525,0.83
2026-02-18T23:00:00Z,1.5433341,330,26,22,1009,10000,Recent: Thunderstorm,Broken,701.04,28.459,0.79
2026-02-19T00:00:00Z,2.5722235,320,24,22,1009,10000,Sem Info,Scattered,762.0,28.389,0.89
2026-02-19T01:00:00Z,1.5433341,300,25,21,1010,10000,Sem Info,Few,762.0,28.314,0.78
2026-02-19T02:00:00Z,2.5722235,320,25,22,1010,10000,Sem Info,Few,914.4,28.236,0.83
2026-02-19T03:00:00Z,2.0577788,320,25,21,1010,10000,Sem Info,No,0.0,28.156,0.78
2026-02-19T04:00:00Z,1.0288894,300,24,21,1009,10000,Sem Info,No,0.0,28.072,0.83
2026-02-19T05:00:00Z,1.5433341,340,24,22,1009,10000,Sem Info,No,0.0,27.985,0.89
2026-02-19T06:00:00Z,1.0288894,270,23,21,1008,10000,Sem Info,No,0.0,27.896,0.89
2026-02-19T07:00:00Z,0.5144447,310,24,21,1008,10000,Sem Info,No,0.0,27.807,0.83
2026-02-19T08:00:00Z,2.0577788,10,24,21,1008,10000,Sem Info,No,0.0,27.719,0.83
2026-02-19T09:00:00Z,1.0288894,340,24,21,1008,10000,Sem Info,No,0.0,27.631,0.83
2026-02-19T10:00:00Z,1.0288894,320,25,22,1009,10000,Sem Info,No,0.0,27.566,0.83
2026-02-19T11:00:00Z,1.5433341,20,26,22,1010,10000,Sem Info,No,0.0,27.831,0.79
2026-02-19T12:00:00Z,2.0577788,40,28,21,1010,10000,Sem Info,No,0.0,28.282,0.66
2026-02-19T13:00:00Z,2.5722235,40,30,23,1010,10000,Sem Info,No,0.0,28.922,0.66
2026-02-19T14:00:00Z,2.5722235,60,31,22,1010,10000,Sem Info,Few,1066.8,29.225,0.59
2026-02-19T15:00:00Z,3.0866682,70,32,21,1009,10000,Sem Info,Few,1066.8,29.124,0.52
2026-02-19T16:00:00Z,3.0866682,60,32,22,1008,10000,Sem Info,No,0.0,28.854,0.56
2026-02-19T17:00:00Z,4.1155576,150,32,22,1008,10000,Sem Info,Few,1066.8,28.817,0.56
2026-02-19T18:00:00Z,4.6300023,190,29,23,1008,10000,Sem Info,Few,1066.8,28.982,0.7
2026-02-19T19:00:00Z,4.6300023,150,31,24,1008,10000,Sem Info,Few,1066.8,28.982,0.66
2026-02-19T20:00:00Z,4.6300023,170,31,23,1008,10000,Sem Info,Few,1219.2,28.961,0.62
2026-02-19T20:05:00Z,4.1155576,170,30,22,1008,10000,Thunderstorm,Few,762.0,30.045,0.62
2026-02-19T21:00:00Z,2.5722235,300,29,22,1008,8000,Recent: Thunderstorm,Few,762.0,28.889,0.66
2026-02-19T21:33:00Z,2.0577788,130,29,23,1008,8000,Thunderstorm,Few,762.0,28.875,0.7
2026-02-19T22:00:00Z,1.5433341,30,28,23,1009,8000,Thunderstorm,Few,762.0,28.775,0.74
2026-02-19T22:25:00Z,11.3177834,90,26,23,1010,3500,Light intensity: Thunderstorm Rain,Few,762.0,25.793,0.84
2026-02-19T23:00:00Z,11.3177834,110,24,22,1011,3000,Thunderstorm Rain,Scattered,609.6,28.662,0.89
2026-02-20T00:00:00Z,3.6011129,130,22,21,1011,4000,Light intensity: Thunderstorm Rain,Few,609.6,28.559,0.94
2026-02-20T01:00:00Z,1.5433341,160,24,21,1011,8000,Recent: Thunderstorm,Few,518.16,28.469,0.83
2026-02-20T02:00:00Z,2.0577788,270,23,21,1012,8000,Sem Info,Few,518.16,28.37,0.89
2026-02-20T03:00:00Z,1.5433341,250,24,22,1011,8000,Sem Info,Few,335.28,28.261,0.89
2026-02-20T04:00:00Z,2.0577788,260,24,22,1011,8000,Sem Info,Few,396.24,28.155,0.89
2026-02-20T05:00:00Z,2.5722235,280,24,22,1011,8000,Sem Info,Few,396.24,28.049,0.89
2026-02-20T06:00:00Z,2.5722235,290,24,22,1010,8000,Sem Info,Few,396.24,27.948,0.89
2026-02-20T07:00:00Z,2.5722235,310,23,22,1010,6000,Sem Info,Few,396.24,27.846,0.94
2026-02-20T08:00:00Z,1.5433341,60,24,22,1010,7000,Sem Info,Scattered,1219.2,27.747,0.89
2026-02-20T09:00:00Z,3.6011129,310,25,23,1010,7000,Sem Info,Few,243.84,27.65,0.89
2026-02-20T10:00:00Z,1.5433341,350,25,23,1010,8000,Sem Info,Few,609.6,27.59,0.89
2026-02-20T11:00:00Z,2.0577788,40,27,23,1010,8000,Sem Info,Few,274.32,27.658,0.79
2026-02-20T12:00:00Z,2.0577788,60,28,23,1010,8000,Sem Info,Few,396.24,27.841,0.74
2026-02-20T13:00:00Z,2.0577788,90,29,23,1010,10000,Sem Info,Few,457.2,28.169,0.7
2026-02-20T14:00:00Z,3.0866682,150,29,22,1010,10000,Sem Info,Few,579.12,28.51,0.66
2026-02-20T15:00:00Z,4.1155576,140,30,23,1009,10000,Sem Info,Few,792.48,29.048,0.66
2026-02-20T16:00:00Z,4.6300023,120,31,24,1008,10000,Sem Info,Few,822.9599999999999,29.395,0.66
2026-02-20T17:00:00Z,6.1733364,140,31,23,1007,10000,Sem Info,Few,822.9599999999999,29.232,0.62
2026-02-20T18:00:00Z,7.2022258,130,30,23,1007,10000,Sem Info,Few,822.9599999999999,28.887,0.66
2026-02-20T19:00:00Z,7.2022258,130,29,23,1007,10000,Sem Info,Few,914.4,28.827,0.7
2026-02-20T20:00:00Z,7.716670499999999,130,28,23,1008,10000,Sem Info,Few,1005.84,28.777,0.74
2026-02-20T21:00:00Z,5.6588917,130,28,23,1008,10000,Sem Info,Few,396.24,28.675,0.74
2026-02-20T22:00:00Z,2.5722235,310,26,24,1009,10000,Light intensity: Rain,Broken,518.16,28.67,0.89
2026-02-20T23:00:00Z,1.5433341,120,26,23,1009,7000,Light intensity: Rain,Broken,670.56,28.587,0.84
2026-02-21T00:00:00Z,1.0288894,120,27,24,1010,8000,Light intensity: Rain,Scattered,457.2,28.507,0.84
2026-02-21T01:00:00Z,1.5433341,360,26,23,1011,5000,Light intensity: Thunderstorm Rain,Few,762.0,28.423,0.84
2026-02-21T01:21:00Z,1.5433341,360,26,23,1011,6000,Light intensity: Rain,Few,762.0,25.752,0.84
2026-02-21T02:00:00Z,1.5433341,350,26,23,1011,7000,Light intensity: Rain,Few,762.0,28.333,0.84
2026-02-21T03:00:00Z,2.0577788,290,26,23,1010,8000,Sem Info,Scattered,914.4,28.241,0.84
2026-02-21T04:00:00Z,1.5433341,360,26,24,1010,8000,Sem Info,Few,396.24,28.152,0.89
2026-02-21T05:00:00Z,1.5433341,300,26,24,1010,7000,Sem Info,Few,396.24,28.068,0.89
2026-02-21T06:00:00Z,1.5433341,320,26,23,1009,10000,Sem Info,Few,396.24,27.984,0.84
2026-02-21T07:00:00Z,2.5722235,320,25,23,1009,8000,Sem Info,Few,396.24,27.905,0.89
2026-02-21T08:00:00Z,2.5722235,340,25,23,1009,10000,Sem Info,Scattered,518.16,27.827,0.89
2026-02-21T09:00:00Z,1.5433341,330,25,23,1009,10000,Sem Info,Few,1066.8,27.752,0.89
2026-02-21T10:00:00Z,2.0577788,300,26,22,1010,10000,Sem Info,Few,1066.8,27.661,0.79
2026-02-21T11:00:00Z,1.0288894,300,27,23,1011,10000,Sem Info,Few,762.0,27.631,0.79
2026-02-21T12:00:00Z,1.5433341,70,28,23,1011,10000,Sem Info,Scattered,914.4,27.9,0.74
2026-02-21T13:00:00Z,2.5722235,110,29,23,1011,10000,Sem Info,Scattered,914.4,28.169,0.7
2026-02-21T14:00:00Z,2.0577788,130,30,23,1011,10000,Sem Info,Scattered,914.4,28.327,0.66
2026-02-21T15:00:00Z,3.6011129,120,31,23,1011,10000,Sem Info,Scattered,762.0,28.458,0.62
2026-02-21T16:00:00Z,5.144447,120,30,24,1010,10000,Sem Info,Scattered,762.0,28.494,0.7
2026-02-21T17:00:00Z,5.144447,120,30,23,1009,10000,Sem Info,Few,1066.8,28.394,0.66
2026-02-21T18:00:00Z,5.144447,150,29,23,1009,10000,Sem Info,Few,1066.8,28.368,0.7
2026-02-21T19:00:00Z,5.6588917,130,29,22,1009,10000,Sem Info,Few,1066.8,28.349,0.66
2026-02-21T20:00:00Z,6.1733364,120,28,23,1010,8000,Thunderstorm,Few,609.6,28.308,0.74
2026-02-21T20:07:00Z,8.2311152,100,27,22,1010,8000,Light intensity: Thunderstorm Rain,Few,457.2,27.367,0.74
2026-02-21T20:26:00Z,7.716670499999999,90,25,23,1010,10000,Thunderstorm Rain,Few,762.0,25.268,0.89
2026-02-21T20:37:00Z,6.6877811,70,24,22,1011,1000,Heavy intensity: Thunderstorm Rain,Few,762.0,24.253,0.89
2026-02-21T21:00:00Z,5.144447,50,23,22,1011,1500,Thunderstorm Rain,Few,609.6,28.226,0.94
2026-02-21T21:32:00Z,2.5722235,170,23,22,1011,4500,Light intensity: Thunderstorm Rain,Few,609.6,23.243,0.94
2026-02-21T22:00:00Z,2.5722235,160,24,22,1011,7000,Light intensity: Thunderstorm Rain,Few,914.4,28.049,0.89
2026-02-21T23:00:00Z,1.0288894,160,23,21,1012,9000,Light intensity: Thunderstorm Rain,Few,914.4,27.968,0.89
2026-02-22T00:00:00Z,3.6011129,70,24,21,1013,9000,Light intensity: Rain,Few,914.4,27.896,0.83
2026-02-22T01:00:00Z,2.0577788,90,24,22,1013,10000,Sem Info,Few,304.8,27.826,0.89
2026-02-22T02:00:00Z,1.5433341,300,24,22,1012,10000,Sem Info,Few,304.8,27.752,0.89
2026-02-22T03:00:00Z,2.0577788,280,24,22,1012,10000,Sem Info,Few,304.8,27.676,0.89
2026-02-22T04:00:00Z,2.5722235,300,24,22,1012,10000,Sem Info,Few,304.8,27.601,0.89
2026-02-22T05:00:00Z,1.5433341,280,23,22,1012,10000,Sem Info,Few,304.8,27.528,0.94
2026-02-22T06:00:00Z,1.0288894,280,24,22,1011,10000,Sem Info,Few,304.8,27.452,0.89
2026-02-22T07:00:00Z,2.5722235,330,24,22,1011,10000,Sem Info,Few,304.8,27.378,0.89
2026-02-22T08:00:00Z,1.5433341,330,24,22,1011,10000,Sem Info,Few,304.8,27.305,0.89
2026-02-22T09:00:00Z,1.5433341,340,24,22,1011,7000,Sem Info,Few,304.8,27.234,0.89
2026-02-22T10:00:00Z,1.0288894,340,24,22,1012,7000,Sem Info,Few,304.8,27.201,0.89
2026-02-22T11:00:00Z,2.5722235,310,26,22,1012,7000,Sem Info,Few,243.84,27.2,0.79
2026-02-22T12:00:00Z,1.5433341,10,27,22,1013,7000,Sem Info,Few,243.84,27.453,0.74
2026-02-22T13:00:00Z,2.5722235,30,29,22,1013,7000,Sem Info,Scattered,640.0799999999999,27.643,0.66
2026-02-22T14:00:00Z,3.0866682,70,30,23,1012,8000,Sem Info,Scattered,701.04,27.831,0.66
2026-02-22T15:00:00Z,3.0866682,70,29,22,1012,8000,Sem Info,Scattered,701.04,27.915,0.66
2026-02-22T16:00:00Z,5.144447,50,30,22,1011,10000,Sem Info,Scattered,792.48,27.944,0.62
2026-02-22T17:00:00Z,4.6300023,140,29,23,1010,10000,Sem Info,Few,1066.8,27.954,0.7
2026-02-22T18:00:00Z,4.1155576,150,29,22,1010,10000,Sem Info,Few,1066.8,27.963,0.66
2026-02-22T19:00:00Z,5.144447,150,29,22,1009,10000,Sem Info,Few,1066.8,27.947,0.66
2026-02-22T20:00:00Z,4.6300023,150,28,22,1009,10000,Sem Info,Few,1066.8,27.936,0.7
2026-02-22T21:00:00Z,3.6011129,140,28,23,1010,10000,Sem Info,Few,1066.8,27.864,0.74
2026-02-22T22:00:00Z,3.0866682,60,27,23,1010,10000,Sem Info,Few,457.2,27.723,0.79
2026-02-22T23:00:00Z,2.0577788,350,26,22,1011,10000,Sem Info,Few,609.6,27.658,0.79
2026-02-23T00:00:00Z,1.0288894,350,26,22,1011,10000,Sem Info,Few,609.6,27.59,0.79
2026-02-23T01:00:00Z,0.5144447,350,25,23,1011,10000,Sem Info,Few,609.6,27.519,0.89
2026-02-23T02:00:00Z,0.5144447,350,25,24,1012,10000,Sem Info,Few,457.2,27.442,0.94
2026-02-23T03:00:00Z,2.0577788,360,26,24,1011,10000,Sem Info,Few,457.2,27.366,0.89
2026-02-23T04:00:00Z,1.0288894,360,25,23,1011,10000,Sem Info,Few,457.2,27.295,0.89
2026-02-23T05:00:00Z,0.5144447,310,25,23,1010,10000,Sem Info,Few,457.2,27.225,0.89
2026-02-23T06:00:00Z,1.5433341,330,25,24,1010,10000,Sem Info,Few,457.2,27.157,0.94
2026-02-23T07:00:00Z,2.0577788,30,25,24,1010,10000,Sem Info,Few,457.2,27.089,0.94
2026-02-23T08:00:00Z,2.0577788,330,25,23,1010,10000,Sem Info,Broken,243.84,27.013,0.89
2026-02-23T09:00:00Z,2.5722235,330,25,23,1010,10000,Sem Info,Broken,304.8,26.942,0.89
2026-02-23T10:00:00Z,2.0577788,300,26,23,1011,9000,Sem Info,Scattered,304.8,26.895,0.84
2026-02-23T11:00:00Z,1.5433341,350,26,23,1010,10000,Sem Info,Few,548.64,27.068,0.84
2026-02-23T12:00:00Z,3.0866682,30,28,23,1010,10000,Sem Info,Few,487.68,27.449,0.74
2026-02-23T13:00:00Z,2.5722235,60,29,23,1010,10000,Sem Info,Few,701.04,27.71,0.7
2026-02-23T14:00:00Z,2.5722235,40,31,23,1010,10000,Sem Info,Few,701.04,27.843,0.62
2026-02-23T15:00:00Z,2.5722235,40,30,23,1010,10000,Sem Info,Few,701.04,27.912,0.66
2026-02-23T15:34:00Z,4.6300023,160,30,24,1009,7000,Thunderstorm,Few,731.52,29.727,0.7
2026-02-23T16:00:00Z,5.144447,160,28,22,1009,8000,Thunderstorm,Few,762.0,27.954,0.7
2026-02-23T16:26:00Z,4.6300023,240,25,23,1009,4000,Light intensity: Thunderstorm Rain,Few,548.64,24.78,0.89
2026-02-23T17:00:00Z,6.6877811,260,24,23,1009,3000,Light intensity: Thunderstorm Rain,Few,640.0799999999999,27.909,0.94
2026-02-23T17:31:00Z,2.5722235,230,25,23,1008,8000,Light intensity: Rain,Few,640.0799999999999,24.875,0.89
2026-02-23T18:00:00Z,2.0577788,230,25,24,1008,8000,Light intensity: Rain,Few,640.0799999999999,27.832,0.94
2026-02-23T19:00:00Z,1.0288894,230,26,24,1008,8000,Light intensity: Rain,Few,518.16,27.757,0.89
2026-02-23T20:00:00Z,1.5433341,230,25,24,1008,8000,Light intensity: Rain,Scattered,487.68,27.714,0.94
2026-02-23T21:00:00Z,2.0577788,340,25,24,1008,10000,Light intensity: Rain,Scattered,975.36,27.639,0.94
2026-02-23T22:00:00Z,1.0288894,340,25,23,1009,5000,Mist (French: Brume),Few,304.8,27.598,0.89
2026-02-23T23:00:00Z,2.0577788,90,25,24,1010,6000,Light intensity: Rain,Scattered,274.32,27.525,0.94
2026-02-24T00:00:00Z,1.5433341,120,26,23,1010,10000,Sem Info,Few,274.32,27.455,0.84
2026-02-24T01:00:00Z,1.5433341,120,25,23,1010,10000,Sem Info,Scattered,304.8,27.389,0.89
2026-02-24T02:00:00Z,2.5722235,100,25,23,1009,10000,Sem Info,Scattered,304.8,27.324,0.89
2026-02-24T03:00:00Z,1.5433341,110,25,23,1009,10000,Light intensity: Rain,Scattered,304.8,27.264,0.89
2026-02-24T04:00:00Z,1.5433341,130,25,23,1008,10000,Sem Info,Scattered,335.28,27.208,0.89
2026-02-24T05:00:00Z,0.5144447,210,24,23,1008,10000,Sem Info,Scattered,274.32,27.148,0.94
2026-02-24T06:00:00Z,0.5144447,240,24,23,1008,10000,Sem Info,Scattered,274.32,27.089,0.94
2026-02-24T07:00:00Z,1.0288894,250,24,23,1007,10000,Sem Info,Scattered,274.32,27.034,0.94
2026-02-24T08:00:00Z,1.0288894,220,24,22,1007,10000,Sem Info,Few,274.32,26.98,0.89
2026-02-24T09:00:00Z,2.0577788,20,25,24,1008,5000,Mist (French: Brume),Few,121.92,26.925,0.94
2026-02-24T09:26:00Z,1.5433341,350,25,23,1008,4000,Mist (French: Brume),Few,121.92,25.181,0.89
2026-02-24T10:00:00Z,0.5144447,300,25,23,1008,4000,Mist (French: Brume),Few,121.92,26.894,0.89
2026-02-24T11:00:00Z,1.0288894,300,26,23,1008,7000,Sem Info,Few,121.92,26.954,0.84
2026-02-24T12:00:00Z,1.0288894,300,27,24,1008,6000,Sem Info,Few,213.36,27.266,0.84
2026-02-24T13:00:00Z,2.0577788,50,27,24,1009,7000,Sem Info,Few,304.8,27.706,0.84
2026-02-24T14:00:00Z,3.0866682,40,28,24,1008,6000,Sem Info,Few,304.8,28.237,0.79
2026-02-24T15:00:00Z,2.5722235,70,29,23,1007,7000,Sem Info,Few,304.8,28.448,0.7
2026-02-24T16:00:00Z,3.0866682,60,30,22,1007,9000,Sem Info,Few,914.4,28.47,0.62
2026-02-24T17:00:00Z,2.5722235,150,30,23,1006,9000,Sem Info,Few,914.4,28.232,0.66
2026-02-24T17:14:00Z,3.6011129,180,30,23,1006,10000,Sem Info,Few,914.4,30.237,0.66
2026-02-24T18:00:00Z,4.6300023,160,30,23,1005,10000,Sem Info,Few,914.4,28.228,0.66
2026-02-24T19:00:00Z,5.144447,160,29,23,1005,10000,Sem Info,Few,914.4,28.146,0.7
2026-02-24T20:00:00Z,6.6877811,90,29,22,1005,10000,Sem Info,Few,914.4,28.079,0.66
2026-02-24T21:00:00Z,4.6300023,80,27,22,1005,10000,Sem Info,Few,914.4,28.004,0.74
2026-02-24T22:00:00Z,4.1155576,100,27,23,1005,10000,Sem Info,Few,914.4,27.989,0.79
2026-02-24T23:00:00Z,4.6300023,90,27,23,1006,10000,Sem Info,Few,914.4,27.895,0.79
2026-02-25T00:00:00Z,5.6588917,100,26,22,1006,10000,Sem Info,Scattered,701.04,27.811,0.79
2026-02-25T01:00:00Z,4.6300023,70,26,23,1006,10000,Sem Info,Few,396.24,27.731,0.84
2026-02-25T02:00:00Z,3.6011129,80,26,23,1006,8000,Sem Info,Few,396.24,27.652,0.84
2026-02-25T03:00:00Z,2.0577788,80,26,23,1005,8000,Sem Info,Scattered,335.28,27.582,0.84
2026-02-25T04:00:00Z,2.5722235,130,25,23,1005,8000,Sem Info,Scattered,335.28,27.516,0.89
2026-02-25T05:00:00Z,2.5722235,150,25,23,1005,8000,Sem Info,Scattered,335.28,27.449,0.89
2026-02-25T06:00:00Z,2.0577788,180,25,23,1005,7000,Sem Info,Scattered,335.28,27.382,0.89
2026-02-25T07:00:00Z,2.0577788,220,24,22,1004,7000,Sem Info,Scattered,335.28,27.318,0.89
2026-02-25T08:00:00Z,1.5433341,90,25,23,1004,8000,Sem Info,Few,457.2,27.253,0.89
2026-02-25T09:00:00Z,1.5433341,10,25,23,1005,8000,Sem Info,Few,243.84,27.187,0.89
2026-02-25T10:00:00Z,2.0577788,60,26,23,1005,8000,Sem Info,Broken,213.36,27.16,0.84
2026-02-25T11:00:00Z,3.6011129,60,27,24,1006,8000,Sem Info,Scattered,182.88,27.276,0.84
2026-02-25T12:00:00Z,2.0577788,60,28,24,1005,8000,Sem Info,Scattered,274.32,27.481,0.79
2026-02-25T13:00:00Z,3.0866682,60,29,25,1006,10000,Sem Info,Scattered,518.16,27.746,0.79
2026-02-25T14:00:00Z,3.6011129,50,30,24,1005,10000,Sem Info,Scattered,609.6,28.06,0.7
2026-02-25T15:00:00Z,2.5722235,60,32,23,1004,10000,Sem Info,Scattered,609.6,28.263,0.59
2026-02-25T16:00:00Z,3.0866682,60,32,23,1003,10000,Sem Info,Scattered,609.6,28.331,0.59
2026-02-25T17:00:00Z,5.144447,160,32,23,1003,10000,Sem Info,Scattered,701.04,28.317,0.59
2026-02-25T18:00:00Z,6.1733364,160,32,23,1003,10000,Sem Info,Scattered,914.4,28.24,0.59
2026-02-25T19:00:00Z,6.1733364,150,31,23,1002,10000,Sem Info,Few,1005.84,28.147,0.62
2026-02-25T20:00:00Z,5.6588917,150,30,23,1001,10000,Sem Info,Few,1005.84,28.123,0.66
2026-02-25T21:00:00Z,5.144447,160,28,23,1002,10000,Sem Info,Few,1005.84,28.085,0.74
2026-02-25T22:00:00Z,3.6011129,170,28,23,1003,10000,Sem Info,Few,1005.84,28.029,0.74
2026-02-25T23:00:00Z,2.5722235,150,28,23,1003,10000,Sem Info,Few,1066.8,27.969,0.74
2026-02-26T00:00:00Z,1.0288894,150,27,23,1003,10000,Sem Info,Broken,1219.2,27.911,0.79
2026-02-26T01:00:00Z,1.0288894,150,28,23,1003,10000,Sem Info,Broken,1219.2,27.858,0.74
2026-02-26T02:00:00Z,1.0288894,150,27,24,1002,10000,Sem Info,Scattered,1219.2,27.804,0.84
2026-02-26T03:00:00Z,2.5722235,280,28,23,1002,10000,Sem Info,Scattered,1219.2,27.751,0.74
2026-02-26T04:00:00Z,2.5722235,270,28,23,1002,10000,Sem Info,Scattered,1219.2,27.694,0.74
2026-02-26T05:00:00Z,2.5722235,290,28,23,1002,10000,Sem Info,Scattered,1219.2,27.634,0.74
2026-02-26T06:00:00Z,3.0866682,280,27,23,1001,10000,Sem Info,Scattered,1219.2,27.576,0.79
2026-02-26T07:00:00Z,4.1155576,310,26,23,1001,10000,Sem Info,Scattered,1219.2,27.516,0.84
2026-02-26T08:00:00Z,2.5722235,350,26,23,1001,10000,Sem Info,Scattered,1219.2,27.459,0.84
2026-02-26T09:00:00Z,1.5433341,310,26,23,1001,9000,Sem Info,Few,609.6,27.403,0.84
2026-02-26T10:00:00Z,2.0577788,320,27,23,1002,10000,Sem Info,Few,609.6,27.374,0.79
2026-02-26T11:00:00Z,3.0866682,260,27,22,1003,10000,Sem Info,Scattered,609.6,27.478,0.74
2026-02-26T12:00:00Z,2.0577788,250,29,22,1003,10000,Sem Info,Scattered,701.04,27.496,0.66
2026-02-26T13:00:00Z,3.6011129,280,28,22,1004,10000,Sem Info,Broken,762.0,27.512,0.7
2026-02-26T14:00:00Z,3.6011129,280,29,22,1003,10000,Sem Info,Broken,914.4,27.543,0.66
2026-02-26T15:00:00Z,3.6011129,290,29,22,1003,10000,Sem Info,Scattered,701.04,27.557,0.66
2026-02-26T16:00:00Z,3.6011129,280,30,22,1003,10000,Sem Info,Scattered,701.04,27.584,0.62
2026-02-26T17:00:00Z,4.6300023,290,30,22,1002,10000,Sem Info,Scattered,701.04,27.623,0.62
2026-02-26T18:00:00Z,3.0866682,230,29,22,1003,10000,Sem Info,Broken,914.4,27.67,0.66
2026-02-26T19:00:00Z,5.144447,240,27,22,1002,10000,Sem Info,Scattered,487.68,27.654,0.74
2026-02-26T20:00:00Z,4.1155576,220,28,22,1002,10000,Sem Info,Scattered,487.68,27.643,0.7
2026-02-26T20:39:00Z,4.6300023,240,26,23,1003,5000,Light intensity: Rain,Scattered,487.68,25.714,0.84
2026-02-26T21:00:00Z,5.144447,230,26,23,1003,5000,Light intensity: Rain,Broken,487.68,27.591,0.84
2026-02-26T22:00:00Z,1.5433341,170,26,23,1004,8000,Sem Info,Broken,487.68,27.592,0.84
2026-02-26T23:00:00Z,1.0288894,170,25,23,1004,4000,Light intensity: Rain,Scattered,1219.2,27.536,0.89
2026-02-27T00:00:00Z,1.0288894,170,25,24,1005,4000,Light intensity: Rain,Few,609.6,27.48,0.94
2026-02-27T01:00:00Z,2.5722235,50,25,23,1006,3000,Light intensity: Rain,Broken,243.84,27.422,0.89
2026-02-27T02:00:00Z,0.5144447,50,24,23,1006,4000,Light intensity: Rain,Broken,243.84,27.36,0.94
2026-02-27T03:00:00Z,2.0577788,300,24,23,1006,4000,Light intensity: Rain,Few,182.88,27.293,0.94
2026-02-27T04:00:00Z,2.5722235,270,24,23,1005,3000,Light intensity: Rain,Broken,182.88,27.224,0.94
2026-02-27T05:00:00Z,2.0577788,270,24,23,1004,3000,Light intensity: Rain,Few,152.4,27.162,0.94
2026-02-27T06:00:00Z,3.0866682,260,24,23,1004,2500,Rain,Few,121.92,27.099,0.94
2026-02-27T07:00:00Z,4.1155576,300,24,23,1004,2500,Rain,Few,121.92,27.027,0.94
2026-02-27T08:00:00Z,4.1155576,300,24,23,1004,3000,Light intensity: Rain,Scattered,152.4,26.951,0.94
2026-02-27T09:00:00Z,4.1155576,300,25,23,1005,4000,Light intensity: Rain,Broken,213.36,26.868,0.89
2026-02-27T09:09:00Z,3.6011129,240,24,23,1005,1500,Rain,Broken,213.36,24.047,0.94
2026-02-27T10:00:00Z,4.1155576,270,24,23,1006,4000,Light intensity: Rain,Broken,213.36,26.83,0.94
2026-02-27T11:00:00Z,1.0288894,150,26,22,1007,8000,Sem Info,Broken,304.8,26.783,0.79
2026-02-27T12:00:00Z,0.5144447,130,27,21,1008,9000,Sem Info,Scattered,365.76,26.756,0.7
2026-02-27T13:00:00Z,2.0577788,160,26,21,1008,10000,Sem Info,Scattered,365.76,26.729,0.74
2026-02-27T14:00:00Z,2.0577788,200,26,21,1008,10000,Sem Info,Few,365.76,26.702,0.74
2026-02-27T14:27:00Z,3.0866682,180,27,22,1009,5000,Light intensity: Rain,Scattered,304.8,27.239,0.74
2026-02-27T15:00:00Z,2.0577788,170,26,22,1008,6000,Light intensity: Rain,Scattered,304.8,26.507,0.79
2026-02-27T16:00:00Z,3.0866682,230,28,21,1008,10000,Sem Info,Few,396.24,26.51,0.66
2026-02-27T17:00:00Z,5.6588917,220,28,20,1008,10000,Sem Info,Broken,914.4,26.384,0.62
2026-02-27T18:00:00Z,6.6877811,250,28,21,1008,10000,Sem Info,Broken,914.4,26.346,0.66
2026-02-27T19:00:00Z,5.144447,210,28,21,1007,10000,Sem Info,Broken,914.4,26.298,0.66
2026-02-27T20:00:00Z,6.6877811,230,27,20,1008,10000,Sem Info,Broken,914.4,26.251,0.66
2026-02-27T21:00:00Z,5.144447,260,26,21,1008,8000,Sem Info,Broken,792.48,26.189,0.74
2026-02-27T22:00:00Z,5.6588917,210,24,19,1009,9000,Sem Info,Few,609.6,26.066,0.74
2026-02-27T23:00:00Z,2.0577788,220,25,19,1010,10000,Sem Info,Scattered,609.6,25.994,0.69
2026-02-28T00:00:00Z,6.1733364,240,23,20,1011,6000,Light intensity: Rain,Broken,609.6,25.923,0.83
2026-02-28T01:00:00Z,2.0577788,240,24,20,1011,9000,Sem Info,Broken,609.6,25.851,0.78
2026-02-28T02:00:00Z,2.0577788,280,23,20,1011,9000,Sem Info,Broken,609.6,25.787,0.83
2026-02-28T03:00:00Z,1.5433341,300,22,20,1011,8000,Sem Info,Broken,609.6,25.725,0.88
2026-02-28T04:00:00Z,3.0866682,300,22,20,1010,10000,Sem Info,Broken,609.6,25.66,0.88
2026-02-28T05:00:00Z,2.0577788,270,23,20,1010,10000,Sem Info,Few,609.6,25.59,0.83
2026-02-28T06:00:00Z,2.0577788,290,22,20,1009,10000,Sem Info,Few,609.6,25.52,0.88
2026-02-28T07:00:00Z,2.5722235,300,22,20,1009,10000,Sem Info,Few,609.6,25.447,0.88
2026-02-28T08:00:00Z,3.0866682,320,22,20,1009,9000,Sem Info,Few,609.6,25.371,0.88
2026-02-28T09:00:00Z,4.1155576,310,22,20,1009,10000,Sem Info,Few,457.2,25.3,0.88
2026-02-28T10:00:00Z,3.0866682,280,22,21,1010,10000,Sem Info,Few,304.8,25.254,0.94
2026-02-28T11:00:00Z,3.6011129,310,22,20,1010,10000,Sem Info,Few,243.84,25.304,0.88
2026-02-28T12:00:00Z,4.1155576,320,24,21,1011,10000,Sem Info,Few,274.32,25.337,0.83
2026-02-28T13:00:00Z,3.6011129,310,25,20,1011,10000,Sem Info,Few,396.24,25.35,0.74
2026-02-28T14:00:00Z,6.1733364,240,25,18,1011,10000,Sem Info,Few,457.2,25.345,0.65
2026-02-28T15:00:00Z,4.1155576,290,25,19,1011,10000,Sem Info,Few,640.0799999999999,25.32,0.69
2026-02-28T16:00:00Z,3.0866682,300,26,16,1010,10000,Sem Info,Few,640.0799999999999,25.31,0.54
2026-02-28T17:00:00Z,6.1733364,240,27,15,1010,10000,Sem Info,Few,640.0799999999999,25.312,0.48
2026-02-28T18:00:00Z,5.144447,230,27,15,1010,10000,Sem Info,Few,609.6,25.293,0.48
2026-02-28T19:00:00Z,5.6588917,230,27,17,1010,10000,Sem Info,Few,609.6,25.27,0.54
2026-02-28T20:00:00Z,4.6300023,230,27,17,1010,10000,Sem Info,Few,609.6,25.215,0.54
2026-02-28T21:00:00Z,5.144447,240,26,17,1010,10000,Sem Info,Few,609.6,25.139,0.58
2026-02-28T22:00:00Z,3.0866682,220,25,18,1011,10000,Sem Info,Few,609.6,25.097,0.65
2026-02-28T23:00:00Z,0.5144447,190,25,18,1011,10000,Sem Info,Few,914.4,25.027,0.65
2026-03-01T00:00:00Z,1.5433341,170,25,18,1012,10000,Sem Info,Few,914.4,24.958,0.65
2026-03-01T01:00:00Z,3.0866682,280,23,19,1012,10000,Sem Info,Few,914.4,24.893,0.78
2026-03-01T02:00:00Z,1.5433341,270,24,20,1012,10000,Sem Info,Few,1066.8,24.821,0.78
2026-03-01T03:00:00Z,4.1155576,310,23,20,1012,10000,Sem Info,Few,1066.8,24.746,0.83
2026-03-01T04:00:00Z,4.1155576,320,22,19,1011,10000,Sem Info,Few,1066.8,24.672,0.83
2026-03-01T05:00:00Z,2.5722235,300,22,20,1011,10000,Sem Info,Few,609.6,24.597,0.88
2026-03-01T06:00:00Z,5.144447,260,22,19,1010,10000,Sem Info,Few,609.6,24.523,0.83
2026-03-01T07:00:00Z,3.0866682,320,22,20,1010,10000,Sem Info,Few,213.36,24.45,0.88
2026-03-01T08:00:00Z,3.0866682,320,22,20,1011,10000,Sem Info,Few,213.36,24.38,0.88
2026-03-01T09:00:00Z,2.5722235,300,21,19,1011,10000,Sem Info,Few,213.36,24.307,0.88
2026-03-01T10:00:00Z,3.6011129,300,22,19,1011,10000,Sem Info,Few,213.36,24.311,0.83
2026-03-01T11:00:00Z,4.1155576,330,24,20,1012,10000,Sem Info,Few,213.36,24.38,0.78
2026-03-01T12:00:00Z,3.6011129,320,25,19,1012,10000,Sem Info,Few,91.44,24.481,0.69
2026-03-01T13:00:00Z,4.6300023,310,26,19,1012,10000,Sem Info,Few,762.0,24.547,0.65
2026-03-01T14:00:00Z,3.0866682,270,26,19,1012,10000,Sem Info,Few,914.4,24.608,0.65
2026-03-01T15:00:00Z,5.144447,310,27,19,1011,10000,Sem Info,Few,914.4,24.645,0.62
2026-03-01T16:00:00Z,4.1155576,250,25,19,1011,10000,Sem Info,Few,792.48,24.691,0.69
2026-03-01T16:45:00Z,6.6877811,230,23,19,1011,4000,Light intensity: Rain,Few,762.0,22.743,0.78
2026-03-01T17:00:00Z,7.2022258,240,23,20,1011,6000,Light intensity: Rain,Few,762.0,24.73,0.83
2026-03-01T18:00:00Z,6.1733364,250,22,19,1011,6000,Light intensity: Rain,Few,762.0,24.734,0.83
2026-03-01T19:00:00Z,6.1733364,250,22,19,1011,6000,Light intensity: Rain,Few,762.0,24.728,0.83
2026-03-01T20:00:00Z,2.0577788,80,22,19,1011,6000,Light intensity: Rain,Few,762.0,24.691,0.83
2026-03-01T21:00:00Z,2.0577788,80,24,20,1011,8000,Sem Info,Few,1219.2,24.627,0.78
2026-03-01T22:00:00Z,2.0577788,360,23,19,1012,8000,Sem Info,Few,1219.2,24.617,0.78
2026-03-01T23:00:00Z,1.0288894,360,23,19,1012,10000,Sem Info,Few,609.6,24.561,0.78
2026-03-02T00:00:00Z,0.0,0,23,19,1013,10000,Sem Info,Few,609.6,24.499,0.78
2026-03-02T01:00:00Z,2.0577788,300,23,19,1013,10000,Sem Info,Few,457.2,24.431,0.78
2026-03-02T02:00:00Z,1.0288894,300,22,19,1012,10000,Sem Info,Few,457.2,24.362,0.83
2026-03-02T03:00:00Z,1.0288894,300,22,19,1012,10000,Sem Info,Few,457.2,24.294,0.83
2026-03-02T04:00:00Z,2.5722235,310,22,19,1012,10000,Sem Info,Few,335.28,24.22,0.83
2026-03-02T05:00:00Z,1.5433341,310,21,19,1011,10000,Sem Info,Few,457.2,24.143,0.88
2026-03-02T06:00:00Z,2.0577788,280,21,18,1011,10000,Sem Info,Few,457.2,24.066,0.83
2026-03-02T07:00:00Z,2.0577788,330,20,18,1011,10000,Sem Info,Few,457.2,23.983,0.88
2026-03-02T08:00:00Z,2.0577788,310,20,18,1011,10000,Sem Info,Few,762.0,23.897,0.88
2026-03-02T09:00:00Z,2.5722235,310,21,18,1011,10000,Sem Info,Few,762.0,23.807,0.83
2026-03-02T10:00:00Z,3.0866682,330,22,19,1012,10000,Sem Info,Few,457.2,23.77,0.83
2026-03-02T11:00:00Z,2.0577788,330,23,19,1012,10000,Sem Info,Few,457.2,23.826,0.78
2026-03-02T12:00:00Z,2.0577788,330,25,19,1013,10000,Sem Info,Few,457.2,24.011,0.69
2026-03-02T13:00:00Z,3.0866682,60,26,19,1013,10000,Sem Info,Few,457.2,24.185,0.65
2026-03-02T14:00:00Z,2.5722235,60,26,18,1012,10000,Sem Info,Scattered,457.2,24.349,0.61
2026-03-02T15:00:00Z,2.5722235,70,27,19,1012,10000,Sem Info,Scattered,457.2,24.491,0.62
2026-03-02T16:00:00Z,2.0577788,70,26,19,1012,10000,Sem Info,Scattered,457.2,24.601,0.65
2026-03-02T17:00:00Z,3.6011129,170,26,18,1011,10000,Sem Info,Scattered,457.2,24.646,0.61
2026-03-02T18:00:00Z,3.0866682,160,27,17,1011,10000,Sem Info,Scattered,457.2,24.683,0.54
2026-03-02T19:00:00Z,4.1155576,160,27,18,1011,10000,Sem Info,Few,457.2,24.69,0.58
2026-03-02T20:00:00Z,4.1155576,150,26,20,1011,10000,Sem Info,Few,457.2,24.68,0.7
2026-03-02T21:00:00Z,3.6011129,150,25,19,1011,10000,Sem Info,Scattered,1036.32,24.636,0.69
2026-03-02T22:00:00Z,2.5722235,160,25,19,1012,10000,Sem Info,Scattered,1036.32,24.619,0.69
2026-03-02T23:00:00Z,4.1155576,160,25,19,1012,10000,Sem Info,Scattered,1005.84,24.564,0.69
2026-03-03T00:00:00Z,3.0866682,130,24,19,1013,10000,Sem Info,Scattered,1005.84,24.509,0.74
2026-03-03T01:00:00Z,2.5722235,120,24,19,1013,10000,Sem Info,Scattered,701.04,24.453,0.74
2026-03-03T02:00:00Z,2.5722235,140,24,19,1013,10000,Sem Info,Scattered,1402.08,24.394,0.74
2026-03-03T03:00:00Z,1.5433341,110,23,19,1013,10000,Sem Info,Few,701.04,24.335,0.78
2026-03-03T04:00:00Z,1.5433341,110,24,19,1012,10000,Sem Info,Few,701.04,24.279,0.74
2026-03-03T05:00:00Z,2.0577788,180,23,19,1012,10000,Sem Info,Few,701.04,24.224,0.78
2026-03-03T06:00:00Z,1.5433341,210,23,19,1012,10000,Sem Info,Few,701.04,24.169,0.78
2026-03-03T07:00:00Z,1.5433341,310,22,18,1011,8000,Sem Info,Few,701.04,24.115,0.78
2026-03-03T08:00:00Z,2.0577788,330,23,20,1011,8000,Sem Info,Few,335.28,24.062,0.83
2026-03-03T09:00:00Z,1.5433341,350,23,20,1012,8000,Sem Info,Few,335.28,24.007,0.83
2026-03-03T10:00:00Z,1.5433341,350,23,20,1012,8000,Sem Info,Few,457.2,23.984,0.83
2026-03-03T11:00:00Z,1.0288894,330,24,20,1013,9000,Sem Info,Few,457.2,24.127,0.78
2026-03-03T12:00:00Z,2.0577788,50,26,21,1013,10000,Sem Info,Scattered,518.16,24.419,0.74
2026-03-03T13:00:00Z,1.5433341,140,27,18,1014,10000,Sem Info,Scattered,609.6,24.826,0.58
2026-03-03T14:00:00Z,3.6011129,50,28,17,1013,10000,Sem Info,Few,609.6,25.154,0.51
2026-03-03T15:00:00Z,2.5722235,50,28,18,1013,10000,Sem Info,Few,914.4,25.313,0.55
2026-03-03T16:00:00Z,3.0866682,180,28,19,1012,10000,Sem Info,Few,914.4,25.366,0.58
2026-03-03T17:00:00Z,3.6011129,160,28,20,1012,10000,Sem Info,Few,914.4,25.452,0.62
2026-03-03T18:00:00Z,4.1155576,160,28,19,1011,10000,Sem Info,Few,914.4,25.395,0.58
2026-03-03T19:00:00Z,4.6300023,160,28,19,1011,10000,Sem Info,Few,1066.8,25.386,0.58
2026-03-03T20:00:00Z,4.6300023,170,26,19,1011,10000,Sem Info,Scattered,1066.8,25.387,0.65
2026-03-03T21:00:00Z,4.1155576,170,26,19,1011,10000,Sem Info,Few,914.4,25.34,0.65
2026-03-03T22:00:00Z,3.6011129,170,26,19,1012,10000,Sem Info,Few,914.4,25.253,0.65
2026-03-03T23:00:00Z,3.0866682,130,25,19,1012,10000,Sem Info,Few,914.4,25.19,0.69
2026-03-04T00:00:00Z,2.5722235,130,25,19,1013,10000,Sem Info,Few,914.4,25.133,0.69
2026-03-04T01:00:00Z,3.6011129,90,25,19,1013,10000,Sem Info,Scattered,1219.2,25.076,0.69
2026-03-04T02:00:00Z,3.0866682,110,25,19,1013,10000,Sem Info,Broken,1219.2,25.023,0.69
2026-03-04T03:00:00Z,1.5433341,110,24,20,1013,10000,Sem Info,Scattered,1219.2,24.971,0.78
2026-03-04T04:00:00Z,1.0288894,150,24,20,1013,10000,Sem Info,Scattered,1219.2,24.919,0.78
2026-03-04T05:00:00Z,1.0288894,160,23,20,1013,10000,Sem Info,Scattered,1219.2,24.867,0.83
2026-03-04T06:00:00Z,1.0288894,160,23,20,1012,10000,Sem Info,Scattered,1219.2,24.82,0.83
2026-03-04T07:00:00Z,1.0288894,160,22,20,1012,10000,Sem Info,Scattered,1219.2,24.774,0.88
2026-03-04T08:00:00Z,1.0288894,160,23,20,1012,10000,Sem Info,Scattered,1219.2,24.728,0.83
2026-03-04T09:00:00Z,1.0288894,160,24,21,1012,10000,Sem Info,Few,396.24,24.681,0.83
2026-03-04T10:00:00Z,2.5722235,100,24,21,1013,10000,Sem Info,Few,396.24,24.659,0.83
2026-03-04T11:00:00Z,1.5433341,100,25,20,1013,10000,Sem Info,Few,609.6,24.659,0.74
2026-03-04T12:00:00Z,1.0288894,120,25,19,1014,10000,Sem Info,Few,609.6,24.807,0.69
2026-03-04T13:00:00Z,2.5722235,70,26,20,1014,10000,Sem Info,Few,609.6,25.106,0.7
2026-03-04T14:00:00Z,2.5722235,50,28,19,1013,10000,Sem Info,Few,609.6,25.378,0.58
2026-03-04T15:00:00Z,2.5722235,40,28,20,1013,10000,Sem Info,Few,609.6,25.56,0.62
2026-03-04T16:00:00Z,3.6011129,180,29,20,1012,10000,Sem Info,Few,609.6,25.623,0.58
2026-03-04T17:00:00Z,3.6011129,150,29,21,1012,10000,Sem Info,Few,609.6,25.585,0.62
2026-03-04T18:00:00Z,5.6588917,170,29,20,1011,10000,Sem Info,Few,609.6,25.571,0.58
2026-03-04T19:00:00Z,5.6588917,170,28,21,1011,10000,Sem Info,Few,609.6,25.524,0.66
2026-03-04T20:00:00Z,5.144447,190,27,20,1012,10000,Sem Info,Few,609.6,25.518,0.66
2026-03-04T21:00:00Z,4.1155576,170,26,20,1012,10000,Sem Info,Few,914.4,25.476,0.7
2026-03-04T22:00:00Z,4.1155576,160,26,19,1012,10000,Sem Info,Few,914.4,25.415,0.65
2026-03-04T23:00:00Z,3.0866682,150,26,19,1013,10000,Sem Info,Few,914.4,25.355,0.65
2026-03-05T00:00:00Z,2.0577788,150,25,20,1014,10000,Sem Info,Few,914.4,25.297,0.74
2026-03-05T01:00:00Z,4.1155576,110,25,19,1014,10000,Sem Info,Few,914.4,25.24,0.69
2026-03-05T02:00:00Z,3.0866682,110,25,19,1014,10000,Sem Info,Few,1219.2,25.183,0.69
2026-03-05T03:00:00Z,3.0866682,110,24,20,1013,10000,Sem Info,No,0.0,25.128,0.78
2026-03-05T04:00:00Z,1.5433341,120,24,20,1013,10000,Sem Info,No,0.0,25.077,0.78
2026-03-05T05:00:00Z,2.0577788,130,24,20,1013,10000,Sem Info,No,0.0,25.023,0.78
2026-03-05T06:00:00Z,1.0288894,120,24,20,1013,10000,Sem Info,No,0.0,24.965,0.78
2026-03-05T07:00:00Z,1.5433341,80,24,20,1013,10000,Sem Info,No,0.0,24.91,0.78
2026-03-05T08:00:00Z,0.5144447,240,23,20,1013,10000,Sem Info,No,0.0,24.859,0.83
2026-03-05T09:00:00Z,0.0,0,23,21,1013,10000,Sem Info,No,0.0,24.807,0.89
2026-03-05T10:00:00Z,1.0288894,10,25,21,1014,10000,Sem Info,Few,609.6,24.819,0.78
2026-03-05T11:00:00Z,0.5144447,10,27,20,1014,10000,Sem Info,Few,609.6,24.948,0.66
2026-03-05T12:00:00Z,2.0577788,50,28,21,1014,10000,Sem Info,Few,609.6,25.164,0.66
2026-03-05T13:00:00Z,3.6011129,60,28,21,1014,10000,Sem Info,Few,701.04,25.404,0.66
2026-03-05T14:00:00Z,3.0866682,70,29,20,1014,10000,Sem Info,Few,762.0,25.621,0.58
2026-03-05T15:00:00Z,3.0866682,150,29,21,1014,10000,Sem Info,Few,914.4,25.784,0.62
2026-03-05T16:00:00Z,3.6011129,170,30,21,1013,10000,Sem Info,Few,914.4,25.88,0.59
2026-03-05T17:00:00Z,4.6300023,170,30,21,1012,10000,Sem Info,Few,914.4,25.918,0.59
2026-03-05T18:00:00Z,5.144447,170,30,22,1012,10000,Sem Info,Few,914.4,25.88,0.62
2026-03-05T19:00:00Z,5.6588917,180,29,21,1012,10000,Sem Info,Scattered,762.0,25.89,0.62
2026-03-05T20:00:00Z,4.6300023,170,28,21,1012,10000,Sem Info,Few,762.0,25.863,0.66
2026-03-05T21:00:00Z,3.6011129,180,27,21,1012,10000,Sem Info,Few,762.0,25.821,0.7
2026-03-05T22:00:00Z,3.6011129,170,27,21,1013,10000,Sem Info,Few,762.0,25.765,0.7
2026-03-05T23:00:00Z,5.144447,120,26,22,1013,10000,Sem Info,Few,762.0,25.706,0.79
2026-03-06T00:00:00Z,7.2022258,120,27,19,1014,10000,Sem Info,Few,762.0,25.649,0.62
2026-03-06T01:00:00Z,7.2022258,100,26,20,1015,10000,Sem Info,Few,762.0,25.594,0.7
2026-03-06T02:00:00Z,5.144447,90,26,21,1014,10000,Sem Info,Few,1097.28,25.542,0.74
2026-03-06T03:00:00Z,3.0866682,100,25,21,1014,10000,Sem Info,Few,1097.28,25.49,0.78
2026-03-06T04:00:00Z,2.0577788,160,24,21,1014,10000,Sem Info,Few,1097.28,25.441,0.83
2026-03-06T05:00:00Z,2.0577788,160,24,21,1013,10000,Sem Info,Few,1097.28,25.391,0.83
2026-03-06T06:00:00Z,1.5433341,190,24,21,1013,10000,Sem Info,Few,1097.28,25.342,0.83
2026-03-06T07:00:00Z,2.0577788,140,24,21,1013,10000,Sem Info,Few,1097.28,25.294,0.83
2026-03-06T08:00:00Z,1.5433341,120,24,21,1013,10000,Sem Info,Few,396.24,25.246,0.83
2026-03-06T09:00:00Z,1.5433341,10,24,22,1013,10000,Sem Info,Few,396.24,25.196,0.89
2026-03-06T10:00:00Z,1.0288894,360,26,22,1014,10000,Sem Info,Few,396.24,25.198,0.79
2026-03-06T11:00:00Z,2.0577788,70,26,22,1014,10000,Sem Info,Few,335.28,25.374,0.79
2026-03-06T12:00:00Z,2.0577788,40,27,22,1015,10000,Sem Info,Few,396.24,25.59,0.74
2026-03-06T13:00:00Z,3.0866682,60,28,22,1014,10000,Sem Info,Few,640.0799999999999,25.852,0.7
2026-03-06T14:00:00Z,1.5433341,60,29,22,1014,10000,Sem Info,Few,762.0,26.068,0.66
2026-03-06T15:00:00Z,4.1155576,150,30,23,1013,10000,Sem Info,Few,762.0,26.266,0.66
2026-03-06T16:00:00Z,5.144447,170,30,23,1013,10000,Sem Info,Few,762.0,26.383,0.66
2026-03-06T17:00:00Z,6.1733364,170,30,23,1012,10000,Sem Info,Few,762.0,26.461,0.66
2026-03-06T18:00:00Z,6.1733364,180,30,22,1011,10000,Sem Info,Few,762.0,26.46,0.62
2026-03-06T19:00:00Z,5.6588917,190,28,22,1011,10000,Sem Info,Few,762.0,26.408,0.7
2026-03-06T20:00:00Z,4.1155576,170,28,22,1011,10000,Sem Info,Few,762.0,26.398,0.7
2026-03-06T21:00:00Z,3.0866682,160,27,22,1011,10000,Sem Info,Few,609.6,26.358,0.74
2026-03-06T22:00:00Z,3.0866682,170,27,22,1012,10000,Sem Info,Few,609.6,26.338,0.74
2026-03-06T23:00:00Z,3.0866682,170,27,22,1012,10000,Sem Info,Few,609.6,26.283,0.74
2026-03-07T00:00:00Z,4.1155576,120,27,22,1013,10000,Sem Info,Few,670.56,26.23,0.74
2026-03-07T01:00:00Z,3.6011129,110,27,22,1012,10000,Sem Info,Few,304.8,26.179,0.74
2026-03-07T02:00:00Z,2.0577788,130,26,22,1013,10000,Sem Info,Few,304.8,26.131,0.79
2026-03-07T03:00:00Z,2.0577788,130,26,22,1013,10000,Sem Info,Few,304.8,26.085,0.79
2026-03-07T04:00:00Z,2.5722235,130,26,22,1012,10000,Sem Info,Few,304.8,26.038,0.79
2026-03-07T05:00:00Z,2.5722235,130,26,22,1012,10000,Sem Info,Few,304.8,25.989,0.79
2026-03-07T06:00:00Z,1.0288894,130,25,23,1012,10000,Sem Info,Few,396.24,25.938,0.89
2026-03-07T07:00:00Z,1.5433341,120,25,23,1011,10000,Sem Info,Few,396.24,25.887,0.89
2026-03-07T08:00:00Z,1.5433341,90,25,22,1011,10000,Sem Info,Few,609.6,25.838,0.83
2026-03-07T09:00:00Z,1.5433341,90,25,22,1012,10000,Sem Info,Few,609.6,25.787,0.83
2026-03-07T10:00:00Z,2.5722235,90,26,23,1012,10000,Sem Info,Few,640.0799999999999,25.791,0.84
2026-03-07T11:00:00Z,1.5433341,70,27,23,1012,10000,Sem Info,Few,426.72,25.978,0.79
2026-03-07T12:00:00Z,1.5433341,70,27,22,1012,10000,Sem Info,Few,457.2,26.227,0.74
2026-03-07T13:00:00Z,2.5722235,50,30,22,1012,10000,Sem Info,Few,548.64,26.49,0.62
2026-03-07T14:00:00Z,3.6011129,40,30,24,1012,10000,Sem Info,No,0.0,26.76,0.7
2026-03-07T15:00:00Z,2.5722235,60,31,23,1010,10000,Sem Info,No,0.0,27.032,0.62
2026-03-07T16:00:00Z,2.5722235,50,33,23,1009,10000,Sem Info,No,0.0,27.284,0.56
2026-03-07T17:00:00Z,3.0866682,160,33,23,1008,10000,Sem Info,Few,457.2,27.404,0.56
2026-03-07T18:00:00Z,5.144447,160,33,24,1008,10000,Sem Info,Few,518.16,27.495,0.59
2026-03-07T19:00:00Z,5.144447,170,30,23,1008,10000,Sem Info,Scattered,609.6,27.475,0.66
2026-03-07T19:45:00Z,3.0866682,200,30,22,1009,8000,Thunderstorm,Few,1219.2,29.913,0.62
2026-03-07T20:00:00Z,9.2600046,310,27,19,1009,5000,Heavy intensity: Thunderstorm Rain,Few,1219.2,27.367,0.62
2026-03-07T20:35:00Z,5.144447,340,26,19,1009,6000,Light intensity: Thunderstorm Rain,Few,1524.0,25.778,0.65
2026-03-07T21:00:00Z,3.6011129,270,24,22,1009,6000,Light intensity: Thunderstorm Rain,Few,1524.0,27.325,0.89
2026-03-07T22:00:00Z,5.6588917,70,25,23,1011,7000,Light intensity: Thunderstorm Rain,Few,1524.0,27.435,0.89
2026-03-07T23:00:00Z,3.6011129,70,24,22,1011,10000,Recent: Thunderstorm,Few,548.64,27.381,0.89
2026-03-08T00:00:00Z,1.0288894,110,24,22,1011,10000,Sem Info,Few,274.32,27.319,0.89
2026-03-08T01:00:00Z,2.5722235,70,25,23,1011,10000,Sem Info,Few,243.84,27.262,0.89
2026-03-08T02:00:00Z,2.0577788,150,24,22,1011,10000,Sem Info,Broken,304.8,27.207,0.89
2026-03-08T03:00:00Z,0.5144447,80,25,22,1010,10000,Sem Info,Few,304.8,27.151,0.83
2026-03-08T04:00:00Z,2.0577788,90,25,22,1010,10000,Sem Info,Few,335.28,27.087,0.83
2026-03-08T05:00:00Z,2.0577788,30,24,23,1010,10000,Sem Info,Few,335.28,27.019,0.94
2026-03-08T06:00:00Z,1.5433341,10,25,22,1008,10000,Sem Info,Few,335.28,26.946,0.83
2026-03-08T07:00:00Z,1.0288894,280,24,22,1008,10000,Sem Info,No,0.0,26.869,0.89
2026-03-08T08:00:00Z,1.0288894,90,24,22,1008,10000,Sem Info,Few,609.6,26.788,0.89
2026-03-08T09:00:00Z,0.5144447,130,24,22,1008,10000,Sem Info,Few,609.6,26.703,0.89
2026-03-08T10:00:00Z,1.0288894,70,25,23,1008,9000,Sem Info,No,0.0,26.668,0.89
2026-03-08T11:00:00Z,1.5433341,10,26,23,1009,10000,Sem Info,Few,609.6,26.707,0.84
2026-03-08T12:00:00Z,1.5433341,10,28,23,1010,10000,Sem Info,Few,609.6,26.772,0.74
2026-03-08T13:00:00Z,1.5433341,10,30,22,1010,10000,Sem Info,Few,914.4,26.863,0.62
2026-03-08T14:00:00Z,2.0577788,320,32,22,1010,10000,Sem Info,Few,914.4,26.922,0.56
2026-03-08T15:00:00Z,1.5433341,320,33,22,1009,10000,Sem Info,Few,914.4,26.889,0.53
2026-03-08T16:00:00Z,4.1155576,170,34,21,1009,10000,Sem Info,Few,914.4,26.804,0.47
2026-03-08T17:00:00Z,4.1155576,170,33,23,1008,10000,Sem Info,Few,914.4,26.688,0.56
2026-03-08T18:00:00Z,3.6011129,180,33,21,1008,10000,Sem Info,Few,1219.2,26.63,0.49
2026-03-08T19:00:00Z,7.716670499999999,230,30,22,1009,10000,Sem Info,Few,1066.8,26.636,0.62
2026-03-08T20:00:00Z,6.1733364,230,29,22,1009,10000,Sem Info,Few,762.0,26.607,0.66
2026-03-08T21:00:00Z,5.6588917,250,29,21,1010,10000,Sem Info,Few,762.0,26.555,0.62
2026-03-08T22:00:00Z,2.5722235,250,28,22,1011,10000,Sem Info,Few,762.0,26.619,0.7
2026-03-08T23:00:00Z,1.0288894,250,28,22,1011,10000,Sem Info,Few,762.0,26.567,0.7
2026-03-09T00:00:00Z,1.5433341,290,28,22,1012,10000,Sem Info,Few,762.0,26.519,0.7
2026-03-09T01:00:00Z,1.0288894,290,28,22,1012,10000,Sem Info,Few,762.0,26.471,0.7
2026-03-09T02:00:00Z,1.0288894,290,27,23,1012,10000,Light intensity: Drizzle,Few,670.56,26.423,0.79
2026-03-09T03:00:00Z,5.144447,280,26,23,1012,10000,Light intensity: Drizzle,Few,701.04,26.374,0.84
2026-03-09T04:00:00Z,4.6300023,270,25,22,1012,10000,Sem Info,Few,914.4,26.323,0.83
2026-03-09T05:00:00Z,3.6011129,270,25,22,1012,10000,Sem Info,Few,914.4,26.27,0.83
2026-03-09T06:00:00Z,4.6300023,270,25,22,1012,10000,Sem Info,Few,914.4,26.214,0.83
2026-03-09T07:00:00Z,3.0866682,290,25,22,1012,10000,Sem Info,Few,670.56,26.161,0.83
2026-03-09T08:00:00Z,3.6011129,300,24,22,1012,10000,Sem Info,Few,670.56,26.111,0.89
2026-03-09T09:00:00Z,2.5722235,290,25,21,1013,10000,Sem Info,Broken,670.56,26.056,0.78
2026-03-09T10:00:00Z,3.0866682,290,25,22,1013,10000,Sem Info,Broken,670.56,26.032,0.83
2026-03-09T11:00:00Z,2.5722235,290,26,22,1015,10000,Sem Info,Broken,396.24,26.075,0.79
2026-03-09T12:00:00Z,2.5722235,310,27,22,1015,10000,Sem Info,Broken,426.72,26.146,0.74
2026-03-09T13:00:00Z,3.0866682,170,27,22,1016,10000,Sem Info,Broken,426.72,26.246,0.74
2026-03-09T14:00:00Z,4.1155576,160,27,23,1016,10000,Sem Info,Broken,457.2,26.271,0.79
2026-03-09T15:00:00Z,3.6011129,170,27,22,1015,10000,Sem Info,Few,1036.32,26.269,0.74
2026-03-09T16:00:00Z,3.0866682,190,27,21,1015,10000,Sem Info,Few,1036.32,26.373,0.7
2026-03-09T16:05:00Z,2.5722235,180,25,22,1015,3000,Light intensity: Rain,Few,1036.32,25.237,0.83
2026-03-09T17:00:00Z,0.5144447,180,26,22,1015,9000,Sem Info,Few,1036.32,26.414,0.79
2026-03-09T17:25:00Z,1.5433341,180,25,21,1015,4000,Light intensity: Rain,Few,1036.32,25.242,0.78
2026-03-09T18:00:00Z,2.0577788,310,25,22,1015,6000,Light intensity: Rain,Few,1036.32,26.42,0.83
2026-03-09T19:00:00Z,0.5144447,310,26,21,1015,7000,Sem Info,Few,1036.32,26.394,0.74
2026-03-09T20:00:00Z,1.0288894,170,25,22,1015,10000,Sem Info,Few,1005.84,26.351,0.83
2026-03-09T21:00:00Z,2.5722235,30,25,22,1015,10000,Sem Info,Few,914.4,26.285,0.83
2026-03-09T22:00:00Z,2.5722235,360,24,22,1016,10000,Sem Info,Few,762.0,26.229,0.89
2026-03-09T23:00:00Z,1.0288894,360,24,22,1016,10000,Sem Info,Few,365.76,26.169,0.89
2026-03-10T00:00:00Z,2.0577788,310,24,22,1016,10000,Sem Info,Few,457.2,26.11,0.89
2026-03-10T01:00:00Z,1.5433341,280,24,22,1017,10000,Sem Info,Few,457.2,26.055,0.89
2026-03-10T02:00:00Z,2.5722235,60,24,22,1017,8000,Light intensity: Rain,Few,304.8,26.001,0.89
2026-03-10T03:00:00Z,0.5144447,340,23,22,1017,10000,Sem Info,Few,304.8,25.949,0.94
2026-03-10T04:00:00Z,1.0288894,220,23,22,1016,10000,Sem Info,Few,304.8,25.899,0.94
2026-03-10T05:00:00Z,1.5433341,250,24,22,1015,10000,Sem Info,Few,304.8,25.847,0.89
2026-03-10T06:00:00Z,1.5433341,10,24,22,1015,10000,Sem Info,Few,243.84,25.796,0.89
2026-03-10T06:35:00Z,1.0288894,10,23,22,1015,3500,Light intensity: Rain,Few,243.84,22.885,0.94
2026-03-10T07:00:00Z,1.5433341,10,23,22,1015,4000,Light intensity: Rain,Few,182.88,25.746,0.94
2026-03-10T08:00:00Z,2.0577788,40,23,22,1015,3500,Light intensity: Rain,Few,182.88,25.696,0.94
2026-03-10T09:00:00Z,0.5144447,360,23,22,1016,9000,Sem Info,Few,304.8,25.648,0.94
2026-03-10T10:00:00Z,1.0288894,360,23,21,1016,10000,Sem Info,Few,304.8,25.608,0.89
2026-03-10T11:00:00Z,1.5433341,70,24,22,1017,10000,Sem Info,Few,243.84,25.57,0.89
2026-03-10T12:00:00Z,1.0288894,70,24,22,1017,10000,Sem Info,Few,243.84,25.544,0.89
2026-03-10T13:00:00Z,1.5433341,70,26,22,1017,10000,Sem Info,Few,274.32,25.525,0.79
2026-03-10T14:00:00Z,1.5433341,70,25,21,1017,10000,Sem Info,Scattered,365.76,25.522,0.78
2026-03-10T15:00:00Z,2.0577788,60,26,21,1017,10000,Sem Info,Few,365.76,25.598,0.74
2026-03-10T16:00:00Z,2.0577788,60,27,21,1016,10000,Sem Info,Few,457.2,25.661,0.7
2026-03-10T17:00:00Z,5.144447,170,25,21,1016,10000,Light intensity: Rain,Few,457.2,25.657,0.78
2026-03-10T18:00:00Z,4.6300023,160,24,21,1015,9000,Light intensity: Rain,Few,274.32,25.641,0.83
2026-03-10T19:00:00Z,3.0866682,140,24,21,1015,10000,Sem Info,Few,335.28,25.6,0.83
2026-03-10T20:00:00Z,3.6011129,110,24,20,1015,10000,Sem Info,Few,396.24,25.549,0.78
2026-03-10T21:00:00Z,5.144447,80,24,22,1015,10000,Light intensity: Rain,Few,243.84,25.494,0.89
2026-03-10T21:09:00Z,5.144447,70,24,21,1015,10000,Light intensity: Rain,Few,274.32,23.8,0.83
2026-03-10T22:00:00Z,5.144447,90,23,21,1015,8000,Light intensity: Rain,Few,274.32,25.435,0.89
2026-03-10T23:00:00Z,4.1155576,100,23,21,1016,10000,Light intensity: Rain,Scattered,243.84,25.379,0.89
2026-03-11T00:00:00Z,4.1155576,100,24,20,1016,10000,Sem Info,Scattered,396.24,25.324,0.78
2026-03-11T01:00:00Z,5.6588917,100,24,20,1016,10000,Sem Info,Scattered,396.24,25.269,0.78
2026-03-11T02:00:00Z,5.6588917,100,24,20,1015,8000,Sem Info,Scattered,396.24,25.218,0.78
2026-03-11T03:00:00Z,3.6011129,110,24,20,1015,10000,Sem Info,Scattered,762.0,25.166,0.78
2026-03-11T04:00:00Z,3.6011129,110,24,20,1015,10000,Sem Info,Scattered,762.0,25.114,0.78
2026-03-11T05:00:00Z,3.0866682,110,23,20,1014,10000,Sem Info,Few,426.72,25.063,0.83
2026-03-11T06:00:00Z,3.0866682,110,23,20,1014,10000,Sem Info,Few,426.72,25.014,0.83
2026-03-11T07:00:00Z,3.0866682,110,23,21,1013,10000,Sem Info,Few,426.72,24.968,0.89
2026-03-11T08:00:00Z,3.0866682,120,23,20,1013,10000,Sem Info,Few,426.72,24.922,0.83
2026-03-11T09:00:00Z,2.5722235,120,23,21,1014,10000,Sem Info,Few,396.24,24.879,0.89
2026-03-11T10:00:00Z,1.5433341,130,23,21,1014,8000,Light intensity: Rain,Scattered,426.72,24.864,0.89
2026-03-11T11:00:00Z,1.0288894,130,24,21,1015,10000,Sem Info,Scattered,365.76,24.838,0.83
2026-03-11T12:00:00Z,1.5433341,130,24,21,1015,10000,Light intensity: Rain,Scattered,365.76,24.835,0.83
2026-03-11T13:00:00Z,2.0577788,170,24,21,1016,7000,Light intensity: Rain,Scattered,365.76,24.844,0.83
2026-03-11T14:00:00Z,2.5722235,170,24,20,1015,9000,Sem Info,Scattered,365.76,24.86,0.78
2026-03-11T15:00:00Z,2.5722235,190,23,21,1015,3000,Light intensity: Rain,Scattered,457.2,24.849,0.89
2026-03-11T16:00:00Z,2.5722235,170,23,21,1014,3000,Light intensity: Rain,Scattered,213.36,24.843,0.89
2026-03-11T17:00:00Z,3.0866682,160,22,21,1014,2500,Light intensity: Rain,Scattered,213.36,24.834,0.94
2026-03-11T18:00:00Z,3.0866682,170,22,21,1014,5000,Light intensity: Rain,Scattered,182.88,24.846,0.94
2026-03-11T19:00:00Z,2.5722235,170,22,21,1013,4000,Light intensity: Rain,Scattered,182.88,24.84,0.94
2026-03-11T20:00:00Z,1.5433341,160,22,21,1013,4000,Light intensity: Rain,Broken,243.84,24.811,0.94
2026-03-11T21:00:00Z,1.5433341,140,22,22,1013,5000,Light intensity: Rain,Scattered,243.84,24.771,1.0
2026-03-11T22:00:00Z,1.5433341,150,22,21,1013,5000,Light intensity: Rain,Scattered,182.88,24.731,0.94
2026-03-11T23:00:00Z,2.5722235,100,22,21,1014,6000,Light intensity: Rain,Scattered,182.88,24.69,0.94
2026-03-12T00:00:00Z,4.1155576,110,22,21,1014,8000,Light intensity: Rain,Scattered,182.88,24.649,0.94
2026-03-12T01:00:00Z,3.0866682,110,22,20,1015,8000,Light intensity: Rain,Few,182.88,24.611,0.88
2026-03-12T02:00:00Z,2.5722235,110,22,20,1014,8000,Sem Info,Few,213.36,24.574,0.88
2026-03-12T03:00:00Z,3.6011129,110,22,21,1014,8000,Sem Info,Scattered,335.28,24.532,0.94
2026-03-12T04:00:00Z,1.5433341,120,22,21,1013,8000,Sem Info,Scattered,335.28,24.492,0.94
2026-03-12T05:00:00Z,2.0577788,130,22,20,1012,8000,Sem Info,Scattered,335.28,24.452,0.88
2026-03-12T06:00:00Z,2.0577788,150,21,20,1012,7000,Sem Info,Scattered,335.28,24.412,0.94
2026-03-12T07:00:00Z,2.0577788,180,21,20,1012,7000,Sem Info,Scattered,335.28,24.375,0.94
2026-03-12T08:00:00Z,1.5433341,40,22,21,1012,7000,Sem Info,Few,274.32,24.338,0.94
2026-03-12T09:00:00Z,1.5433341,340,22,21,1012,8000,Sem Info,Few,213.36,24.299,0.94
2026-03-12T10:00:00Z,0.0,0,23,21,1013,8000,Sem Info,Few,213.36,24.298,0.89
2026-03-12T11:00:00Z,1.0288894,0,23,21,1013,9000,Sem Info,Few,213.36,24.289,0.89
2026-03-12T12:00:00Z,1.0288894,0,23,22,1013,8000,Light intensity: Rain,Scattered,213.36,24.322,0.94
2026-03-12T12:28:00Z,1.5433341,20,24,22,1013,8000,Light intensity: Rain,Broken,213.36,24.497,0.89
2026-03-12T13:00:00Z,0.0,0,24,23,1013,8000,Light intensity: Rain,Broken,213.36,24.373,0.94
2026-03-12T14:00:00Z,1.5433341,40,24,22,1012,7000,Light intensity: Rain,Few,213.36,24.383,0.89
2026-03-12T15:00:00Z,2.0577788,50,24,23,1011,7000,Light intensity: Rain,Few,213.36,24.401,0.94
2026-03-12T16:00:00Z,2.5722235,100,25,23,1010,8000,Light intensity: Rain,Few,243.84,24.468,0.89
2026-03-12T17:00:00Z,2.5722235,70,26,23,1009,8000,Sem Info,Few,243.84,24.528,0.84
2026-03-12T18:00:00Z,2.5722235,120,26,23,1008,8000,Light intensity: Rain,Few,274.32,24.584,0.84
2026-03-12T19:00:00Z,1.5433341,120,26,23,1008,9000,Sem Info,Few,335.28,24.611,0.84
2026-03-12T20:00:00Z,1.5433341,120,26,23,1008,9000,Sem Info,Few,335.28,24.616,0.84
2026-03-12T21:00:00Z,1.0288894,120,26,23,1008,10000,Sem Info,Broken,457.2,24.605,0.84
2026-03-12T22:00:00Z,1.0288894,120,25,23,1008,10000,Sem Info,Scattered,365.76,24.592,0.89
2026-03-12T23:00:00Z,1.5433341,30,25,24,1009,10000,Light intensity: Rain,Scattered,335.28,24.576,0.94
2026-03-13T00:00:00Z,1.0288894,340,25,23,1009,8000,Light intensity: Rain,Scattered,335.28,24.559,0.89
2026-03-13T00:20:00Z,1.5433341,320,25,24,1009,4000,Light intensity: Rain,Scattered,335.28,25.001,0.94
2026-03-13T01:00:00Z,2.0577788,320,25,24,1009,5000,Light intensity: Rain,Scattered,274.32,24.537,0.94
2026-03-13T02:00:00Z,2.5722235,310,25,24,1009,2500,Light intensity: Rain,Scattered,609.6,24.516,0.94
2026-03-13T03:00:00Z,1.0288894,150,24,23,1008,4000,Light intensity: Rain,Scattered,609.6,24.496,0.94
2026-03-13T04:00:00Z,1.0288894,150,24,23,1007,6000,Light intensity: Rain,Scattered,609.6,24.474,0.94
2026-03-13T05:00:00Z,1.0288894,150,24,23,1006,6000,Light intensity: Rain,Scattered,121.92,24.452,0.94
2026-03-13T06:00:00Z,1.5433341,120,24,23,1006,6000,Light intensity: Rain,Few,121.92,24.425,0.94
2026-03-13T07:00:00Z,1.5433341,120,24,23,1006,6000,Light intensity: Rain,Few,121.92,24.397,0.94
2026-03-13T08:00:00Z,1.5433341,120,25,24,1006,7000,Sem Info,Few,121.92,24.371,0.94
2026-03-13T09:00:00Z,2.0577788,150,24,23,1006,6000,Light intensity: Rain,Few,182.88,24.34,0.94
2026-03-13T10:00:00Z,1.0288894,240,25,24,1006,8000,Sem Info,Few,304.8,24.323,0.94
2026-03-13T11:00:00Z,1.5433341,300,26,24,1007,10000,Sem Info,Few,304.8,24.379,0.89
2026-03-13T12:00:00Z,3.0866682,260,29,23,1007,10000,Sem Info,Few,457.2,24.55,0.7
2026-03-13T13:00:00Z,6.6877811,250,28,22,1008,10000,Sem Info,Few,1219.2,24.748,0.7
2026-03-13T14:00:00Z,7.716670499999999,240,29,22,1008,10000,Sem Info,Few,304.8,24.812,0.66
2026-03-13T15:00:00Z,7.716670499999999,230,29,23,1008,10000,Sem Info,Few,457.2,24.839,0.7
2026-03-13T16:00:00Z,8.2311152,230,29,23,1008,10000,Sem Info,Few,609.6,24.795,0.7
2026-03-13T17:00:00Z,9.2600046,210,28,22,1007,10000,Sem Info,Scattered,701.04,24.736,0.7
2026-03-13T18:00:00Z,7.716670499999999,210,28,21,1007,10000,Sem Info,Few,304.8,24.699,0.66
2026-03-13T19:00:00Z,6.6877811,230,27,21,1007,10000,Sem Info,Few,304.8,24.671,0.7
2026-03-13T20:00:00Z,5.6588917,240,26,22,1008,10000,Sem Info,Few,304.8,24.662,0.79
2026-03-13T20:26:00Z,7.2022258,260,24,22,1008,3500,Light intensity: Rain,Broken,274.32,23.743,0.89
2026-03-13T21:00:00Z,3.0866682,280,24,22,1009,6000,Light intensity: Rain,Few,152.4,24.647,0.89
2026-03-13T22:00:00Z,3.6011129,330,24,22,1009,10000,Sem Info,Scattered,152.4,24.639,0.89
2026-03-13T23:00:00Z,4.1155576,330,23,22,1010,9000,Light intensity: Rain,Scattered,274.32,24.607,0.94
2026-03-14T00:00:00Z,5.6588917,300,23,22,1011,9000,Light intensity: Rain,Scattered,335.28,24.573,0.94
2026-03-14T01:00:00Z,5.144447,300,23,22,1010,9000,Sem Info,Few,335.28,24.536,0.94
2026-03-14T02:00:00Z,3.0866682,290,23,22,1010,9000,Sem Info,Few,457.2,24.498,0.94
2026-03-14T03:00:00Z,2.0577788,310,23,22,1009,9000,Sem Info,Few,518.16,24.46,0.94
2026-03-14T04:00:00Z,2.0577788,340,23,22,1009,8000,Sem Info,Few,518.16,24.422,0.94
2026-03-14T05:00:00Z,2.5722235,350,23,22,1008,8000,Sem Info,Few,518.16,24.382,0.94
2026-03-14T06:00:00Z,2.5722235,320,23,22,1008,7000,Sem Info,Few,518.16,24.347,0.94
2026-03-14T07:00:00Z,2.0577788,360,22,21,1008,7000,Sem Info,Few,518.16,24.311,0.94
2026-03-14T08:00:00Z,1.5433341,360,23,21,1008,8000,Sem Info,Few,792.48,24.273,0.89
2026-03-14T09:00:00Z,2.5722235,310,23,22,1009,8000,Sem Info,Few,792.48,24.236,0.94
2026-03-14T10:00:00Z,2.0577788,330,23,22,1010,9000,Sem Info,Few,792.48,24.138,0.94
2026-03-14T11:00:00Z,2.0577788,340,24,22,1010,9000,Sem Info,Few,762.0,24.277,0.89
2026-03-14T12:00:00Z,2.5722235,10,26,22,1010,10000,Sem Info,Few,609.6,24.453,0.79
2026-03-14T13:00:00Z,3.0866682,10,28,23,1010,10000,Sem Info,Scattered,822.9599999999999,24.631,0.74
2026-03-14T14:00:00Z,2.0577788,10,29,21,1010,10000,Sem Info,Scattered,822.9599999999999,24.802,0.62
2026-03-14T15:00:00Z,2.0577788,10,29,21,1010,10000,Sem Info,Scattered,1066.8,24.947,0.62
2026-03-14T16:00:00Z,1.5433341,10,28,21,1010,10000,Sem Info,Scattered,944.88,25.061,0.66
2026-03-14T17:00:00Z,3.6011129,200,29,21,1009,10000,Sem Info,Scattered,1097.28,25.141,0.62
2026-03-14T18:00:00Z,4.1155576,200,29,20,1009,10000,Sem Info,Few,1188.72,25.218,0.58
2026-03-14T19:00:00Z,6.6877811,210,29,19,1009,10000,Sem Info,Few,1066.8,25.255,0.55
2026-03-14T20:00:00Z,5.6588917,210,28,19,1009,10000,Sem Info,Few,1280.16,25.268,0.58
2026-03-14T21:00:00Z,4.6300023,220,27,19,1009,10000,Sem Info,No,0.0,25.24,0.62
2026-03-14T22:00:00Z,1.5433341,190,26,20,1009,10000,Sem Info,No,0.0,25.173,0.7
2026-03-14T23:00:00Z,1.0288894,190,24,20,1010,10000,Sem Info,No,0.0,25.123,0.78
2026-03-15T00:00:00Z,1.0288894,190,23,20,1011,10000,Sem Info,No,0.0,25.074,0.83
2026-03-15T01:00:00Z,1.5433341,30,24,21,1012,10000,Sem Info,No,0.0,25.019,0.83
2026-03-15T02:00:00Z,1.0288894,30,24,21,1011,10000,Sem Info,No,0.0,24.958,0.83
2026-03-15T03:00:00Z,1.5433341,240,23,21,1011,10000,Sem Info,No,0.0,24.892,0.89
2026-03-15T04:00:00Z,2.0577788,340,23,21,1010,10000,Sem Info,No,0.0,24.823,0.89
2026-03-15T05:00:00Z,1.5433341,330,22,21,1010,10000,Sem Info,No,0.0,24.755,0.94
2026-03-15T06:00:00Z,1.0288894,330,22,21,1010,10000,Sem Info,Scattered,457.2,24.685,0.94
2026-03-15T07:00:00Z,1.5433341,10,22,20,1009,10000,Sem Info,Scattered,365.76,24.621,0.88
2026-03-15T08:00:00Z,1.5433341,340,22,21,1010,10000,Sem Info,Scattered,365.76,24.556,0.94
2026-03-15T09:00:00Z,1.0288894,60,21,20,1010,10000,Sem Info,Scattered,365.76,24.495,0.94
2026-03-15T10:00:00Z,1.0288894,20,24,22,1011,10000,Sem Info,Few,365.76,24.386,0.89
2026-03-15T10:40:00Z,2.5722235,50,23,22,1011,10000,Sem Info,Broken,182.88,23.321,0.94
2026-03-15T11:00:00Z,2.0577788,40,23,22,1011,9000,Sem Info,Few,91.44,24.432,0.94
2026-03-15T12:00:00Z,2.0577788,70,25,22,1011,9000,Sem Info,Broken,152.4,24.69,0.83
2026-03-15T12:18:00Z,1.5433341,70,26,23,1011,10000,Sem Info,Scattered,243.84,26.07,0.84
2026-03-15T13:00:00Z,3.0866682,30,27,22,1011,10000,Sem Info,Few,243.84,24.97,0.74
2026-03-15T14:00:00Z,3.0866682,40,29,20,1011,10000,Sem Info,Few,548.64,25.311,0.58
2026-03-15T15:00:00Z,2.0577788,40,30,22,1010,10000,Sem Info,Few,609.6,25.717,0.62
2026-03-15T16:00:00Z,3.0866682,10,31,22,1010,10000,Sem Info,Few,762.0,26.045,0.59
2026-03-15T17:00:00Z,2.5722235,130,30,22,1009,10000,Sem Info,Few,914.4,26.28,0.62
2026-03-15T18:00:00Z,5.6588917,130,30,22,1009,10000,Sem Info,Few,914.4,26.4,0.62
2026-03-15T19:00:00Z,6.6877811,130,29,22,1009,10000,Sem Info,Few,914.4,26.423,0.66
2026-03-15T20:00:00Z,5.6588917,140,28,22,1009,10000,Sem Info,Few,914.4,26.42,0.7
2026-03-15T21:00:00Z,4.1155576,140,27,22,1009,10000,Sem Info,No,0.0,26.377,0.74
2026-03-15T22:00:00Z,3.0866682,140,26,22,1010,10000,Sem Info,No,0.0,26.201,0.79
2026-03-15T23:00:00Z,2.0577788,130,26,22,1011,10000,Sem Info,No,0.0,26.119,0.79
2026-03-16T00:00:00Z,2.0577788,100,26,22,1011,10000,Sem Info,No,0.0,26.04,0.79
2026-03-16T01:00:00Z,2.0577788,90,25,22,1012,10000,Sem Info,No,0.0,25.965,0.83
2026-03-16T02:00:00Z,1.5433341,90,25,22,1012,10000,Sem Info,No,0.0,25.89,0.83
2026-03-16T03:00:00Z,1.0288894,100,24,22,1012,10000,Sem Info,No,0.0,25.821,0.89
2026-03-16T04:00:00Z,1.5433341,70,24,22,1011,10000,Sem Info,No,0.0,25.748,0.89
2026-03-16T05:00:00Z,1.0288894,80,24,22,1011,10000,Sem Info,Few,304.8,25.668,0.89
2026-03-16T06:00:00Z,1.0288894,110,23,22,1011,10000,Sem Info,Few,274.32,25.582,0.94
2026-03-16T07:00:00Z,2.0577788,80,23,22,1011,10000,Sem Info,Scattered,274.32,25.493,0.94
2026-03-16T08:00:00Z,1.0288894,90,23,22,1011,10000,Sem Info,Broken,182.88,25.401,0.94
2026-03-16T09:00:00Z,1.0288894,60,24,22,1011,9000,Sem Info,Overcast,243.84,25.306,0.89
2026-03-16T10:00:00Z,1.0288894,50,24,23,1012,4000,Mist (French: Brume),Overcast,213.36,25.268,0.94
2026-03-16T11:00:00Z,1.0288894,50,25,23,1012,4000,Mist (French: Brume),Overcast,213.36,25.363,0.89
2026-03-16T12:00:00Z,1.0288894,190,26,23,1013,5000,Mist (French: Brume),Broken,213.36,25.547,0.84
2026-03-16T13:00:00Z,1.5433341,50,29,24,1013,10000,Sem Info,Scattered,213.36,25.796,0.74
2026-03-16T14:00:00Z,1.5433341,360,30,23,1013,10000,Sem Info,Few,213.36,26.09,0.66
2026-03-16T15:00:00Z,3.0866682,120,31,23,1012,10000,Sem Info,Few,304.8,26.391,0.62
2026-03-16T16:00:00Z,3.6011129,130,31,22,1011,10000,Sem Info,Few,304.8,26.602,0.59
2026-03-16T17:00:00Z,3.6011129,120,32,21,1011,10000,Sem Info,Few,304.8,26.701,0.52
2026-03-16T18:00:00Z,5.144447,120,31,22,1010,10000,Sem Info,Few,121.92,26.699,0.59
2026-03-16T19:00:00Z,5.6588917,130,30,22,1010,10000,Sem Info,No,0.0,26.603,0.62
2026-03-16T20:00:00Z,6.1733364,140,28,23,1010,10000,Sem Info,No,0.0,26.547,0.74
2026-03-16T21:00:00Z,4.6300023,150,27,23,1010,10000,Sem Info,No,0.0,26.498,0.79
2026-03-16T22:00:00Z,5.6588917,150,26,23,1011,10000,Sem Info,No,0.0,26.403,0.84
2026-03-16T23:00:00Z,3.0866682,130,26,23,1012,10000,Sem Info,No,0.0,26.32,0.84
2026-03-17T00:00:00Z,3.6011129,90,25,20,1013,10000,Sem Info,No,0.0,26.239,0.74
2026-03-17T01:00:00Z,2.0577788,110,25,20,1013,10000,Sem Info,No,0.0,26.166,0.74
2026-03-17T02:00:00Z,3.0866682,110,25,20,1013,10000,Sem Info,Few,396.24,26.092,0.74
2026-03-17T03:00:00Z,1.5433341,110,24,21,1013,10000,Sem Info,Few,609.6,26.015,0.83
2026-03-17T04:00:00Z,0.5144447,110,24,21,1013,10000,Sem Info,Broken,609.6,25.938,0.83
2026-03-17T05:00:00Z,1.5433341,120,23,21,1012,10000,Sem Info,Few,518.16,25.855,0.89
2026-03-17T06:00:00Z,2.0577788,140,23,21,1012,10000,Sem Info,Few,518.16,25.768,0.89
2026-03-17T07:00:00Z,2.0577788,130,22,21,1011,10000,Sem Info,Few,274.32,25.676,0.94
2026-03-17T08:00:00Z,1.5433341,120,23,21,1012,10000,Sem Info,Few,243.84,25.583,0.89
2026-03-17T09:00:00Z,2.0577788,80,22,21,1012,8000,Sem Info,Few,243.84,25.488,0.94
2026-03-17T09:40:00Z,1.0288894,80,23,22,1013,8000,Sem Info,Broken,243.84,22.742,0.94
2026-03-17T10:00:00Z,1.0288894,80,23,22,1013,8000,Sem Info,Broken,243.84,25.452,0.94
2026-03-17T11:00:00Z,1.5433341,30,25,23,1014,10000,Sem Info,Broken,274.32,25.448,0.89
2026-03-17T12:00:00Z,2.5722235,30,27,22,1014,8000,Sem Info,Broken,335.28,25.64,0.74
2026-03-17T13:00:00Z,2.0577788,60,28,23,1014,9000,Sem Info,Broken,457.2,25.941,0.74
2026-03-17T14:00:00Z,2.0577788,120,29,22,1013,10000,Sem Info,Few,457.2,26.247,0.66
2026-03-17T15:00:00Z,2.5722235,90,30,21,1012,10000,Sem Info,Few,457.2,26.505,0.59
2026-03-17T16:00:00Z,4.1155576,110,30,21,1012,10000,Sem Info,Few,609.6,26.701,0.59
2026-03-17T17:00:00Z,6.1733364,130,30,22,1011,10000,Sem Info,Few,609.6,26.809,0.62
2026-03-17T18:00:00Z,6.6877811,130,29,22,1010,10000,Sem Info,Few,609.6,26.801,0.66
2026-03-17T19:00:00Z,6.1733364,130,28,22,1010,10000,Sem Info,Few,609.6,26.689,0.7
2026-03-17T20:00:00Z,5.6588917,140,28,22,1010,10000,Sem Info,Few,609.6,26.681,0.7
2026-03-17T21:00:00Z,5.6588917,150,26,22,1010,10000,Sem Info,Few,609.6,26.614,0.79
2026-03-17T22:00:00Z,5.144447,140,26,22,1011,10000,Sem Info,Few,1219.2,26.5,0.79
2026-03-17T23:00:00Z,4.6300023,150,26,22,1012,10000,Sem Info,Broken,1219.2,26.411,0.79
2026-03-18T00:00:00Z,4.6300023,150,26,22,1013,10000,Sem Info,Few,1371.6,26.324,0.79
2026-03-18T01:00:00Z,2.5722235,150,25,21,1013,10000,Sem Info,Scattered,1371.6,26.24,0.78
2026-03-18T02:00:00Z,1.5433341,140,25,22,1013,10000,Sem Info,Few,1371.6,26.157,0.83
2026-03-18T03:00:00Z,1.5433341,140,24,22,1013,10000,Sem Info,Few,822.9599999999999,26.076,0.89
2026-03-18T04:00:00Z,2.0577788,130,24,22,1012,10000,Sem Info,Scattered,762.0,25.998,0.89
2026-03-18T05:00:00Z,1.0288894,130,24,22,1011,10000,Sem Info,Broken,609.6,25.921,0.89
2026-03-18T06:00:00Z,1.0288894,130,24,21,1010,10000,Sem Info,Few,609.6,25.84,0.83
2026-03-18T07:00:00Z,2.5722235,120,24,21,1010,10000,Sem Info,Few,609.6,25.759,0.83
2026-03-18T08:00:00Z,2.5722235,120,24,22,1011,10000,Sem Info,Few,609.6,25.679,0.89
2026-03-18T09:00:00Z,1.5433341,130,25,22,1012,10000,Sem Info,Few,609.6,25.606,0.83
2026-03-18T10:00:00Z,1.0288894,100,25,22,1012,10000,Sem Info,Few,457.2,25.569,0.83
2026-03-18T11:00:00Z,1.5433341,120,26,22,1012,10000,Sem Info,Few,457.2,25.564,0.79
2026-03-18T12:00:00Z,1.5433341,40,27,22,1012,10000,Sem Info,Few,457.2,25.833,0.74
2026-03-18T13:00:00Z,1.5433341,130,28,22,1012,10000,Sem Info,Few,609.6,26.191,0.7
2026-03-18T14:00:00Z,2.0577788,130,30,23,1011,10000,Sem Info,Few,609.6,26.707,0.66
2026-03-18T15:00:00Z,4.6300023,120,29,23,1011,10000,Sem Info,Few,914.4,26.974,0.7
2026-03-18T16:00:00Z,4.6300023,120,29,22,1010,10000,Sem Info,Few,914.4,26.918,0.66
2026-03-18T17:00:00Z,5.144447,130,30,22,1009,10000,Sem Info,Few,914.4,26.769,0.62
2026-03-18T18:00:00Z,5.6588917,130,29,22,1008,10000,Sem Info,Few,914.4,26.672,0.66
2026-03-18T19:00:00Z,7.716670499999999,140,28,22,1008,10000,Sem Info,Few,914.4,26.607,0.7
2026-03-18T20:00:00Z,5.6588917,140,27,22,1008,10000,Sem Info,Scattered,914.4,26.581,0.74
2026-03-18T21:00:00Z,7.716670499999999,140,26,21,1008,10000,Sem Info,Scattered,914.4,26.515,0.74
2026-03-18T22:00:00Z,5.144447,140,26,21,1009,10000,Sem Info,Scattered,914.4,26.442,0.74
2026-03-18T23:00:00Z,4.1155576,160,26,21,1010,10000,Sem Info,Few,914.4,26.36,0.74
2026-03-19T00:00:00Z,4.1155576,140,25,21,1011,10000,Sem Info,Few,914.4,26.275,0.78
2026-03-19T01:00:00Z,3.6011129,130,26,22,1011,10000,Sem Info,Few,701.04,26.195,0.79
2026-03-19T02:00:00Z,2.5722235,140,25,21,1011,10000,Sem Info,Scattered,792.48,26.117,0.78
2026-03-19T03:00:00Z,2.0577788,150,25,22,1010,10000,Sem Info,Scattered,792.48,26.041,0.83
2026-03-19T04:00:00Z,2.5722235,140,25,22,1010,10000,Sem Info,Few,701.04,25.963,0.83
2026-03-19T05:00:00Z,2.5722235,170,25,21,1009,10000,Sem Info,Few,701.04,25.886,0.78
2026-03-19T06:00:00Z,2.0577788,190,24,21,1009,8000,Sem Info,Few,701.04,25.81,0.83
2026-03-19T07:00:00Z,2.0577788,220,24,21,1009,8000,Sem Info,Few,701.04,25.734,0.83
2026-03-19T08:00:00Z,2.0577788,130,24,21,1008,8000,Sem Info,Few,335.28,25.661,0.83
2026-03-19T09:00:00Z,2.5722235,110,25,22,1009,8000,Sem Info,Few,396.24,25.593,0.83
2026-03-19T10:00:00Z,1.5433341,100,25,22,1009,8000,Sem Info,Few,396.24,25.553,0.83
2026-03-19T11:00:00Z,2.0577788,70,26,23,1009,9000,Sem Info,Few,274.32,25.582,0.84
2026-03-19T12:00:00Z,1.5433341,100,27,23,1009,9000,Sem Info,Scattered,365.76,25.893,0.79
2026-03-19T13:00:00Z,2.0577788,110,27,23,1009,9000,Sem Info,Scattered,457.2,26.389,0.79
2026-03-19T14:00:00Z,2.5722235,110,28,23,1009,9000,Sem Info,Few,457.2,26.775,0.74
2026-03-19T15:00:00Z,3.6011129,120,28,23,1008,10000,Sem Info,Few,609.6,26.912,0.74
2026-03-19T16:00:00Z,4.1155576,130,29,23,1008,10000,Sem Info,Few,609.6,26.951,0.7
2026-03-19T17:00:00Z,3.6011129,140,28,23,1007,10000,Sem Info,Few,914.4,26.802,0.74
2026-03-19T18:00:00Z,5.144447,140,28,22,1006,10000,Sem Info,Few,914.4,26.813,0.7
2026-03-19T19:00:00Z,4.1155576,140,26,23,1006,10000,Sem Info,Scattered,914.4,26.751,0.84
2026-03-19T20:00:00Z,4.1155576,140,26,23,1007,10000,Light intensity: Rain,Broken,914.4,26.723,0.84
2026-03-19T21:00:00Z,3.0866682,150,25,23,1007,10000,Sem Info,Broken,914.4,26.668,0.89
2026-03-19T22:00:00Z,2.5722235,110,25,24,1008,8000,Light intensity: Rain,Broken,762.0,26.671,0.94
2026-03-19T23:00:00Z,1.0288894,140,25,24,1009,9000,Light intensity: Rain,Broken,914.4,26.608,0.94
2026-03-19T23:30:00Z,2.5722235,270,25,24,1009,4000,Light intensity: Rain,Broken,243.84,24.657,0.94
2026-03-20T00:00:00Z,5.144447,200,24,22,1010,1000,Rain,Few,182.88,26.548,0.89
2026-03-20T00:06:00Z,2.0577788,170,24,22,1010,4000,Light intensity: Rain,Few,182.88,23.727,0.89
2026-03-20T01:00:00Z,6.6877811,50,23,21,1010,6000,Sem Info,Few,182.88,26.492,0.89
2026-03-20T02:00:00Z,3.0866682,50,23,20,1009,10000,Sem Info,Few,457.2,26.436,0.83
2026-03-20T03:00:00Z,0.5144447,260,22,20,1009,10000,Sem Info,Few,609.6,26.382,0.88
2026-03-20T04:00:00Z,2.0577788,150,23,21,1009,10000,Sem Info,Few,609.6,26.329,0.89
2026-03-20T05:00:00Z,1.0288894,150,23,22,1008,10000,Sem Info,Few,609.6,26.27,0.94
2026-03-20T06:00:00Z,1.0288894,150,23,22,1008,10000,Sem Info,Few,609.6,26.212,0.94
2026-03-20T07:00:00Z,1.0288894,270,23,21,1008,10000,Sem Info,Few,304.8,26.158,0.89
2026-03-20T08:00:00Z,1.0288894,270,23,21,1008,10000,Sem Info,Few,304.8,26.1,0.89
2026-03-20T09:00:00Z,1.0288894,10,23,21,1008,9000,Sem Info,Few,609.6,26.041,0.89
2026-03-20T10:00:00Z,1.0288894,10,24,22,1009,5000,Mist (French: Brume),Few,304.8,25.958,0.89
2026-03-20T10:31:00Z,0.5144447,10,24,22,1009,5000,Mist (French: Brume),Few,213.36,24.1,0.89
2026-03-20T11:00:00Z,1.0288894,110,24,22,1010,6000,Sem Info,Few,213.36,25.926,0.89
2026-03-20T12:00:00Z,1.0288894,110,27,23,1010,8000,Sem Info,Few,213.36,25.948,0.79
2026-03-20T13:00:00Z,1.5433341,340,26,23,1010,10000,Sem Info,Few,396.24,26.073,0.84
2026-03-20T14:00:00Z,2.0577788,360,27,23,1010,10000,Sem Info,Scattered,518.16,26.234,0.79
2026-03-20T15:00:00Z,1.5433341,60,27,22,1009,10000,Sem Info,Broken,579.12,26.361,0.74
2026-03-20T15:40:00Z,1.5433341,130,27,23,1009,3000,Rain,Scattered,365.76,27.173,0.79
2026-03-20T16:00:00Z,3.6011129,260,25,23,1009,3000,Rain,Scattered,365.76,26.348,0.89
2026-03-20T17:00:00Z,1.5433341,290,24,23,1008,2000,Light intensity: Rain,Scattered,365.76,26.36,0.94
2026-03-20T18:00:00Z,2.0577788,290,25,23,1008,3000,Light intensity: Rain,Scattered,274.32,26.351,0.89
2026-03-20T19:00:00Z,1.0288894,290,25,24,1008,8000,Sem Info,Broken,762.0,26.306,0.94
2026-03-20T20:00:00Z,2.0577788,120,25,23,1008,10000,Sem Info,Broken,762.0,26.281,0.89
2026-03-20T21:00:00Z,1.5433341,140,25,23,1009,10000,Sem Info,Few,914.4,26.221,0.89
2026-03-20T22:00:00Z,2.0577788,140,24,22,1010,10000,Sem Info,Few,914.4,26.186,0.89
2026-03-20T23:00:00Z,1.0288894,140,24,23,1010,10000,Sem Info,Broken,914.4,26.118,0.94
2026-03-21T00:00:00Z,1.5433341,130,24,22,1010,10000,Sem Info,Broken,914.4,26.055,0.89
2026-03-21T01:00:00Z,1.5433341,90,24,22,1011,10000,Sem Info,Few,762.0,25.99,0.89
2026-03-21T02:00:00Z,0.5144447,60,24,22,1011,10000,Sem Info,Few,396.24,25.922,0.89
2026-03-21T03:00:00Z,1.0288894,90,24,23,1011,10000,Sem Info,Broken,396.24,25.852,0.94
2026-03-21T04:00:00Z,0.5144447,270,24,23,1011,10000,Sem Info,Scattered,304.8,25.784,0.94
2026-03-21T05:00:00Z,1.0288894,190,23,22,1010,10000,Sem Info,Scattered,304.8,25.713,0.94
2026-03-21T06:00:00Z,1.5433341,260,23,22,1010,10000,Sem Info,Scattered,274.32,25.638,0.94
2026-03-21T07:00:00Z,0.5144447,250,23,22,1009,8000,Sem Info,Few,274.32,25.559,0.94
2026-03-21T08:00:00Z,1.5433341,290,23,22,1010,5000,Mist (French: Brume),Few,274.32,25.477,0.94
2026-03-21T09:00:00Z,1.5433341,260,23,22,1010,3000,Mist (French: Brume),Few,152.4,25.398,0.94
2026-03-21T10:00:00Z,1.0288894,250,24,22,1011,3000,Mist (French: Brume),Few,396.24,25.338,0.89
2026-03-21T11:00:00Z,1.0288894,350,25,22,1011,10000,Sem Info,Few,274.32,25.392,0.83
2026-03-21T12:00:00Z,2.0577788,360,26,22,1011,10000,Sem Info,Few,365.76,25.597,0.79
2026-03-21T13:00:00Z,2.0577788,10,27,22,1012,10000,Sem Info,Few,548.64,26.077,0.74
2026-03-21T14:00:00Z,3.0866682,30,29,22,1012,10000,Sem Info,Few,609.6,26.488,0.66
2026-03-21T15:00:00Z,3.6011129,30,30,22,1011,10000,Sem Info,Few,762.0,26.669,0.62
2026-03-21T16:00:00Z,4.6300023,130,29,20,1011,10000,Sem Info,Few,914.4,26.76,0.58
2026-03-21T17:00:00Z,6.1733364,130,29,21,1011,10000,Sem Info,Few,914.4,26.749,0.62
2026-03-21T18:00:00Z,6.1733364,130,29,21,1011,10000,Sem Info,Few,914.4,26.684,0.62
2026-03-21T19:00:00Z,7.2022258,140,28,21,1011,10000,Sem Info,Few,914.4,26.567,0.66
2026-03-21T20:00:00Z,5.6588917,140,27,22,1010,10000,Sem Info,No,0.0,26.535,0.74
2026-03-21T21:00:00Z,5.6588917,140,26,21,1011,10000,Sem Info,No,0.0,26.448,0.74
2026-03-21T22:00:00Z,4.6300023,150,26,21,1012,10000,Sem Info,Broken,1463.04,26.399,0.74
2026-03-21T23:00:00Z,1.5433341,60,25,21,1013,10000,Sem Info,Few,1463.04,26.326,0.78
2026-03-22T00:00:00Z,1.0288894,140,24,21,1013,10000,Sem Info,Few,1463.04,26.253,0.83
2026-03-22T01:00:00Z,2.0577788,140,24,22,1013,10000,Sem Info,No,0.0,26.185,0.89
2026-03-22T02:00:00Z,2.0577788,150,24,21,1013,10000,Sem Info,No,0.0,26.12,0.83
2026-03-22T03:00:00Z,2.0577788,110,24,21,1013,10000,Sem Info,Few,914.4,26.048,0.83
2026-03-22T04:00:00Z,1.5433341,110,24,21,1012,10000,Sem Info,Few,274.32,25.97,0.83
2026-03-22T05:00:00Z,1.0288894,110,23,21,1012,10000,Sem Info,Few,274.32,25.891,0.89
2026-03-22T06:00:00Z,0.0,0,23,21,1011,10000,Sem Info,Few,274.32,25.813,0.89
2026-03-22T07:00:00Z,1.0288894,70,23,21,1011,10000,Sem Info,Few,274.32,25.733,0.89
2026-03-22T08:00:00Z,1.0288894,50,23,21,1011,9000,Sem Info,Few,274.32,25.655,0.89
2026-03-22T09:00:00Z,2.0577788,330,23,22,1012,7000,Sem Info,Few,274.32,25.576,0.94
2026-03-22T10:00:00Z,1.5433341,70,24,22,1012,8000,Sem Info,Few,274.32,25.54,0.89
2026-03-22T11:00:00Z,1.5433341,60,25,23,1012,8000,Sem Info,Scattered,304.8,25.622,0.89
2026-03-22T12:00:00Z,2.0577788,50,26,23,1013,10000,Sem Info,Few,304.8,25.782,0.84
2026-03-22T13:00:00Z,1.5433341,50,27,23,1013,10000,Sem Info,Few,304.8,25.965,0.79
2026-03-22T14:00:00Z,1.5433341,50,30,21,1012,10000,Sem Info,Few,609.6,26.141,0.59
2026-03-22T15:00:00Z,3.0866682,150,30,22,1012,10000,Sem Info,Few,609.6,26.304,0.62
2026-03-22T16:00:00Z,5.6588917,130,30,22,1011,10000,Sem Info,Few,1005.84,26.391,0.62
2026-03-22T17:00:00Z,6.6877811,150,29,21,1010,10000,Sem Info,Few,1005.84,26.431,0.62
2026-03-22T18:00:00Z,7.716670499999999,150,29,21,1010,10000,Sem Info,Few,1005.84,26.403,0.62
2026-03-22T19:00:00Z,7.716670499999999,140,28,21,1010,10000,Sem Info,Few,1005.84,26.34,0.66
2026-03-22T20:00:00Z,7.2022258,150,27,20,1010,10000,Sem Info,Few,1005.84,26.288,0.66
2026-03-22T21:00:00Z,7.716670499999999,130,26,21,1011,10000,Sem Info,Few,1005.84,26.225,0.74
2026-03-22T22:00:00Z,5.6588917,140,26,21,1011,10000,Sem Info,Few,1005.84,26.129,0.74
2026-03-22T23:00:00Z,5.6588917,140,26,21,1012,10000,Sem Info,Few,1005.84,26.051,0.74
2026-03-23T00:00:00Z,2.5722235,150,25,21,1013,10000,Sem Info,Few,1005.84,25.974,0.78
2026-03-23T01:00:00Z,2.0577788,140,25,21,1013,10000,Sem Info,Few,1219.2,25.903,0.78
2026-03-23T02:00:00Z,2.0577788,140,24,21,1013,10000,Sem Info,Few,1219.2,25.837,0.83
2026-03-23T03:00:00Z,2.0577788,140,24,21,1013,10000,Sem Info,Few,1219.2,25.766,0.83
2026-03-23T04:00:00Z,1.5433341,120,24,21,1013,10000,Sem Info,Few,1219.2,25.693,0.83
2026-03-23T05:00:00Z,1.5433341,110,23,21,1012,10000,Sem Info,Few,1219.2,25.618,0.89
2026-03-23T06:00:00Z,1.5433341,110,23,21,1012,10000,Sem Info,Few,1219.2,25.54,0.89
2026-03-23T07:00:00Z,1.5433341,350,23,21,1012,10000,Sem Info,Few,274.32,25.468,0.89
2026-03-23T08:00:00Z,1.5433341,290,23,21,1012,10000,Sem Info,Few,304.8,25.391,0.89
2026-03-23T09:00:00Z,1.0288894,350,23,22,1013,10000,Sem Info,Few,304.8,25.319,0.94
2026-03-23T10:00:00Z,1.0288894,30,24,22,1013,10000,Sem Info,Few,304.8,25.251,0.89
2026-03-23T11:00:00Z,1.0288894,30,25,22,1013,10000,Sem Info,Scattered,609.6,25.281,0.83
2026-03-23T12:00:00Z,2.5722235,80,26,22,1013,10000,Sem Info,Scattered,609.6,25.555,0.79
2026-03-23T13:00:00Z,3.6011129,60,28,22,1013,10000,Sem Info,Scattered,609.6,25.803,0.7
2026-03-23T14:00:00Z,3.0866682,20,29,21,1012,10000,Sem Info,Scattered,762.0,26.006,0.62
2026-03-23T15:00:00Z,4.6300023,110,30,21,1012,10000,Sem Info,Scattered,762.0,26.097,0.59
2026-03-23T16:00:00Z,5.6588917,130,29,22,1011,10000,Sem Info,Scattered,1066.8,26.092,0.66
2026-03-23T17:00:00Z,4.6300023,140,29,21,1010,10000,Sem Info,Scattered,1066.8,26.042,0.62
2026-03-23T18:00:00Z,7.2022258,140,29,21,1010,10000,Sem Info,Scattered,1066.8,26.005,0.62
2026-03-23T19:00:00Z,7.716670499999999,100,26,20,1010,10000,Sem Info,Scattered,1066.8,25.987,0.7
2026-03-23T20:00:00Z,5.6588917,50,25,21,1010,10000,Sem Info,Few,609.6,25.963,0.78
2026-03-23T21:00:00Z,3.0866682,80,24,21,1010,10000,Sem Info,Few,609.6,25.902,0.83
2026-03-23T22:00:00Z,3.0866682,150,24,21,1010,10000,Sem Info,Few,609.6,25.833,0.83
2026-03-23T23:00:00Z,2.0577788,150,24,21,1011,10000,Sem Info,Few,609.6,25.765,0.83
2026-03-24T00:00:00Z,2.5722235,100,24,20,1011,10000,Sem Info,Few,609.6,25.703,0.78
2026-03-24T01:00:00Z,1.5433341,150,24,20,1012,10000,Sem Info,Few,609.6,25.641,0.78
2026-03-24T02:00:00Z,1.5433341,80,23,20,1012,10000,Sem Info,Few,609.6,25.574,0.83
2026-03-24T03:00:00Z,1.0288894,160,23,21,1012,10000,Sem Info,Few,609.6,25.506,0.89
2026-03-24T04:00:00Z,2.0577788,180,22,21,1011,10000,Sem Info,No,0.0,25.439,0.94
2026-03-24T05:00:00Z,1.5433341,210,22,20,1011,10000,Sem Info,No,0.0,25.372,0.88
2026-03-24T06:00:00Z,1.5433341,270,22,20,1011,10000,Sem Info,No,0.0,25.304,0.88
2026-03-24T07:00:00Z,1.5433341,320,21,20,1010,8000,Sem Info,No,0.0,25.24,0.94
2026-03-24T08:00:00Z,1.5433341,300,22,21,1011,8000,Sem Info,Few,335.28,25.172,0.94
2026-03-24T09:00:00Z,1.0288894,40,22,20,1011,8000,Sem Info,Few,335.28,25.104,0.88
2026-03-24T10:00:00Z,2.0577788,320,23,21,1011,9000,Sem Info,No,0.0,25.03,0.89
2026-03-24T11:00:00Z,1.0288894,320,25,21,1012,10000,Sem Info,No,0.0,25.106,0.78
2026-03-24T12:00:00Z,1.5433341,140,28,21,1012,10000,Sem Info,No,0.0,25.245,0.66
2026-03-24T13:00:00Z,3.6011129,60,28,22,1012,10000,Sem Info,No,0.0,25.412,0.7
2026-03-24T14:00:00Z,3.6011129,40,27,23,1011,10000,Sem Info,No,0.0,25.506,0.79
2026-03-24T15:00:00Z,2.5722235,40,30,21,1011,10000,Sem Info,Few,518.16,25.628,0.59
2026-03-24T16:00:00Z,2.5722235,50,31,21,1010,10000,Sem Info,Few,609.6,25.777,0.55
2026-03-24T17:00:00Z,2.5722235,50,32,20,1009,10000,Sem Info,Few,701.04,25.928,0.49
2026-03-24T18:00:00Z,2.5722235,130,32,20,1008,10000,Sem Info,Few,762.0,26.076,0.49
2026-03-24T19:00:00Z,3.0866682,140,32,19,1008,10000,Sem Info,No,0.0,26.179,0.46
2026-03-24T20:00:00Z,3.6011129,130,30,21,1008,10000,Sem Info,No,0.0,26.177,0.59
2026-03-24T21:00:00Z,3.6011129,150,28,21,1009,10000,Sem Info,No,0.0,26.145,0.66
2026-03-24T22:00:00Z,3.0866682,130,28,22,1009,10000,Sem Info,No,0.0,26.076,0.7
2026-03-24T23:00:00Z,2.5722235,110,28,22,1010,10000,Sem Info,No,0.0,26.024,0.7
2026-03-25T00:00:00Z,2.5722235,120,27,23,1011,10000,Sem Info,No,0.0,25.976,0.79
2026-03-25T01:00:00Z,1.0288894,120,26,23,1011,10000,Sem Info,No,0.0,25.924,0.84
2026-03-25T02:00:00Z,1.5433341,70,26,23,1011,10000,Sem Info,No,0.0,25.865,0.84
2026-03-25T03:00:00Z,1.0288894,70,25,23,1012,10000,Sem Info,No,0.0,25.801,0.89
2026-03-25T04:00:00Z,0.5144447,70,25,22,1012,10000,Sem Info,No,0.0,25.733,0.83
2026-03-25T05:00:00Z,1.0288894,70,25,22,1011,10000,Sem Info,No,0.0,25.661,0.83
2026-03-25T06:00:00Z,1.5433341,70,24,22,1012,10000,Sem Info,No,0.0,25.586,0.89
2026-03-25T07:00:00Z,1.0288894,70,24,22,1012,10000,Sem Info,No,0.0,25.512,0.89
2026-03-25T08:00:00Z,1.5433341,60,24,22,1012,10000,Sem Info,No,0.0,25.439,0.89
2026-03-25T09:00:00Z,2.0577788,80,23,22,1013,10000,Sem Info,No,0.0,25.367,0.94
2026-03-25T10:00:00Z,0.5144447,120,25,23,1013,10000,Sem Info,No,0.0,25.291,0.89
2026-03-25T11:00:00Z,2.0577788,180,27,23,1014,10000,Sem Info,Few,304.8,25.359,0.79
2026-03-25T12:00:00Z,1.5433341,320,30,21,1014,10000,Sem Info,No,0.0,25.473,0.59
2026-03-25T13:00:00Z,2.5722235,360,31,22,1014,10000,Sem Info,No,0.0,25.609,0.59
2026-03-25T14:00:00Z,2.5722235,360,32,21,1014,10000,Sem Info,No,0.0,25.774,0.52
2026-03-25T15:00:00Z,3.6011129,40,33,20,1013,10000,Sem Info,No,0.0,25.965,0.46
2026-03-25T16:00:00Z,3.6011129,130,33,22,1013,10000,Sem Info,Few,1066.8,26.217,0.53
2026-03-25T17:00:00Z,4.6300023,130,33,21,1012,10000,Sem Info,Few,1066.8,26.553,0.49
2026-03-25T18:00:00Z,5.6588917,140,32,22,1012,10000,Sem Info,Few,1066.8,26.819,0.56
2026-03-25T19:00:00Z,5.6588917,140,31,21,1012,10000,Sem Info,Few,1066.8,26.897,0.55
2026-03-25T19:27:00Z,5.6588917,140,31,20,1012,10000,Thunderstorm,Few,1066.8,30.929,0.52
2026-03-25T20:00:00Z,5.144447,140,31,21,1012,10000,Recent: Thunderstorm,Few,1066.8,26.853,0.55
2026-03-25T21:00:00Z,2.0577788,130,29,22,1012,10000,Sem Info,Few,914.4,26.821,0.66
2026-03-25T22:00:00Z,2.5722235,140,28,23,1013,10000,Sem Info,Few,914.4,26.703,0.74
2026-03-25T23:00:00Z,1.0288894,150,28,23,1014,10000,Sem Info,Few,914.4,26.661,0.74
2026-03-26T00:00:00Z,5.144447,160,27,22,1014,10000,Sem Info,No,0.0,26.617,0.74
2026-03-26T01:00:00Z,2.0577788,260,27,22,1015,10000,Sem Info,No,0.0,26.568,0.74
2026-03-26T02:00:00Z,2.5722235,260,27,22,1015,10000,Sem Info,No,0.0,26.513,0.74
2026-03-26T03:00:00Z,1.0288894,310,27,22,1015,10000,Sem Info,No,0.0,26.455,0.74
2026-03-26T04:00:00Z,2.0577788,100,25,22,1014,10000,Sem Info,No,0.0,26.391,0.83
2026-03-26T05:00:00Z,1.0288894,90,25,22,1014,10000,Sem Info,No,0.0,26.325,0.83
2026-03-26T06:00:00Z,1.5433341,100,25,21,1014,10000,Sem Info,No,0.0,26.257,0.78
2026-03-26T07:00:00Z,1.5433341,80,24,22,1013,10000,Sem Info,No,0.0,26.187,0.89
2026-03-26T08:00:00Z,1.5433341,100,24,22,1014,10000,Sem Info,No,0.0,26.117,0.89
2026-03-26T09:00:00Z,0.5144447,120,24,22,1014,10000,Sem Info,No,0.0,26.046,0.89
2026-03-26T10:00:00Z,1.0288894,90,26,22,1015,10000,Sem Info,No,0.0,26.004,0.79
2026-03-26T11:00:00Z,1.0288894,90,27,23,1016,10000,Sem Info,No,0.0,26.129,0.79
2026-03-26T12:00:00Z,1.5433341,160,28,23,1016,10000,Sem Info,Few,548.64,26.304,0.74
2026-03-26T13:00:00Z,3.0866682,360,29,23,1016,10000,Sem Info,Few,579.12,26.53,0.7
2026-03-26T14:00:00Z,3.6011129,350,30,24,1016,10000,Sem Info,Few,609.6,26.821,0.7
2026-03-26T15:00:00Z,3.6011129,90,33,22,1015,10000,Sem Info,Scattered,670.56,27.084,0.53
2026-03-26T16:00:00Z,5.6588917,120,33,23,1015,10000,Sem Info,Scattered,792.48,27.288,0.56
2026-03-26T17:00:00Z,5.144447,120,31,23,1014,10000,Sem Info,Few,914.4,27.431,0.62
2026-03-26T18:00:00Z,6.1733364,130,31,22,1014,10000,Sem Info,Few,914.4,27.511,0.59
2026-03-26T19:00:00Z,5.6588917,130,30,21,1014,10000,Sem Info,Few,914.4,27.496,0.59
2026-03-26T20:00:00Z,5.6588917,140,30,22,1014,10000,Sem Info,Few,914.4,27.448,0.62
2026-03-26T21:00:00Z,4.1155576,140,29,22,1014,10000,Sem Info,Scattered,1219.2,27.397,0.66
2026-03-26T22:00:00Z,3.0866682,140,28,23,1014,10000,Sem Info,Few,914.4,27.279,0.74
2026-03-26T23:00:00Z,2.0577788,110,28,23,1015,10000,Sem Info,Few,914.4,27.208,0.74
2026-03-27T00:00:00Z,2.0577788,130,27,23,1016,10000,Sem Info,Few,914.4,27.141,0.79
2026-03-27T01:00:00Z,1.5433341,100,27,23,1016,10000,Sem Info,Few,914.4,27.074,0.79
2026-03-27T02:00:00Z,1.0288894,70,26,22,1016,10000,Sem Info,Few,914.4,27.006,0.79
2026-03-27T03:00:00Z,2.0577788,70,25,23,1016,10000,Sem Info,Few,914.4,26.936,0.89
2026-03-27T04:00:00Z,2.0577788,120,25,22,1016,10000,Sem Info,Few,914.4,26.857,0.83
2026-03-27T05:00:00Z,2.5722235,110,25,22,1015,10000,Sem Info,No,0.0,26.773,0.83
2026-03-27T06:00:00Z,1.5433341,90,24,22,1015,10000,Sem Info,No,0.0,26.684,0.89
2026-03-27T07:00:00Z,1.5433341,120,24,22,1015,10000,Sem Info,Few,914.4,26.589,0.89
2026-03-27T08:00:00Z,2.0577788,100,23,22,1015,10000,Sem Info,Few,457.2,26.487,0.94
2026-03-27T09:00:00Z,1.5433341,120,23,21,1016,10000,Sem Info,Few,365.76,26.385,0.89
2026-03-27T10:00:00Z,1.5433341,110,25,22,1017,10000,Sem Info,Few,365.76,26.296,0.83
2026-03-27T11:00:00Z,2.5722235,80,26,23,1018,10000,Sem Info,Few,243.84,26.337,0.84
2026-03-27T12:00:00Z,2.5722235,360,27,23,1018,10000,Sem Info,Few,335.28,26.491,0.79
2026-03-27T13:00:00Z,2.5722235,40,28,22,1018,10000,Sem Info,Few,518.16,26.701,0.7
2026-03-27T14:00:00Z,2.5722235,140,30,22,1018,10000,Sem Info,Few,609.6,26.965,0.62
2026-03-27T15:00:00Z,5.6588917,110,31,19,1017,10000,Sem Info,Few,701.04,27.196,0.49
2026-03-27T16:00:00Z,6.1733364,110,31,20,1016,10000,Sem Info,Few,701.04,27.339,0.52
2026-03-27T17:00:00Z,6.6877811,140,30,21,1016,10000,Sem Info,Few,914.4,27.382,0.59
2026-03-27T18:00:00Z,5.144447,130,31,22,1016,10000,Sem Info,Few,914.4,27.347,0.59
2026-03-27T19:00:00Z,4.6300023,250,30,21,1016,10000,Sem Info,Few,914.4,27.229,0.59
2026-03-27T20:00:00Z,5.144447,150,29,21,1016,10000,Sem Info,Few,914.4,27.192,0.62
2026-03-27T21:00:00Z,3.6011129,140,28,22,1016,10000,Sem Info,Few,914.4,27.107,0.7
2026-03-27T22:00:00Z,3.6011129,130,27,22,1017,10000,Sem Info,Scattered,914.4,27.011,0.74
2026-03-27T23:00:00Z,3.6011129,130,27,20,1018,10000,Sem Info,Scattered,914.4,26.923,0.66
2026-03-28T00:00:00Z,4.1155576,100,26,21,1018,10000,Sem Info,Few,914.4,26.837,0.74
2026-03-28T01:00:00Z,3.6011129,110,26,22,1018,10000,Sem Info,Few,914.4,26.753,0.79
2026-03-28T02:00:00Z,3.0866682,110,26,22,1018,10000,Sem Info,No,0.0,26.67,0.79
2026-03-28T03:00:00Z,3.0866682,110,25,22,1018,10000,Sem Info,No,0.0,26.59,0.83
2026-03-28T04:00:00Z,3.0866682,110,25,22,1018,10000,Sem Info,No,0.0,26.513,0.83
2026-03-28T05:00:00Z,2.0577788,100,24,21,1017,10000,Sem Info,No,0.0,26.437,0.83
2026-03-28T06:00:00Z,2.0577788,100,24,21,1017,10000,Sem Info,No,0.0,26.36,0.83
2026-03-28T07:00:00Z,1.0288894,80,23,21,1017,10000,Sem Info,No,0.0,26.277,0.89
2026-03-28T08:00:00Z,1.5433341,120,23,21,1017,10000,Sem Info,No,0.0,26.192,0.89
2026-03-28T09:00:00Z,1.5433341,90,23,21,1018,10000,Sem Info,Few,396.24,26.107,0.89
2026-03-28T10:00:00Z,1.0288894,110,25,22,1018,10000,Sem Info,Few,396.24,26.035,0.83
2026-03-28T11:00:00Z,1.0288894,10,27,23,1019,10000,Sem Info,Few,396.24,26.098,0.79
2026-03-28T12:00:00Z,2.5722235,10,27,22,1019,10000,Sem Info,Few,396.24,26.263,0.74
2026-03-28T13:00:00Z,2.0577788,40,30,23,1019,10000,Sem Info,Few,609.6,26.455,0.66
2026-03-28T14:00:00Z,4.1155576,70,30,20,1019,10000,Sem Info,Few,762.0,26.628,0.55
2026-03-28T15:00:00Z,3.6011129,50,31,21,1019,10000,Sem Info,Few,762.0,26.686,0.55
2026-03-28T16:00:00Z,3.6011129,140,30,22,1018,10000,Sem Info,Few,914.4,26.68,0.62
2026-03-28T17:00:00Z,3.6011129,140,30,22,1017,10000,Sem Info,Few,914.4,26.682,0.62
2026-03-28T18:00:00Z,5.6588917,140,30,22,1016,10000,Sem Info,Few,914.4,26.65,0.62
2026-03-28T19:00:00Z,5.144447,130,29,22,1016,10000,Sem Info,Few,914.4,26.585,0.66
2026-03-28T20:00:00Z,4.1155576,140,29,21,1016,10000,Sem Info,Few,1219.2,26.538,0.62
2026-03-28T21:00:00Z,5.144447,140,27,21,1017,10000,Sem Info,Few,1219.2,26.471,0.7
2026-03-28T22:00:00Z,3.6011129,140,26,21,1018,10000,Sem Info,Few,1219.2,26.433,0.74
2026-03-28T23:00:00Z,4.1155576,120,26,21,1018,10000,Sem Info,Few,1219.2,26.359,0.74
2026-03-29T00:00:00Z,6.1733364,110,26,21,1019,10000,Sem Info,Few,1219.2,26.288,0.74
2026-03-29T01:00:00Z,7.2022258,80,26,22,1019,10000,Sem Info,Scattered,1219.2,26.217,0.79
2026-03-29T02:00:00Z,5.6588917,110,25,22,1019,10000,Sem Info,Scattered,1219.2,26.151,0.83
2026-03-29T03:00:00Z,4.6300023,90,25,22,1019,10000,Sem Info,Few,457.2,26.083,0.83
2026-03-29T04:00:00Z,4.1155576,100,25,22,1018,10000,Sem Info,Few,457.2,26.016,0.83
2026-03-29T05:00:00Z,3.6011129,130,24,22,1018,10000,Sem Info,Few,457.2,25.953,0.89
2026-03-29T06:00:00Z,3.0866682,180,24,22,1018,10000,Sem Info,Few,457.2,25.881,0.89
2026-03-29T07:00:00Z,2.5722235,240,24,21,1018,8000,Sem Info,Few,457.2,25.81,0.83
2026-03-29T08:00:00Z,1.0288894,70,23,21,1017,8000,Sem Info,Few,457.2,25.734,0.89
2026-03-29T09:00:00Z,1.0288894,100,22,21,1017,9000,Sem Info,Few,457.2,25.66,0.94
2026-03-29T10:00:00Z,1.0288894,60,24,22,1018,9000,Sem Info,Few,213.36,25.579,0.89
2026-03-29T11:00:00Z,1.5433341,60,25,22,1018,10000,Sem Info,Few,213.36,25.538,0.83
2026-03-29T12:00:00Z,1.5433341,30,27,22,1019,10000,Sem Info,Few,335.28,25.74,0.74
2026-03-29T13:00:00Z,1.5433341,30,28,21,1018,10000,Sem Info,Few,609.6,26.029,0.66
2026-03-29T14:00:00Z,2.5722235,160,29,19,1018,10000,Sem Info,Few,609.6,26.35,0.55
2026-03-29T15:00:00Z,3.6011129,120,30,20,1017,10000,Sem Info,Few,762.0,26.619,0.55
2026-03-29T16:00:00Z,4.1155576,140,30,21,1016,10000,Sem Info,Few,914.4,26.778,0.59
2026-03-29T17:00:00Z,3.0866682,130,30,21,1015,10000,Sem Info,Few,914.4,26.828,0.59
2026-03-29T18:00:00Z,4.1155576,130,29,22,1015,10000,Sem Info,Few,1066.8,26.816,0.66
2026-03-29T19:00:00Z,6.1733364,140,28,21,1015,10000,Sem Info,Few,1219.2,26.767,0.66
2026-03-29T20:00:00Z,6.6877811,130,27,21,1015,10000,Sem Info,Few,1219.2,26.723,0.7
2026-03-29T21:00:00Z,6.1733364,130,26,22,1015,10000,Sem Info,Few,1219.2,26.632,0.79
2026-03-29T22:00:00Z,6.1733364,150,26,22,1016,10000,Sem Info,No,0.0,26.548,0.79
2026-03-29T23:00:00Z,5.6588917,140,26,22,1016,10000,Sem Info,Scattered,1219.2,26.464,0.79
2026-03-30T00:00:00Z,2.5722235,120,25,22,1017,10000,Sem Info,Scattered,1219.2,26.382,0.83
2026-03-30T01:00:00Z,2.0577788,140,25,22,1017,10000,Sem Info,Scattered,1219.2,26.305,0.83
2026-03-30T02:00:00Z,2.0577788,140,25,22,1017,10000,Sem Info,Scattered,1219.2,26.231,0.83
2026-03-30T03:00:00Z,2.0577788,140,25,21,1016,10000,Sem Info,Scattered,1066.8,26.159,0.78
2026-03-30T04:00:00Z,1.0288894,110,24,22,1016,10000,Sem Info,Scattered,1066.8,26.087,0.89
2026-03-30T05:00:00Z,1.5433341,110,25,22,1015,10000,Sem Info,Scattered,1066.8,26.01,0.83
2026-03-30T06:00:00Z,1.0288894,100,24,22,1015,10000,Sem Info,Scattered,1219.2,25.931,0.89
2026-03-30T07:00:00Z,0.5144447,130,24,22,1014,10000,Sem Info,Few,365.76,25.85,0.89
2026-03-30T08:00:00Z,1.0288894,90,24,22,1014,10000,Sem Info,Few,365.76,25.773,0.89
2026-03-30T09:00:00Z,2.0577788,330,24,22,1014,7000,Sem Info,Few,365.76,25.693,0.89
2026-03-30T10:00:00Z,0.5144447,330,25,23,1014,8000,Sem Info,Few,365.76,25.625,0.89
2026-03-30T11:00:00Z,1.0288894,330,26,22,1015,10000,Sem Info,Few,365.76,25.67,0.79
2026-03-30T12:00:00Z,1.0288894,180,28,22,1015,10000,Sem Info,Few,518.16,25.876,0.7
2026-03-30T13:00:00Z,2.0577788,120,28,23,1015,10000,Sem Info,Few,548.64,26.14,0.74
2026-03-30T14:00:00Z,3.6011129,110,30,22,1014,10000,Sem Info,Few,609.6,26.579,0.62
2026-03-30T15:00:00Z,4.6300023,140,29,22,1013,10000,Sem Info,Few,609.6,26.886,0.66
2026-03-30T16:00:00Z,3.6011129,130,29,21,1013,10000,Sem Info,Few,762.0,26.964,0.62
2026-03-30T17:00:00Z,5.6588917,110,29,21,1012,10000,Sem Info,Few,914.4,26.939,0.62
2026-03-30T18:00:00Z,7.716670499999999,130,28,20,1012,10000,Sem Info,Few,914.4,26.888,0.62
2026-03-30T19:00:00Z,6.1733364,130,27,20,1012,10000,Sem Info,Few,914.4,26.84,0.66
2026-03-30T20:00:00Z,5.144447,130,26,20,1012,10000,Sem Info,Few,914.4,26.79,0.7
2026-03-30T21:00:00Z,4.1155576,140,26,21,1012,10000,Sem Info,Few,914.4,26.691,0.74
2026-03-30T22:00:00Z,2.5722235,130,26,22,1013,10000,Sem Info,Few,762.0,26.568,0.79
2026-03-30T23:00:00Z,2.5722235,140,25,22,1013,10000,Sem Info,Few,762.0,26.489,0.83
2026-03-31T00:00:00Z,2.0577788,140,26,22,1013,10000,Sem Info,Few,762.0,26.415,0.79
2026-03-31T01:00:00Z,2.5722235,160,25,22,1013,10000,Sem Info,Few,914.4,26.344,0.83
2026-03-31T02:00:00Z,2.0577788,130,25,22,1013,10000,Sem Info,Few,914.4,26.273,0.83
2026-03-31T03:00:00Z,2.0577788,130,25,22,1012,10000,Sem Info,Few,762.0,26.2,0.83
2026-03-31T04:00:00Z,1.5433341,50,24,22,1012,10000,Sem Info,Few,762.0,26.124,0.89
2026-03-31T05:00:00Z,2.5722235,320,24,22,1011,10000,Sem Info,Few,304.8,26.051,0.89
2026-03-31T06:00:00Z,1.0288894,300,24,22,1010,10000,Sem Info,Few,304.8,25.982,0.89
2026-03-31T07:00:00Z,0.5144447,60,25,22,1010,10000,Sem Info,Few,426.72,25.917,0.83
2026-03-31T08:00:00Z,0.5144447,110,24,22,1010,10000,Sem Info,Few,426.72,25.85,0.89
2026-03-31T09:00:00Z,2.0577788,330,24,22,1011,8000,Sem Info,Few,426.72,25.789,0.89
2026-03-31T10:00:00Z,1.0288894,10,24,22,1011,5000,Mist (French: Brume),Few,487.68,25.735,0.89
2026-03-31T11:00:00Z,2.0577788,360,26,23,1012,10000,Sem Info,Few,487.68,25.756,0.84
2026-03-31T12:00:00Z,2.0577788,360,27,22,1012,10000,Sem Info,Scattered,487.68,25.9,0.74
2026-03-31T13:00:00Z,2.5722235,120,28,22,1012,10000,Sem Info,Few,548.64,26.044,0.7
2026-03-31T14:00:00Z,3.6011129,120,28,22,1012,10000,Sem Info,Few,1463.04,26.189,0.7
2026-03-31T15:00:00Z,5.144447,130,27,22,1011,10000,Sem Info,Few,731.52,26.322,0.74
2026-03-31T16:00:00Z,4.1155576,170,26,22,1011,10000,Sem Info,Few,548.64,26.431,0.79
2026-03-31T16:21:00Z,4.1155576,120,25,22,1011,8000,Thunderstorm,Few,548.64,24.959,0.83
2026-03-31T17:00:00Z,4.1155576,130,24,21,1010,8000,Light intensity: Rain,Few,548.64,26.441,0.83
2026-03-31T17:26:00Z,2.5722235,130,23,22,1010,8000,Light intensity: Thunderstorm Rain,Few,548.64,22.934,0.94
2026-03-31T18:00:00Z,3.0866682,130,23,22,1011,6000,Light intensity: Thunderstorm Rain,Few,762.0,26.413,0.94
2026-03-31T19:00:00Z,2.0577788,300,23,22,1011,5000,Light intensity: Rain,Few,762.0,26.378,0.94
2026-03-31T20:00:00Z,2.0577788,90,23,22,1011,6000,Light intensity: Rain,Few,213.36,26.332,0.94
2026-03-31T21:00:00Z,1.5433341,100,23,22,1012,10000,Light intensity: Rain,Few,213.36,26.267,0.94
2026-03-31T22:00:00Z,2.0577788,130,23,22,1012,10000,Sem Info,Few,182.88,26.195,0.94
2026-03-31T22:20:00Z,2.5722235,110,23,22,1012,10000,Sem Info,Few,182.88,22.82,0.94
2026-03-31T23:00:00Z,1.0288894,130,23,22,1012,10000,Sem Info,Scattered,182.88,26.139,0.94
2026-03-31T23:29:00Z,0.5144447,130,23,22,1012,10000,Sem Info,Few,182.88,22.792,0.94
2026-04-01T00:00:00Z,1.5433341,110,23,22,1012,10000,Sem Info,Few,548.64,26.081,0.94
2026-04-01T01:00:00Z,1.0288894,110,23,22,1012,10000,Sem Info,Few,487.68,26.026,0.94
2026-04-01T02:00:00Z,1.0288894,110,24,22,1012,10000,Sem Info,Few,426.72,25.972,0.89
2026-04-01T03:00:00Z,1.5433341,80,23,22,1012,7000,Sem Info,Few,152.4,25.918,0.94
2026-04-01T04:00:00Z,1.0288894,40,23,22,1012,10000,Sem Info,Few,213.36,25.864,0.94
2026-04-01T05:00:00Z,1.0288894,40,23,22,1011,8000,Sem Info,Few,243.84,25.805,0.94
2026-04-01T06:00:00Z,2.5722235,140,23,22,1011,10000,Sem Info,Few,243.84,25.743,0.94
2026-04-01T07:00:00Z,1.5433341,40,23,22,1011,10000,Sem Info,Few,243.84,25.68,0.94
2026-04-01T08:00:00Z,1.0288894,90,23,22,1011,10000,Sem Info,Few,243.84,25.62,0.94
2026-04-01T09:00:00Z,1.5433341,350,22,21,1011,10000,Sem Info,Scattered,304.8,25.558,0.94
2026-04-01T10:00:00Z,2.0577788,270,23,22,1012,8000,Sem Info,Few,152.4,25.514,0.94
2026-04-01T11:00:00Z,2.0577788,280,24,22,1013,9000,Sem Info,Few,213.36,25.526,0.89
2026-04-01T12:00:00Z,1.5433341,280,26,23,1014,9000,Sem Info,Few,304.8,25.665,0.84
2026-04-01T13:00:00Z,2.0577788,90,26,22,1014,8000,Sem Info,Few,365.76,25.799,0.79
2026-04-01T14:00:00Z,3.6011129,50,27,22,1014,8000,Sem Info,Few,457.2,26.011,0.74
2026-04-01T15:00:00Z,2.5722235,50,27,22,1013,8000,Sem Info,Few,609.6,26.252,0.74
2026-04-01T16:00:00Z,1.5433341,50,29,22,1012,8000,Sem Info,Few,609.6,26.575,0.66
2026-04-01T17:00:00Z,2.5722235,120,29,22,1012,10000,Sem Info,Few,914.4,26.768,0.66
2026-04-01T18:00:00Z,2.0577788,120,29,22,1011,10000,Sem Info,Few,914.4,26.715,0.66
2026-04-01T19:00:00Z,2.0577788,100,28,22,1011,10000,Sem Info,Few,914.4,26.717,0.7
2026-04-01T20:00:00Z,0.5144447,90,27,22,1011,10000,Sem Info,Few,914.4,26.709,0.74
2026-04-01T21:00:00Z,1.0288894,90,27,22,1012,10000,Sem Info,Few,914.4,26.663,0.74
2026-04-01T22:00:00Z,1.5433341,300,27,23,1012,10000,Sem Info,Few,914.4,26.621,0.79
2026-04-01T23:00:00Z,2.0577788,340,27,23,1013,10000,Sem Info,Few,914.4,26.578,0.79
2026-04-02T00:00:00Z,1.5433341,350,26,23,1013,5000,Mist (French: Brume),Few,914.4,26.529,0.84
2026-04-02T01:00:00Z,1.5433341,290,25,22,1013,7000,Sem Info,Few,914.4,26.478,0.83
2026-04-02T02:00:00Z,2.0577788,50,25,22,1013,7000,Sem Info,No,0.0,26.419,0.83
2026-04-02T03:00:00Z,1.5433341,20,24,22,1013,6000,Sem Info,No,0.0,26.354,0.89
2026-04-02T04:00:00Z,1.5433341,360,24,22,1013,5000,Mist (French: Brume),Few,304.8,26.287,0.89
2026-04-02T05:00:00Z,1.5433341,90,23,22,1012,7000,Sem Info,No,0.0,26.217,0.94
2026-04-02T06:00:00Z,1.0288894,40,23,22,1012,5000,Mist (French: Brume),Few,243.84,26.146,0.94
2026-04-02T07:00:00Z,1.0288894,40,23,22,1012,5000,Mist (French: Brume),Few,243.84,26.073,0.94
2026-04-02T08:00:00Z,1.0288894,40,23,21,1012,6000,Sem Info,No,0.0,25.998,0.89
2026-04-02T09:00:00Z,1.0288894,40,23,22,1012,7000,Sem Info,No,0.0,25.921,0.94
2026-04-02T10:00:00Z,1.0288894,120,24,22,1013,10000,Sem Info,No,0.0,25.859,0.89
2026-04-02T11:00:00Z,2.0577788,360,25,23,1013,10000,Sem Info,Few,1219.2,25.86,0.89
2026-04-02T12:00:00Z,2.0577788,360,26,23,1014,10000,Sem Info,Few,1219.2,25.929,0.84
2026-04-02T13:00:00Z,3.0866682,220,30,23,1014,10000,Sem Info,Few,1219.2,26.065,0.66
2026-04-02T14:00:00Z,4.6300023,40,31,22,1013,10000,Sem Info,Few,1219.2,26.213,0.59
2026-04-02T15:00:00Z,4.6300023,50,33,22,1012,10000,Sem Info,No,0.0,26.395,0.53
2026-04-02T16:00:00Z,4.1155576,10,34,22,1012,10000,Sem Info,Few,1402.08,26.592,0.5
2026-04-02T17:00:00Z,5.144447,50,34,21,1011,10000,Sem Info,Scattered,1402.08,26.819,0.47
2026-04-02T18:00:00Z,4.1155576,110,33,21,1011,10000,Sem Info,Scattered,1402.08,26.897,0.49
2026-04-02T19:00:00Z,4.6300023,130,30,23,1011,10000,Sem Info,Few,1402.08,26.842,0.66
2026-04-02T20:00:00Z,4.1155576,140,29,23,1011,7000,Sem Info,Few,1402.08,26.832,0.7
2026-04-02T20:15:00Z,10.8033387,260,27,23,1013,4000,Thunderstorm Rain,Few,1402.08,27.223,0.79
2026-04-02T20:30:00Z,12.3466728,240,23,22,1012,1500,Heavy intensity: Thunderstorm Rain,Few,1402.08,23.158,0.94
2026-04-02T21:00:00Z,6.1733364,220,25,21,1012,6000,Light intensity: Thunderstorm Rain,Few,1402.08,26.786,0.78
2026-04-02T22:00:00Z,4.6300023,110,24,22,1013,8000,Recent: Thunderstorm,Few,1402.08,26.782,0.89
2026-04-02T23:00:00Z,2.5722235,260,25,22,1014,10000,Sem Info,Scattered,1219.2,26.733,0.83
2026-04-03T00:00:00Z,2.0577788,240,25,22,1014,10000,Sem Info,Few,1219.2,26.683,0.83
2026-04-03T01:00:00Z,2.5722235,340,25,20,1015,10000,Sem Info,Few,1219.2,26.63,0.74
2026-04-03T02:00:00Z,2.0577788,340,25,21,1014,10000,Sem Info,Few,1219.2,26.569,0.78
2026-04-03T03:00:00Z,2.0577788,360,24,21,1014,10000,Sem Info,Scattered,1219.2,26.506,0.83
2026-04-03T04:00:00Z,2.5722235,330,24,21,1014,10000,Sem Info,Scattered,1219.2,26.435,0.83
2026-04-03T05:00:00Z,2.5722235,330,24,21,1013,10000,Sem Info,Scattered,1219.2,26.364,0.83
2026-04-03T06:00:00Z,1.0288894,330,23,21,1013,10000,Sem Info,Scattered,1219.2,26.287,0.89
2026-04-03T07:00:00Z,1.5433341,30,23,21,1013,10000,Sem Info,Few,914.4,26.205,0.89
2026-04-03T08:00:00Z,1.5433341,80,23,22,1013,10000,Sem Info,Few,1219.2,26.12,0.94
2026-04-03T09:00:00Z,1.0288894,90,23,22,1013,10000,Sem Info,Scattered,1219.2,26.037,0.94
2026-04-03T10:00:00Z,1.0288894,90,25,22,1014,10000,Sem Info,Scattered,1219.2,25.96,0.83
2026-04-03T11:00:00Z,1.0288894,120,25,22,1014,10000,Sem Info,Scattered,1219.2,25.999,0.83
2026-04-03T12:00:00Z,1.0288894,360,26,22,1014,10000,Sem Info,Scattered,1371.6,26.099,0.79
2026-04-03T13:00:00Z,2.0577788,10,28,23,1014,10000,Sem Info,Scattered,1371.6,26.207,0.74
2026-04-03T14:00:00Z,1.5433341,290,31,22,1014,10000,Sem Info,Scattered,1371.6,26.328,0.59
2026-04-03T15:00:00Z,1.0288894,320,33,21,1014,10000,Sem Info,No,0.0,26.496,0.49
2026-04-03T16:00:00Z,2.5722235,50,32,23,1013,10000,Sem Info,No,0.0,26.715,0.59
2026-04-03T17:00:00Z,2.5722235,50,34,22,1012,10000,Sem Info,No,0.0,26.952,0.5
2026-04-03T18:00:00Z,3.0866682,130,34,23,1012,10000,Sem Info,Few,914.4,27.215,0.53
2026-04-03T19:00:00Z,4.1155576,130,30,22,1011,10000,Sem Info,Few,914.4,27.531,0.62
2026-04-03T20:00:00Z,3.6011129,120,29,21,1012,10000,Sem Info,Few,914.4,27.659,0.62
2026-04-03T21:00:00Z,1.0288894,90,30,21,1013,10000,Sem Info,Few,1066.8,27.617,0.59
2026-04-03T22:00:00Z,1.0288894,90,29,24,1013,10000,Thunderstorm,Few,1066.8,27.68,0.74
2026-04-03T22:15:00Z,5.144447,320,26,21,1014,9000,Thunderstorm,Few,1066.8,25.776,0.74
2026-04-03T23:00:00Z,6.1733364,270,24,22,1015,4500,Thunderstorm Rain,Few,1066.8,27.609,0.89
2026-04-04T00:00:00Z,9.2600046,270,23,21,1017,7000,Light intensity: Thunderstorm Rain,Few,1066.8,27.533,0.89
2026-04-04T01:00:00Z,5.6588917,300,23,22,1017,7000,Light intensity: Thunderstorm Rain,Few,213.36,27.457,0.94
2026-04-04T02:00:00Z,4.1155576,320,23,22,1017,8000,Light intensity: Rain,Scattered,701.04,27.376,0.94
2026-04-04T03:00:00Z,1.5433341,300,23,21,1015,8000,Sem Info,Scattered,701.04,27.297,0.89
2026-04-04T04:00:00Z,4.6300023,30,23,21,1014,10000,Sem Info,Scattered,701.04,27.214,0.89
2026-04-04T05:00:00Z,4.1155576,20,23,21,1014,10000,Sem Info,Scattered,701.04,27.127,0.89
2026-04-04T06:00:00Z,3.6011129,40,23,21,1014,10000,Sem Info,Scattered,701.04,27.035,0.89
2026-04-04T07:00:00Z,3.0866682,10,22,21,1012,10000,Sem Info,Scattered,701.04,26.938,0.94
2026-04-04T08:00:00Z,4.1155576,10,22,21,1012,10000,Sem Info,Scattered,701.04,26.839,0.94
2026-04-04T09:00:00Z,1.5433341,360,22,21,1013,10000,Sem Info,Few,701.04,26.739,0.94
2026-04-04T10:00:00Z,2.0577788,10,23,22,1014,10000,Sem Info,Few,701.04,26.696,0.94
2026-04-04T11:00:00Z,1.5433341,330,25,21,1014,10000,Sem Info,Few,609.6,26.714,0.78
2026-04-04T12:00:00Z,1.0288894,330,28,22,1015,10000,Sem Info,No,0.0,26.806,0.7
2026-04-04T13:00:00Z,1.5433341,10,28,22,1015,10000,Sem Info,No,0.0,26.911,0.7
2026-04-04T14:00:00Z,1.5433341,90,30,21,1015,10000,Sem Info,No,0.0,26.99,0.59
2026-04-04T15:00:00Z,1.5433341,350,30,22,1014,10000,Sem Info,Few,914.4,27.071,0.62
2026-04-04T16:00:00Z,2.0577788,50,32,23,1013,10000,Sem Info,Few,914.4,27.192,0.59
2026-04-04T17:00:00Z,2.5722235,50,33,22,1012,10000,Sem Info,Few,914.4,27.381,0.53
2026-04-04T18:00:00Z,4.1155576,130,28,22,1012,10000,Sem Info,Few,1066.8,27.704,0.7
2026-04-04T18:19:00Z,4.1155576,120,27,22,1012,10000,Thunderstorm,Few,1066.8,27.042,0.74
2026-04-04T19:00:00Z,4.1155576,130,28,22,1012,10000,Thunderstorm,Few,1066.8,28.068,0.7
2026-04-04T20:00:00Z,6.1733364,110,27,22,1013,10000,Thunderstorm,Few,1066.8,28.067,0.74
2026-04-04T21:00:00Z,5.6588917,60,26,21,1013,10000,Recent: Thunderstorm,Few,762.0,28.007,0.74
2026-04-04T22:00:00Z,2.5722235,130,25,21,1013,10000,Sem Info,Few,762.0,27.79,0.78
2026-04-04T23:00:00Z,2.0577788,100,25,21,1014,10000,Sem Info,Few,762.0,27.732,0.78
2026-04-05T00:00:00Z,1.0288894,80,25,22,1014,10000,Sem Info,No,0.0,27.674,0.83
2026-04-05T01:00:00Z,1.0288894,40,24,22,1014,10000,Sem Info,No,0.0,27.611,0.89
2026-04-05T02:00:00Z,2.5722235,40,24,22,1014,10000,Sem Info,No,0.0,27.543,0.89
2026-04-05T03:00:00Z,1.5433341,50,24,22,1014,10000,Sem Info,No,0.0,27.47,0.89
2026-04-05T04:00:00Z,1.0288894,120,24,22,1014,10000,Sem Info,No,0.0,27.395,0.89
2026-04-05T05:00:00Z,1.0288894,10,24,23,1013,10000,Sem Info,No,0.0,27.316,0.94
2026-04-05T06:00:00Z,1.5433341,60,23,22,1013,10000,Sem Info,No,0.0,27.235,0.94
2026-04-05T07:00:00Z,1.0288894,30,23,22,1013,10000,Sem Info,Few,121.92,27.149,0.94
2026-04-05T08:00:00Z,1.5433341,60,23,22,1013,10000,Sem Info,Few,121.92,27.059,0.94
2026-04-05T09:00:00Z,1.5433341,70,23,22,1013,10000,Sem Info,Few,121.92,26.967,0.94
2026-04-05T10:00:00Z,1.5433341,60,24,23,1014,10000,Sem Info,Few,121.92,26.847,0.94
2026-04-05T11:00:00Z,1.5433341,360,25,23,1015,10000,Sem Info,Few,182.88,26.893,0.89
2026-04-05T12:00:00Z,2.0577788,360,26,23,1015,10000,Sem Info,No,0.0,27.058,0.84
2026-04-05T13:00:00Z,1.5433341,10,29,24,1015,10000,Sem Info,No,0.0,27.335,0.74
2026-04-05T14:00:00Z,2.0577788,360,31,23,1014,10000,Sem Info,No,0.0,27.688,0.62
2026-04-05T15:00:00Z,1.5433341,10,32,23,1014,10000,Sem Info,No,0.0,27.922,0.59
2026-04-05T16:00:00Z,5.144447,120,31,22,1013,10000,Sem Info,Few,1219.2,27.964,0.59
2026-04-05T17:00:00Z,5.144447,120,30,22,1013,10000,Sem Info,Few,1219.2,27.836,0.62
2026-04-05T18:00:00Z,5.144447,120,28,22,1013,10000,Sem Info,Few,1219.2,27.707,0.7
2026-04-05T19:00:00Z,5.144447,210,29,21,1014,10000,Sem Info,Scattered,1219.2,27.654,0.62
2026-04-05T20:00:00Z,2.0577788,360,27,22,1014,10000,Sem Info,Scattered,1371.6,27.608,0.74
2026-04-05T21:00:00Z,2.0577788,40,26,22,1014,10000,Sem Info,Few,1371.6,27.54,0.79
2026-04-05T22:00:00Z,3.0866682,140,25,21,1015,10000,Sem Info,Few,1371.6,27.355,0.78
2026-04-05T23:00:00Z,2.5722235,90,25,21,1015,10000,Sem Info,Scattered,1371.6,27.268,0.78
2026-04-06T00:00:00Z,1.5433341,150,25,21,1016,10000,Sem Info,Broken,1371.6,27.18,0.78
2026-04-06T01:00:00Z,1.5433341,190,25,22,1017,10000,Sem Info,No,0.0,27.092,0.83
2026-04-06T02:00:00Z,2.0577788,270,26,22,1016,10000,Sem Info,Few,579.12,27.009,0.79
2026-04-06T03:00:00Z,2.5722235,290,25,22,1016,10000,Sem Info,Few,640.0799999999999,26.927,0.83
2026-04-06T04:00:00Z,2.5722235,280,25,22,1016,10000,Sem Info,No,0.0,26.845,0.83
2026-04-06T05:00:00Z,1.5433341,280,25,22,1016,10000,Sem Info,No,0.0,26.764,0.83
2026-04-06T06:00:00Z,2.5722235,350,24,23,1015,7000,Sem Info,No,0.0,26.682,0.94
2026-04-06T07:00:00Z,2.0577788,330,24,23,1015,9000,Sem Info,No,0.0,26.6,0.94
2026-04-06T08:00:00Z,1.5433341,330,24,22,1015,9000,Sem Info,Broken,396.24,26.518,0.89
2026-04-06T09:00:00Z,1.0288894,340,24,22,1016,8000,Sem Info,Few,396.24,26.436,0.89
2026-04-06T10:00:00Z,2.0577788,360,24,22,1016,4000,Sem Info,Few,152.4,26.381,0.89
2026-04-06T11:00:00Z,2.0577788,30,25,23,1017,10000,Sem Info,Few,182.88,26.457,0.89
2026-04-06T12:00:00Z,1.5433341,30,26,23,1017,10000,Sem Info,Few,304.8,26.712,0.84
2026-04-06T13:00:00Z,1.0288894,30,29,22,1017,10000,Sem Info,Scattered,609.6,27.132,0.66
2026-04-06T14:00:00Z,2.0577788,40,29,22,1017,10000,Sem Info,Scattered,792.48,27.649,0.66
2026-04-06T15:00:00Z,3.0866682,120,30,23,1016,10000,Sem Info,Few,792.48,28.038,0.66
2026-04-06T16:00:00Z,4.1155576,120,30,21,1016,10000,Sem Info,Few,762.0,28.154,0.59
2026-04-06T17:00:00Z,5.144447,120,29,21,1015,10000,Sem Info,Few,762.0,28.105,0.62
2026-04-06T18:00:00Z,6.1733364,130,28,23,1015,10000,Sem Info,Few,762.0,27.956,0.74
2026-04-06T19:00:00Z,5.6588917,130,28,23,1015,10000,Sem Info,Few,762.0,27.956,0.74
2026-04-06T20:00:00Z,6.1733364,120,26,22,1015,10000,Sem Info,Few,762.0,27.89,0.79
2026-04-06T21:00:00Z,4.6300023,140,26,22,1015,10000,Sem Info,Few,792.48,27.786,0.79
2026-04-06T22:00:00Z,4.1155576,140,26,22,1016,10000,Sem Info,Scattered,914.4,27.702,0.79
2026-04-06T23:00:00Z,2.5722235,130,26,23,1016,10000,Sem Info,Few,914.4,27.613,0.84
2026-04-07T00:00:00Z,2.5722235,130,25,23,1016,10000,Sem Info,Few,1371.6,27.526,0.89
2026-04-07T01:00:00Z,3.0866682,100,26,22,1017,10000,Sem Info,Few,822.9599999999999,27.442,0.79
2026-04-07T02:00:00Z,4.1155576,110,25,22,1017,10000,Sem Info,Few,762.0,27.361,0.83
2026-04-07T03:00:00Z,2.5722235,130,24,22,1017,10000,Sem Info,Few,762.0,27.285,0.89
2026-04-07T04:00:00Z,2.0577788,120,24,22,1017,10000,Sem Info,Few,609.6,27.21,0.89
2026-04-07T05:00:00Z,2.0577788,140,24,23,1016,10000,Sem Info,Few,609.6,27.134,0.94
2026-04-07T06:00:00Z,2.0577788,100,24,22,1016,10000,Sem Info,Few,609.6,27.057,0.89
2026-04-07T07:00:00Z,2.0577788,150,24,22,1016,10000,Sem Info,Few,609.6,26.978,0.89
2026-04-07T08:00:00Z,1.0288894,50,24,22,1016,10000,Sem Info,Few,609.6,26.894,0.89
2026-04-07T09:00:00Z,1.5433341,110,23,22,1016,10000,Sem Info,Few,243.84,26.807,0.94
2026-04-07T10:00:00Z,1.5433341,110,24,22,1016,10000,Sem Info,Few,579.12,26.755,0.89
2026-04-07T11:00:00Z,3.0866682,80,26,22,1017,10000,Sem Info,Few,457.2,26.747,0.79
2026-04-07T12:00:00Z,2.5722235,60,27,23,1017,10000,Sem Info,Few,457.2,26.792,0.79
2026-04-07T13:00:00Z,1.5433341,60,29,23,1017,10000,Sem Info,Few,457.2,26.886,0.7
2026-04-07T14:00:00Z,2.0577788,130,29,23,1016,10000,Sem Info,Few,609.6,27.043,0.7
2026-04-07T15:00:00Z,2.5722235,70,31,21,1016,10000,Sem Info,Few,609.6,27.241,0.55
2026-04-07T16:00:00Z,3.6011129,140,31,23,1015,10000,Sem Info,Few,762.0,27.441,0.62
2026-04-07T17:00:00Z,3.6011129,130,31,23,1014,10000,Sem Info,Few,762.0,27.555,0.62
2026-04-07T18:00:00Z,3.0866682,120,31,22,1013,10000,Sem Info,Few,914.4,27.567,0.59
2026-04-07T19:00:00Z,4.1155576,140,30,23,1013,10000,Sem Info,Few,914.4,27.471,0.66
2026-04-07T20:00:00Z,3.0866682,130,29,22,1013,10000,Sem Info,Few,914.4,27.464,0.66
2026-04-07T21:00:00Z,3.0866682,130,28,22,1012,10000,Sem Info,Few,914.4,27.397,0.7
2026-04-07T22:00:00Z,3.0866682,100,28,23,1012,10000,Sem Info,No,0.0,27.32,0.74
2026-04-07T23:00:00Z,4.1155576,80,27,23,1013,10000,Sem Info,No,0.0,27.249,0.79
2026-04-08T00:00:00Z,3.0866682,80,26,22,1013,10000,Sem Info,No,0.0,27.183,0.79
2026-04-08T01:00:00Z,1.5433341,80,25,22,1013,10000,Sem Info,No,0.0,27.115,0.83
2026-04-08T02:00:00Z,2.0577788,70,25,22,1013,10000,Sem Info,No,0.0,27.043,0.83
2026-04-08T03:00:00Z,1.0288894,140,25,22,1013,10000,Sem Info,No,0.0,26.965,0.83
2026-04-08T04:00:00Z,1.5433341,70,24,22,1012,10000,Sem Info,No,0.0,26.884,0.89
2026-04-08T05:00:00Z,1.5433341,90,24,22,1012,10000,Sem Info,No,0.0,26.798,0.89
2026-04-08T06:00:00Z,1.5433341,150,24,22,1011,10000,Sem Info,No,0.0,26.707,0.89
2026-04-08T07:00:00Z,1.5433341,180,23,21,1011,8000,Sem Info,No,0.0,26.61,0.89
2026-04-08T08:00:00Z,1.0288894,100,23,22,1011,8000,Sem Info,No,0.0,26.51,0.94
2026-04-08T09:00:00Z,1.5433341,90,23,21,1011,10000,Sem Info,No,0.0,26.411,0.89
2026-04-08T10:00:00Z,1.5433341,40,26,22,1012,10000,Sem Info,No,0.0,26.313,0.79
2026-04-08T11:00:00Z,1.5433341,330,26,23,1012,10000,Sem Info,No,0.0,26.293,0.84
2026-04-08T12:00:00Z,1.5433341,60,30,23,1012,10000,Sem Info,No,0.0,26.301,0.66
2026-04-08T13:00:00Z,2.0577788,30,31,23,1012,10000,Sem Info,No,0.0,26.32,0.62
2026-04-08T14:00:00Z,2.0577788,340,33,22,1012,10000,Sem Info,No,0.0,26.355,0.53
2026-04-08T15:00:00Z,4.1155576,360,34,22,1011,10000,Sem Info,Few,762.0,26.421,0.5
2026-04-08T16:00:00Z,4.1155576,280,35,21,1010,10000,Sem Info,Few,914.4,26.527,0.44
2026-04-08T17:00:00Z,3.0866682,330,35,21,1009,10000,Sem Info,Few,914.4,26.667,0.44
2026-04-08T18:00:00Z,3.0866682,350,34,21,1009,10000,Sem Info,Few,914.4,26.833,0.47
2026-04-08T19:00:00Z,3.0866682,340,35,21,1008,10000,Sem Info,Few,914.4,27.045,0.44
2026-04-08T20:00:00Z,3.0866682,330,33,22,1009,10000,Sem Info,Few,914.4,27.237,0.53
2026-04-08T21:00:00Z,3.6011129,300,32,22,1009,10000,Sem Info,Few,914.4,27.256,0.56
2026-04-08T22:00:00Z,3.6011129,330,30,24,1009,10000,Sem Info,Few,914.4,27.169,0.7
2026-04-08T23:00:00Z,2.0577788,360,30,23,1010,10000,Sem Info,Few,914.4,27.137,0.66
2026-04-09T00:00:00Z,1.0288894,310,29,23,1011,10000,Sem Info,Few,914.4,27.095,0.7
2026-04-09T01:00:00Z,1.5433341,100,27,23,1010,10000,Sem Info,Few,914.4,27.048,0.79
2026-04-09T02:00:00Z,2.0577788,30,28,22,1010,10000,Sem Info,Few,914.4,26.994,0.7
2026-04-09T03:00:00Z,2.5722235,30,28,24,1010,10000,Sem Info,Few,914.4,26.935,0.79
2026-04-09T04:00:00Z,1.5433341,300,28,21,1009,10000,Sem Info,Few,914.4,26.874,0.66
2026-04-09T05:00:00Z,1.5433341,270,27,20,1009,10000,Sem Info,Scattered,914.4,26.808,0.66
2026-04-09T06:00:00Z,1.5433341,300,28,20,1009,10000,Sem Info,Scattered,914.4,26.741,0.62
2026-04-09T07:00:00Z,2.0577788,20,26,21,1009,10000,Sem Info,Scattered,914.4,26.668,0.74
2026-04-09T08:00:00Z,3.0866682,350,26,21,1009,10000,Sem Info,Scattered,914.4,26.591,0.74
2026-04-09T09:00:00Z,1.5433341,30,25,21,1010,10000,Sem Info,Few,914.4,26.514,0.78
2026-04-09T10:00:00Z,2.0577788,10,26,21,1010,10000,Sem Info,Few,914.4,26.439,0.74
2026-04-09T11:00:00Z,2.0577788,360,26,21,1011,10000,Sem Info,No,0.0,26.512,0.74
2026-04-09T12:00:00Z,3.0866682,360,29,21,1012,10000,Sem Info,No,0.0,26.602,0.62
2026-04-09T13:00:00Z,2.0577788,20,31,22,1012,10000,Sem Info,Few,914.4,26.67,0.59
2026-04-09T14:00:00Z,5.144447,190,33,22,1012,10000,Sem Info,Few,914.4,26.742,0.53
2026-04-09T15:00:00Z,5.6588917,190,32,22,1011,10000,Sem Info,Few,914.4,26.765,0.56
2026-04-09T16:00:00Z,8.7455599,210,32,21,1011,10000,Sem Info,Few,914.4,26.736,0.52
2026-04-09T17:00:00Z,9.2600046,220,31,21,1011,10000,Sem Info,Few,914.4,26.662,0.55
2026-04-09T18:00:00Z,7.716670499999999,210,30,21,1011,10000,Sem Info,Few,762.0,26.591,0.59
2026-04-09T19:00:00Z,7.716670499999999,220,29,20,1011,10000,Sem Info,Few,762.0,26.56,0.58
2026-04-09T20:00:00Z,6.1733364,230,29,21,1012,10000,Sem Info,Few,762.0,26.504,0.62
2026-04-09T21:00:00Z,5.144447,220,28,22,1012,10000,Sem Info,Few,731.52,26.439,0.7
2026-04-09T22:00:00Z,3.0866682,240,26,23,1013,10000,Sem Info,Few,609.6,26.322,0.84
2026-04-09T23:00:00Z,2.0577788,170,27,21,1014,10000,Sem Info,Scattered,609.6,26.264,0.7
2026-04-10T00:00:00Z,2.0577788,20,26,22,1014,10000,Sem Info,Scattered,609.6,26.209,0.79
2026-04-10T01:00:00Z,1.5433341,100,24,22,1015,9000,Light intensity: Rain,Broken,670.56,26.154,0.89
2026-04-10T02:00:00Z,1.5433341,90,24,23,1014,10000,Sem Info,Scattered,670.56,26.098,0.94
2026-04-10T03:00:00Z,2.0577788,350,25,23,1015,6000,Light intensity: Rain,Broken,609.6,26.041,0.89
2026-04-10T04:00:00Z,2.5722235,30,24,22,1014,5000,Light intensity: Rain,Few,152.4,25.979,0.89
2026-04-10T05:00:00Z,2.5722235,350,23,22,1015,4000,Light intensity: Rain,Few,152.4,25.913,0.94
2026-04-10T06:00:00Z,1.5433341,30,23,22,1014,6000,Light intensity: Rain,Few,152.4,25.847,0.94
2026-04-10T07:00:00Z,1.5433341,350,23,21,1015,6000,Sem Info,Few,152.4,25.784,0.89
2026-04-10T08:00:00Z,2.5722235,350,22,21,1015,4000,Light intensity: Rain,Broken,213.36,25.721,0.94
2026-04-10T09:00:00Z,3.0866682,340,22,21,1015,7000,Sem Info,Broken,213.36,25.662,0.94
2026-04-10T10:00:00Z,1.5433341,340,23,21,1016,9000,Sem Info,Scattered,213.36,25.597,0.89
2026-04-10T11:00:00Z,1.5433341,290,24,21,1017,9000,Sem Info,Scattered,548.64,25.556,0.83
2026-04-10T12:00:00Z,1.5433341,280,25,21,1017,9000,Sem Info,Scattered,548.64,25.606,0.78
2026-04-10T13:00:00Z,1.5433341,290,25,21,1018,8000,Sem Info,Scattered,1005.84,25.629,0.78
2026-04-10T14:00:00Z,2.0577788,20,25,22,1017,8000,Sem Info,Few,701.04,25.615,0.83
2026-04-10T15:00:00Z,3.0866682,30,25,22,1017,10000,Sem Info,Few,670.56,25.601,0.83
2026-04-10T16:00:00Z,3.0866682,30,24,22,1017,10000,Sem Info,Few,670.56,25.574,0.89
2026-04-10T17:00:00Z,1.5433341,360,25,21,1016,10000,Light intensity: Rain,Broken,1371.6,25.536,0.78
2026-04-10T18:00:00Z,1.5433341,110,25,20,1016,10000,Sem Info,Broken,1371.6,25.503,0.74
2026-04-10T19:00:00Z,1.5433341,30,25,20,1016,10000,Sem Info,Broken,1371.6,25.458,0.74
2026-04-10T20:00:00Z,2.0577788,20,25,21,1017,10000,Sem Info,Few,670.56,25.393,0.78
2026-04-10T21:00:00Z,2.5722235,200,25,20,1017,10000,Sem Info,Few,914.4,25.322,0.74
2026-04-10T22:00:00Z,2.5722235,200,24,20,1018,10000,Sem Info,Few,914.4,25.221,0.78
2026-04-10T23:00:00Z,2.5722235,220,24,20,1019,10000,Sem Info,Few,914.4,25.141,0.78
2026-04-11T00:00:00Z,4.6300023,170,22,18,1019,10000,Sem Info,Scattered,609.6,25.065,0.78
2026-04-11T01:00:00Z,3.0866682,180,22,19,1020,10000,Sem Info,Scattered,609.6,24.991,0.83
2026-04-11T02:00:00Z,1.5433341,60,22,19,1020,10000,Sem Info,Scattered,609.6,24.915,0.83
2026-04-11T03:00:00Z,1.5433341,50,22,18,1019,10000,Sem Info,Scattered,914.4,24.839,0.78
2026-04-11T04:00:00Z,1.0288894,50,22,19,1019,10000,Sem Info,Scattered,914.4,24.763,0.83
2026-04-11T05:00:00Z,2.0577788,230,22,19,1019,10000,Sem Info,Scattered,914.4,24.69,0.83
2026-04-11T06:00:00Z,1.5433341,320,22,18,1018,10000,Sem Info,Scattered,914.4,24.616,0.78
2026-04-11T07:00:00Z,2.0577788,240,21,18,1018,10000,Sem Info,Few,914.4,24.547,0.83
2026-04-11T08:00:00Z,1.0288894,280,20,18,1018,10000,Sem Info,Few,914.4,24.476,0.88
2026-04-11T09:00:00Z,1.0288894,30,21,19,1019,10000,Sem Info,Few,914.4,24.408,0.88
2026-04-11T10:00:00Z,1.0288894,300,21,19,1020,10000,Sem Info,Few,914.4,24.314,0.88
2026-04-11T11:00:00Z,1.5433341,270,23,19,1020,10000,Sem Info,Few,914.4,24.286,0.78
2026-04-11T12:00:00Z,1.5433341,10,24,17,1020,10000,Sem Info,Few,914.4,24.537,0.65
2026-04-11T13:00:00Z,2.5722235,20,25,19,1021,10000,Sem Info,Few,914.4,24.933,0.69
2026-04-11T14:00:00Z,1.5433341,20,26,18,1020,10000,Sem Info,Few,914.4,25.151,0.61
2026-04-11T15:00:00Z,2.0577788,30,26,19,1020,10000,Sem Info,Few,914.4,25.278,0.65
2026-04-11T16:00:00Z,3.0866682,120,26,18,1019,10000,Sem Info,Few,914.4,25.33,0.61
2026-04-11T17:00:00Z,4.6300023,140,27,19,1019,10000,Sem Info,Few,914.4,25.3,0.62
2026-04-11T18:00:00Z,4.6300023,140,25,18,1019,10000,Sem Info,Few,914.4,25.306,0.65
2026-04-11T19:00:00Z,4.6300023,120,25,18,1019,10000,Sem Info,Few,914.4,25.269,0.65
2026-04-11T20:00:00Z,3.6011129,130,24,19,1020,10000,Sem Info,Few,914.4,25.215,0.74
2026-04-11T21:00:00Z,2.5722235,130,24,19,1020,10000,Sem Info,Few,914.4,25.145,0.74
2026-04-11T22:00:00Z,3.0866682,120,23,13,1020,10000,Sem Info,Few,914.4,25.073,0.53
2026-04-11T23:00:00Z,2.5722235,120,23,20,1021,10000,Sem Info,Few,914.4,25.006,0.83
2026-04-12T00:00:00Z,1.5433341,90,22,19,1021,10000,Sem Info,Few,1066.8,24.941,0.83
2026-04-12T01:00:00Z,2.0577788,90,22,20,1021,10000,Sem Info,Scattered,944.88,24.875,0.88
2026-04-12T02:00:00Z,1.5433341,90,22,20,1021,10000,Sem Info,Few,1066.8,24.808,0.88
2026-04-12T03:00:00Z,1.5433341,90,22,20,1021,10000,Sem Info,Few,1066.8,24.742,0.88
2026-04-12T04:00:00Z,1.5433341,60,21,19,1020,10000,Sem Info,Few,1066.8,24.677,0.88
2026-04-12T05:00:00Z,1.5433341,40,21,20,1020,10000,Sem Info,Few,1066.8,24.612,0.94
2026-04-12T06:00:00Z,1.0288894,280,21,20,1019,10000,Sem Info,Few,1066.8,24.548,0.94
2026-04-12T07:00:00Z,1.0288894,330,21,19,1019,10000,Sem Info,Few,1066.8,24.484,0.88
2026-04-12T08:00:00Z,1.0288894,330,21,19,1020,10000,Sem Info,Few,243.84,24.415,0.88
2026-04-12T09:00:00Z,2.5722235,330,21,20,1020,8000,Sem Info,Few,243.84,24.349,0.94
2026-04-12T10:00:00Z,2.0577788,330,21,20,1021,8000,Sem Info,Few,762.0,24.284,0.94
2026-04-12T11:00:00Z,1.5433341,330,22,20,1021,10000,Sem Info,Few,518.16,24.282,0.88
2026-04-12T12:00:00Z,2.0577788,110,25,20,1022,10000,Sem Info,Few,182.88,24.432,0.74
2026-04-12T13:00:00Z,3.0866682,20,25,21,1021,10000,Sem Info,Few,609.6,24.536,0.78
2026-04-12T14:00:00Z,3.0866682,40,26,21,1021,10000,Sem Info,Few,609.6,24.623,0.74
2026-04-12T15:00:00Z,3.6011129,50,27,21,1020,10000,Sem Info,Scattered,762.0,24.708,0.7
2026-04-12T16:00:00Z,3.6011129,60,28,20,1019,10000,Sem Info,Scattered,762.0,24.799,0.62
2026-04-12T17:00:00Z,5.144447,140,28,20,1018,10000,Sem Info,Scattered,914.4,24.819,0.62
2026-04-12T18:00:00Z,5.6588917,150,28,20,1017,10000,Sem Info,Few,609.6,24.826,0.62
2026-04-12T19:00:00Z,6.1733364,140,27,20,1017,10000,Sem Info,Few,609.6,24.825,0.66
2026-04-12T20:00:00Z,5.6588917,150,26,20,1017,10000,Sem Info,Few,609.6,24.795,0.7
2026-04-12T21:00:00Z,4.6300023,140,25,20,1018,10000,Sem Info,Few,609.6,24.738,0.74
2026-04-12T22:00:00Z,4.1155576,140,25,20,1018,10000,Sem Info,Few,609.6,24.661,0.74
2026-04-12T23:00:00Z,4.6300023,120,25,21,1019,10000,Sem Info,Few,609.6,24.601,0.78
2026-04-13T00:00:00Z,5.6588917,100,25,20,1019,10000,Sem Info,Few,1005.84,24.543,0.74
2026-04-13T01:00:00Z,5.144447,90,24,20,1019,10000,Sem Info,Few,1005.84,24.483,0.78
2026-04-13T02:00:00Z,4.6300023,110,24,20,1018,10000,Sem Info,Few,1005.84,24.426,0.78
2026-04-13T03:00:00Z,5.144447,110,23,20,1018,10000,Sem Info,Few,1402.08,24.372,0.83
2026-04-13T04:00:00Z,5.6588917,90,23,20,1017,10000,Sem Info,Few,1402.08,24.319,0.83
2026-04-13T05:00:00Z,4.6300023,130,23,20,1017,10000,Sem Info,Few,1402.08,24.267,0.83
2026-04-13T06:00:00Z,4.1155576,150,22,20,1017,10000,Sem Info,Few,1402.08,24.212,0.88
2026-04-13T07:00:00Z,3.6011129,180,22,20,1016,8000,Sem Info,Few,1402.08,24.157,0.88
2026-04-13T08:00:00Z,2.0577788,60,21,19,1016,8000,Sem Info,Few,1402.08,24.103,0.88
2026-04-13T09:00:00Z,1.5433341,80,21,19,1017,10000,Sem Info,Few,1402.08,24.052,0.88
2026-04-13T10:00:00Z,1.5433341,80,22,20,1017,10000,Sem Info,Few,1402.08,24.007,0.88
2026-04-13T11:00:00Z,1.5433341,20,24,21,1018,10000,Sem Info,No,0.0,24.031,0.83
2026-04-13T12:00:00Z,1.0288894,20,25,20,1018,10000,Sem Info,Scattered,396.24,24.135,0.74
2026-04-13T13:00:00Z,2.0577788,160,25,21,1018,10000,Sem Info,Few,396.24,24.262,0.78
2026-04-13T14:00:00Z,2.5722235,80,27,20,1017,10000,Sem Info,Scattered,640.0799999999999,24.415,0.66
2026-04-13T15:00:00Z,2.5722235,60,28,20,1017,10000,Sem Info,Scattered,670.56,24.604,0.62
2026-04-13T16:00:00Z,4.6300023,120,28,20,1016,10000,Sem Info,Scattered,762.0,24.762,0.62
2026-04-13T17:00:00Z,5.6588917,130,28,21,1015,10000,Sem Info,Scattered,762.0,24.861,0.66
2026-04-13T18:00:00Z,6.6877811,130,27,20,1015,10000,Sem Info,Scattered,822.9599999999999,24.904,0.66
2026-04-13T19:00:00Z,5.6588917,130,26,19,1015,10000,Sem Info,Scattered,822.9599999999999,24.911,0.65
2026-04-13T20:00:00Z,5.6588917,140,26,19,1015,10000,Sem Info,Few,914.4,24.887,0.65
2026-04-13T21:00:00Z,4.1155576,130,24,19,1015,10000,Sem Info,Few,914.4,24.826,0.74
2026-04-13T22:00:00Z,3.0866682,140,24,19,1016,10000,Sem Info,No,0.0,24.768,0.74
2026-04-13T23:00:00Z,3.0866682,150,24,18,1016,10000,Sem Info,Few,1219.2,24.7,0.69
2026-04-14T00:00:00Z,2.0577788,120,23,19,1016,10000,Sem Info,Few,1219.2,24.631,0.78
2026-04-14T01:00:00Z,2.5722235,130,23,19,1016,10000,Sem Info,Few,914.4,24.564,0.78
2026-04-14T02:00:00Z,2.5722235,120,23,19,1016,10000,Sem Info,Scattered,914.4,24.501,0.78
2026-04-14T03:00:00Z,2.5722235,100,23,18,1015,10000,Sem Info,Scattered,914.4,24.439,0.73
2026-04-14T04:00:00Z,1.0288894,70,22,19,1015,10000,Sem Info,Scattered,914.4,24.378,0.83
2026-04-14T05:00:00Z,1.0288894,120,21,19,1015,10000,Sem Info,Scattered,914.4,24.313,0.88
2026-04-14T06:00:00Z,1.0288894,80,21,19,1015,10000,Sem Info,Few,914.4,24.249,0.88
2026-04-14T07:00:00Z,1.0288894,60,21,19,1015,10000,Sem Info,Few,914.4,24.185,0.88
2026-04-14T08:00:00Z,1.5433341,320,21,19,1015,10000,Sem Info,Few,914.4,24.122,0.88
2026-04-14T09:00:00Z,0.5144447,320,20,18,1015,10000,Sem Info,Few,365.76,24.055,0.88
2026-04-14T10:00:00Z,1.0288894,320,22,20,1016,10000,Sem Info,Few,609.6,23.998,0.88
2026-04-14T11:00:00Z,1.5433341,360,24,20,1017,10000,Sem Info,Few,609.6,24.013,0.78
2026-04-14T12:00:00Z,2.0577788,10,25,19,1017,10000,Sem Info,Few,609.6,24.298,0.69
2026-04-14T13:00:00Z,1.5433341,360,26,19,1017,10000,Sem Info,Few,762.0,24.613,0.65
2026-04-14T14:00:00Z,1.5433341,360,28,19,1016,10000,Sem Info,Scattered,914.4,25.059,0.58
2026-04-14T15:00:00Z,2.5722235,130,28,18,1015,10000,Sem Info,Scattered,1066.8,25.308,0.55
2026-04-14T16:00:00Z,4.1155576,130,28,18,1014,10000,Sem Info,Scattered,1066.8,25.416,0.55
2026-04-14T17:00:00Z,5.144447,130,28,17,1013,10000,Sem Info,Scattered,1066.8,25.445,0.51
2026-04-14T18:00:00Z,5.144447,130,27,19,1013,10000,Sem Info,Few,1219.2,25.423,0.62
2026-04-14T19:00:00Z,5.144447,120,26,19,1013,10000,Sem Info,Few,1219.2,25.411,0.65
2026-04-14T20:00:00Z,4.6300023,120,25,19,1014,10000,Sem Info,Few,1219.2,25.353,0.69
2026-04-14T21:00:00Z,4.1155576,130,24,19,1014,10000,Sem Info,Few,1219.2,25.261,0.74
2026-04-14T22:00:00Z,3.0866682,130,24,20,1015,10000,Sem Info,Few,1219.2,25.166,0.78
2026-04-14T23:00:00Z,3.0866682,80,22,20,1016,10000,Sem Info,Few,1219.2,25.086,0.88
2026-04-15T00:00:00Z,2.0577788,100,22,19,1016,10000,Sem Info,No,0.0,25.007,0.83
2026-04-15T01:00:00Z,1.5433341,110,22,20,1016,10000,Sem Info,Few,243.84,24.929,0.88
2026-04-15T02:00:00Z,1.0288894,130,21,19,1016,10000,Sem Info,No,0.0,24.859,0.88
2026-04-15T03:00:00Z,1.0288894,130,21,19,1016,10000,Sem Info,No,0.0,24.786,0.88
2026-04-15T04:00:00Z,2.5722235,320,22,19,1016,10000,Sem Info,No,0.0,24.714,0.83
2026-04-15T05:00:00Z,2.5722235,320,21,19,1016,10000,Sem Info,No,0.0,24.633,0.88
2026-04-15T06:00:00Z,2.5722235,320,21,19,1014,10000,Sem Info,No,0.0,24.549,0.88
2026-04-15T07:00:00Z,2.5722235,340,21,19,1014,10000,Sem Info,No,0.0,24.465,0.88
2026-04-15T08:00:00Z,2.5722235,340,20,19,1015,8000,Sem Info,Few,304.8,24.38,0.94
2026-04-15T09:00:00Z,2.5722235,340,20,19,1015,8000,Sem Info,Few,304.8,24.295,0.94
2026-04-15T10:00:00Z,1.5433341,340,21,19,1016,9000,Sem Info,Few,487.68,24.214,0.88
2026-04-15T11:00:00Z,2.5722235,340,22,19,1017,9000,Sem Info,Few,487.68,24.196,0.83
2026-04-15T12:00:00Z,2.5722235,340,25,20,1017,9000,Sem Info,Scattered,609.6,24.253,0.74
2026-04-15T13:00:00Z,2.0577788,350,26,19,1017,10000,Sem Info,Scattered,762.0,24.382,0.65
2026-04-15T14:00:00Z,2.5722235,360,28,19,1017,9000,Sem Info,Few,914.4,24.548,0.58
2026-04-15T15:00:00Z,1.5433341,240,27,19,1016,10000,Sem Info,Few,1066.8,24.727,0.62
2026-04-15T16:00:00Z,1.0288894,230,28,19,1015,10000,Sem Info,Scattered,914.4,24.803,0.58
2026-04-15T17:00:00Z,1.0288894,30,29,19,1015,10000,Sem Info,Scattered,914.4,24.866,0.55
2026-04-15T18:00:00Z,4.1155576,120,28,19,1014,10000,Sem Info,Scattered,914.4,24.871,0.58
2026-04-15T19:00:00Z,5.144447,130,27,19,1014,10000,Sem Info,Few,914.4,24.859,0.62
2026-04-15T20:00:00Z,4.1155576,130,26,19,1013,10000,Sem Info,Few,914.4,24.829,0.65
2026-04-15T21:00:00Z,3.6011129,120,24,19,1014,10000,Sem Info,Few,914.4,24.764,0.74
2026-04-15T22:00:00Z,2.5722235,140,24,19,1014,10000,Sem Info,Few,914.4,24.74,0.74
2026-04-15T23:00:00Z,3.6011129,140,24,20,1015,10000,Sem Info,Few,609.6,24.677,0.78
2026-04-16T00:00:00Z,2.5722235,30,24,20,1015,10000,Sem Info,Few,609.6,24.614,0.78
2026-04-16T01:00:00Z,2.5722235,50,23,20,1015,10000,Sem Info,Few,609.6,24.557,0.83
2026-04-16T02:00:00Z,2.0577788,80,23,20,1015,10000,Sem Info,Few,609.6,24.498,0.83
2026-04-16T03:00:00Z,1.5433341,70,23,20,1015,10000,Sem Info,Scattered,762.0,24.434,0.83
2026-04-16T04:00:00Z,0.5144447,70,22,20,1015,10000,Sem Info,Few,762.0,24.369,0.88
2026-04-16T05:00:00Z,1.0288894,70,22,20,1014,10000,Sem Info,Few,609.6,24.297,0.88
2026-04-16T06:00:00Z,2.0577788,310,22,20,1014,10000,Sem Info,Few,609.6,24.226,0.88
2026-04-16T07:00:00Z,1.5433341,330,22,20,1013,9000,Sem Info,No,0.0,24.158,0.88
2026-04-16T08:00:00Z,0.5144447,330,21,19,1013,9000,Sem Info,Few,609.6,24.086,0.88
2026-04-16T09:00:00Z,1.5433341,310,21,20,1014,8000,Sem Info,Scattered,609.6,24.012,0.94
2026-04-16T10:00:00Z,2.5722235,320,22,20,1014,9000,Sem Info,Scattered,609.6,23.964,0.88
2026-04-16T11:00:00Z,2.0577788,350,23,20,1015,10000,Sem Info,Scattered,762.0,23.954,0.83
2026-04-16T12:00:00Z,1.5433341,10,25,20,1015,10000,Sem Info,Few,914.4,24.079,0.74
2026-04-16T13:00:00Z,1.5433341,350,26,20,1015,10000,Sem Info,Few,914.4,24.281,0.7
2026-04-16T14:00:00Z,2.5722235,50,28,21,1014,10000,Sem Info,Few,914.4,24.64,0.66
2026-04-16T15:00:00Z,4.1155576,30,29,20,1013,10000,Sem Info,Few,914.4,24.991,0.58
2026-04-16T16:00:00Z,4.1155576,130,28,21,1012,10000,Sem Info,Few,914.4,25.188,0.66
2026-04-16T17:00:00Z,4.6300023,140,28,21,1011,10000,Sem Info,Few,914.4,25.256,0.66
2026-04-16T18:00:00Z,5.144447,130,27,21,1011,10000,Sem Info,Few,914.4,25.256,0.7
2026-04-16T19:00:00Z,5.144447,130,26,21,1011,10000,Sem Info,Few,914.4,25.235,0.74
2026-04-16T20:00:00Z,5.144447,120,25,21,1011,10000,Sem Info,Few,914.4,25.215,0.78
2026-04-16T21:00:00Z,5.6588917,130,24,21,1011,10000,Sem Info,Few,914.4,25.152,0.83
2026-04-16T22:00:00Z,5.144447,130,24,20,1011,10000,Sem Info,No,0.0,25.111,0.78
2026-04-16T23:00:00Z,2.5722235,110,24,20,1012,10000,Sem Info,Few,1219.2,25.038,0.78
2026-04-17T00:00:00Z,1.5433341,140,24,20,1012,10000,Sem Info,Scattered,914.4,24.965,0.78
2026-04-17T01:00:00Z,2.0577788,130,24,20,1012,10000,Sem Info,Broken,914.4,24.901,0.78
2026-04-17T02:00:00Z,2.0577788,150,23,20,1012,10000,Sem Info,Few,762.0,24.841,0.83
2026-04-17T03:00:00Z,1.5433341,100,23,20,1011,10000,Sem Info,Broken,640.0799999999999,24.782,0.83
2026-04-17T04:00:00Z,2.0577788,110,23,20,1010,10000,Sem Info,Broken,762.0,24.717,0.83
2026-04-17T05:00:00Z,1.5433341,140,24,21,1010,10000,Sem Info,Broken,640.0799999999999,24.652,0.83
2026-04-17T06:00:00Z,2.0577788,130,23,21,1010,10000,Sem Info,Broken,640.0799999999999,24.585,0.89
2026-04-17T07:00:00Z,1.0288894,140,23,21,1010,10000,Sem Info,Broken,640.0799999999999,24.511,0.89
2026-04-17T08:00:00Z,1.0288894,80,23,21,1010,10000,Sem Info,Broken,762.0,24.438,0.89
2026-04-17T09:00:00Z,1.0288894,70,22,21,1010,10000,Sem Info,Few,243.84,24.36,0.94
2026-04-17T10:00:00Z,0.0,0,23,21,1011,9000,Sem Info,Few,243.84,24.33,0.89
2026-04-17T11:00:00Z,2.0577788,40,25,21,1011,9000,Sem Info,Few,304.8,24.342,0.78
2026-04-17T12:00:00Z,1.5433341,40,26,21,1012,10000,Sem Info,Scattered,396.24,24.459,0.74
2026-04-17T13:00:00Z,2.5722235,360,27,21,1011,10000,Sem Info,Scattered,396.24,24.593,0.7
2026-04-17T14:00:00Z,2.0577788,360,28,20,1010,10000,Sem Info,Scattered,396.24,24.768,0.62
2026-04-17T15:00:00Z,1.0288894,360,29,21,1010,10000,Sem Info,Scattered,396.24,24.978,0.62
2026-04-17T16:00:00Z,2.5722235,20,30,21,1008,10000,Sem Info,Scattered,396.24,25.25,0.59
2026-04-17T17:00:00Z,2.0577788,70,31,21,1007,10000,Sem Info,Scattered,396.24,25.585,0.55
2026-04-17T18:00:00Z,4.6300023,130,29,21,1007,10000,Sem Info,Scattered,396.24,25.906,0.62
2026-04-17T19:00:00Z,4.6300023,130,29,22,1007,10000,Sem Info,Scattered,396.24,25.988,0.66
2026-04-17T20:00:00Z,4.1155576,130,27,22,1007,10000,Sem Info,Few,457.2,25.989,0.74
2026-04-17T21:00:00Z,4.1155576,130,26,21,1007,10000,Sem Info,Few,457.2,25.921,0.74
2026-04-17T22:00:00Z,3.6011129,120,26,21,1008,10000,Sem Info,No,0.0,25.827,0.74
2026-04-17T23:00:00Z,2.5722235,140,25,21,1009,10000,Sem Info,No,0.0,25.749,0.78
2026-04-18T00:00:00Z,0.5144447,140,24,21,1009,10000,Sem Info,No,0.0,25.673,0.83
2026-04-18T01:00:00Z,1.5433341,110,24,21,1009,10000,Sem Info,No,0.0,25.605,0.83
2026-04-18T02:00:00Z,1.5433341,70,24,21,1009,10000,Sem Info,No,0.0,25.538,0.83
2026-04-18T03:00:00Z,1.5433341,80,24,21,1009,10000,Sem Info,No,0.0,25.466,0.83
2026-04-18T04:00:00Z,1.0288894,10,24,22,1008,10000,Sem Info,Few,1219.2,25.392,0.89
2026-04-18T05:00:00Z,1.0288894,30,23,21,1007,10000,Sem Info,Few,1219.2,25.31,0.89
2026-04-18T06:00:00Z,1.0288894,70,22,21,1007,10000,Sem Info,Few,1219.2,25.229,0.94
2026-04-18T07:00:00Z,2.0577788,20,23,21,1007,10000,Sem Info,Few,1219.2,25.143,0.89
2026-04-18T08:00:00Z,1.0288894,40,22,21,1008,10000,Sem Info,Few,1219.2,25.055,0.94
2026-04-18T09:00:00Z,1.5433341,330,22,21,1008,6000,Sem Info,Few,457.2,24.961,0.94
2026-04-18T10:00:00Z,1.0288894,280,23,21,1009,7000,Sem Info,Few,304.8,24.861,0.89
2026-04-18T11:00:00Z,4.6300023,260,26,21,1009,9000,Sem Info,No,0.0,24.865,0.74
2026-04-18T12:00:00Z,4.1155576,10,26,21,1009,9000,Sem Info,No,0.0,24.946,0.74
2026-04-18T13:00:00Z,1.0288894,200,27,20,1009,9000,Sem Info,No,0.0,25.082,0.66
2026-04-18T14:00:00Z,2.5722235,20,29,21,1008,8000,Sem Info,No,0.0,25.277,0.62
2026-04-18T15:00:00Z,3.0866682,30,29,20,1007,10000,Sem Info,Few,914.4,25.517,0.58
2026-04-18T16:00:00Z,2.0577788,60,31,20,1006,9000,Sem Info,No,0.0,25.741,0.52
2026-04-18T17:00:00Z,3.0866682,40,31,20,1006,10000,Sem Info,Few,914.4,25.851,0.52
2026-04-18T18:00:00Z,5.6588917,120,29,22,1006,10000,Sem Info,Few,914.4,25.884,0.66
2026-04-18T19:00:00Z,5.144447,120,27,21,1006,9000,Sem Info,Few,914.4,25.915,0.7
2026-04-18T20:00:00Z,5.6588917,130,27,20,1006,8000,Sem Info,Few,914.4,25.954,0.66
2026-04-18T21:00:00Z,4.1155576,140,26,20,1006,8000,Sem Info,Few,914.4,25.93,0.7
2026-04-18T22:00:00Z,3.0866682,160,26,20,1006,10000,Sem Info,Few,914.4,25.943,0.7
2026-04-18T23:00:00Z,1.5433341,60,25,20,1007,10000,Sem Info,Few,914.4,25.901,0.74
2026-04-19T00:00:00Z,1.0288894,60,24,21,1007,10000,Sem Info,Few,914.4,25.858,0.83
2026-04-19T01:00:00Z,1.0288894,60,25,21,1007,10000,Sem Info,Few,914.4,25.812,0.78
2026-04-19T02:00:00Z,1.5433341,350,26,22,1008,8000,Sem Info,Few,914.4,25.763,0.79
2026-04-19T03:00:00Z,3.0866682,300,26,20,1008,8000,Sem Info,Few,914.4,25.716,0.7
2026-04-19T04:00:00Z,2.0577788,260,25,20,1008,10000,Sem Info,Few,914.4,25.665,0.74
2026-04-19T05:00:00Z,3.0866682,260,25,22,1008,10000,Light intensity: Rain,Few,914.4,25.607,0.83
2026-04-19T06:00:00Z,3.6011129,250,25,21,1009,10000,Sem Info,Few,914.4,25.546,0.78
2026-04-19T07:00:00Z,4.1155576,260,25,21,1009,10000,Sem Info,Few,914.4,25.483,0.78
2026-04-19T08:00:00Z,2.0577788,280,24,21,1009,10000,Sem Info,Few,914.4,25.421,0.83
2026-04-19T09:00:00Z,2.5722235,290,25,21,1010,9000,Sem Info,Few,914.4,25.35,0.78
2026-04-19T10:00:00Z,2.0577788,310,25,21,1011,10000,Sem Info,Few,609.6,25.25,0.78
2026-04-19T11:00:00Z,2.0577788,340,26,22,1012,10000,Sem Info,Few,609.6,25.248,0.79
2026-04-19T12:00:00Z,2.0577788,340,27,21,1012,10000,Sem Info,Few,701.04,25.233,0.7
2026-04-19T13:00:00Z,2.5722235,230,28,20,1013,10000,Sem Info,Scattered,914.4,25.177,0.62
2026-04-19T14:00:00Z,3.0866682,220,30,20,1012,10000,Sem Info,Scattered,914.4,25.148,0.55
2026-04-19T15:00:00Z,6.1733364,210,28,21,1012,10000,Sem Info,Broken,1066.8,25.137,0.66
2026-04-19T16:00:00Z,5.144447,200,29,20,1012,10000,Sem Info,Scattered,1066.8,25.131,0.58
2026-04-19T17:00:00Z,6.6877811,200,29,20,1012,10000,Sem Info,Few,1066.8,25.128,0.58
2026-04-19T18:00:00Z,7.2022258,210,29,20,1012,10000,Sem Info,Few,914.4,25.115,0.58
2026-04-19T19:00:00Z,6.1733364,200,28,20,1012,10000,Sem Info,Few,914.4,25.079,0.62
2026-04-19T20:00:00Z,5.144447,210,27,18,1012,10000,Sem Info,Few,914.4,25.043,0.58
2026-04-19T21:00:00Z,3.0866682,200,26,18,1013,10000,Sem Info,Few,762.0,24.974,0.61
2026-04-19T22:00:00Z,2.5722235,200,25,19,1013,10000,Sem Info,Few,609.6,24.91,0.69
2026-04-19T23:00:00Z,2.5722235,220,24,19,1014,10000,Sem Info,Few,609.6,24.841,0.74
2026-04-20T00:00:00Z,2.5722235,220,24,20,1014,10000,Sem Info,Few,914.4,24.778,0.78
2026-04-20T01:00:00Z,1.5433341,260,24,20,1015,10000,Sem Info,Few,914.4,24.718,0.78
2026-04-20T02:00:00Z,2.0577788,290,24,20,1014,10000,Sem Info,Few,914.4,24.661,0.78
2026-04-20T03:00:00Z,2.0577788,300,23,19,1015,10000,Sem Info,No,0.0,24.599,0.78
2026-04-20T04:00:00Z,2.0577788,280,22,19,1015,10000,Sem Info,No,0.0,24.535,0.83
2026-04-20T05:00:00Z,2.5722235,330,22,20,1015,10000,Sem Info,Few,670.56,24.46,0.88
2026-04-20T06:00:00Z,2.0577788,320,22,20,1015,10000,Sem Info,No,0.0,24.376,0.88
2026-04-20T07:00:00Z,3.6011129,310,21,19,1014,10000,Sem Info,No,0.0,24.289,0.88
2026-04-20T08:00:00Z,1.5433341,310,21,19,1014,10000,Sem Info,No,0.0,24.199,0.88
2026-04-20T09:00:00Z,1.0288894,30,19,18,1015,10000,Sem Info,No,0.0,24.108,0.94
2026-04-20T10:00:00Z,2.0577788,330,22,19,1016,10000,Sem Info,No,0.0,24.034,0.83
2026-04-20T11:00:00Z,3.0866682,360,22,18,1016,10000,Sem Info,No,0.0,24.034,0.78
2026-04-20T12:00:00Z,2.5722235,350,25,19,1017,10000,Sem Info,Few,609.6,24.136,0.69
2026-04-20T13:00:00Z,3.0866682,10,27,20,1017,10000,Sem Info,Few,762.0,24.258,0.66
2026-04-20T14:00:00Z,2.5722235,10,27,18,1016,10000,Sem Info,Scattered,1066.8,24.373,0.58
2026-04-20T15:00:00Z,3.0866682,10,29,18,1015,10000,Sem Info,Scattered,1066.8,24.476,0.52
2026-04-20T16:00:00Z,4.6300023,120,28,19,1015,10000,Sem Info,Scattered,1066.8,24.561,0.58
2026-04-20T17:00:00Z,3.0866682,110,28,18,1014,10000,Sem Info,Scattered,1066.8,24.592,0.55
2026-04-20T18:00:00Z,5.144447,120,27,18,1014,10000,Sem Info,Scattered,1066.8,24.607,0.58
2026-04-20T19:00:00Z,5.144447,200,28,16,1014,10000,Sem Info,Scattered,1066.8,24.592,0.48
2026-04-20T20:00:00Z,2.5722235,200,26,18,1014,10000,Sem Info,Scattered,1066.8,24.538,0.61
2026-04-20T21:00:00Z,6.1733364,210,25,18,1015,10000,Sem Info,Scattered,1066.8,24.457,0.65
2026-04-20T22:00:00Z,2.5722235,190,24,19,1015,10000,Sem Info,Scattered,1066.8,24.383,0.74
2026-04-20T23:00:00Z,3.6011129,220,24,19,1016,10000,Sem Info,Few,1066.8,24.306,0.74
2026-04-21T00:00:00Z,2.5722235,250,23,19,1016,10000,Sem Info,Few,762.0,24.234,0.78
2026-04-21T01:00:00Z,2.5722235,250,23,20,1016,10000,Sem Info,Scattered,762.0,24.159,0.83
2026-04-21T02:00:00Z,1.5433341,300,24,19,1016,10000,Sem Info,Few,609.6,24.082,0.74
2026-04-21T03:00:00Z,3.0866682,330,23,19,1016,10000,Sem Info,Few,609.6,24.007,0.78
2026-04-21T04:00:00Z,1.5433341,300,23,19,1016,10000,Sem Info,Few,609.6,23.944,0.78
2026-04-21T05:00:00Z,2.0577788,310,23,19,1015,10000,Sem Info,Few,609.6,23.883,0.78
2026-04-21T06:00:00Z,1.0288894,310,22,19,1015,10000,Sem Info,Few,609.6,23.82,0.83
2026-04-21T07:00:00Z,2.5722235,350,22,19,1015,10000,Sem Info,Few,609.6,23.755,0.83
2026-04-21T08:00:00Z,2.5722235,340,21,19,1015,9000,Sem Info,Few,609.6,23.684,0.88
2026-04-21T09:00:00Z,1.5433341,320,22,19,1016,10000,Sem Info,Few,609.6,23.614,0.83
2026-04-21T10:00:00Z,2.0577788,10,21,19,1017,10000,Sem Info,Few,609.6,23.575,0.88
2026-04-21T11:00:00Z,2.5722235,360,22,19,1017,10000,Sem Info,Few,914.4,23.551,0.83
2026-04-21T12:00:00Z,2.0577788,10,24,19,1018,10000,Sem Info,Scattered,1066.8,23.649,0.74
2026-04-21T13:00:00Z,2.0577788,10,26,19,1018,10000,Sem Info,Scattered,1066.8,23.823,0.65
2026-04-21T14:00:00Z,2.5722235,10,27,19,1017,10000,Sem Info,Scattered,822.9599999999999,24.105,0.62
2026-04-21T15:00:00Z,3.0866682,20,28,19,1016,10000,Sem Info,Scattered,822.9599999999999,24.427,0.58
2026-04-21T16:00:00Z,5.144447,120,28,18,1016,10000,Sem Info,Scattered,822.9599999999999,24.598,0.55
2026-04-21T17:00:00Z,4.6300023,120,28,18,1015,10000,Sem Info,Scattered,822.9599999999999,24.612,0.55
2026-04-21T18:00:00Z,5.6588917,120,27,19,1015,10000,Sem Info,Scattered,822.9599999999999,24.622,0.62
2026-04-21T19:00:00Z,4.6300023,120,26,19,1015,10000,Sem Info,Scattered,822.9599999999999,24.608,0.65
2026-04-21T20:00:00Z,3.0866682,130,25,18,1015,10000,Sem Info,Few,822.9599999999999,24.555,0.65
2026-04-21T21:00:00Z,3.6011129,140,24,18,1015,10000,Sem Info,Few,822.9599999999999,24.479,0.69
2026-04-21T22:00:00Z,2.0577788,120,24,17,1016,10000,Sem Info,Few,762.0,24.423,0.65
2026-04-21T23:00:00Z,2.0577788,80,23,18,1017,10000,Sem Info,Few,762.0,24.355,0.73
2026-04-22T00:00:00Z,2.0577788,80,22,19,1017,10000,Sem Info,Few,762.0,24.29,0.83
2026-04-22T01:00:00Z,1.5433341,100,22,19,1017,10000,Sem Info,Scattered,1219.2,24.227,0.83
2026-04-22T02:00:00Z,2.5722235,80,22,19,1017,10000,Sem Info,Few,1219.2,24.166,0.83
2026-04-22T03:00:00Z,2.5722235,80,21,19,1017,10000,Sem Info,Few,1219.2,24.104,0.88
2026-04-22T04:00:00Z,2.5722235,20,22,19,1017,10000,Sem Info,Few,1219.2,24.037,0.83
2026-04-22T05:00:00Z,2.5722235,20,21,19,1016,10000,Sem Info,Few,1219.2,23.966,0.88
2026-04-22T06:00:00Z,1.5433341,10,20,19,1016,10000,Sem Info,Scattered,1219.2,23.893,0.94
2026-04-22T07:00:00Z,1.5433341,320,22,19,1016,10000,Sem Info,Few,243.84,23.82,0.83
2026-04-22T08:00:00Z,1.5433341,320,22,19,1016,10000,Sem Info,Few,1219.2,23.747,0.83
2026-04-22T09:00:00Z,1.5433341,350,21,18,1017,8000,Sem Info,Broken,1219.2,23.672,0.83
2026-04-22T10:00:00Z,1.0288894,40,22,19,1017,9000,Sem Info,Scattered,1371.6,23.634,0.83
2026-04-22T11:00:00Z,2.0577788,40,23,19,1018,9000,Sem Info,No,0.0,23.641,0.78
2026-04-22T12:00:00Z,2.5722235,50,24,20,1018,9000,Sem Info,Few,335.28,23.762,0.78
2026-04-22T13:00:00Z,2.5722235,10,25,20,1018,10000,Sem Info,Few,335.28,23.946,0.74
2026-04-22T14:00:00Z,1.5433341,100,27,18,1017,10000,Sem Info,Few,396.24,24.22,0.58
2026-04-22T15:00:00Z,3.0866682,120,28,18,1016,10000,Sem Info,Few,1005.84,24.695,0.55
2026-04-22T16:00:00Z,2.5722235,150,29,17,1015,10000,Sem Info,Few,1005.84,24.918,0.48
2026-04-22T17:00:00Z,4.6300023,130,28,19,1015,10000,Sem Info,Few,914.4,24.965,0.58
2026-04-22T18:00:00Z,6.6877811,130,27,18,1014,10000,Sem Info,Few,914.4,24.993,0.58
2026-04-22T19:00:00Z,6.1733364,140,26,19,1015,10000,Sem Info,Few,914.4,24.987,0.65
2026-04-22T20:00:00Z,6.1733364,140,25,19,1015,10000,Sem Info,Few,914.4,24.925,0.69
2026-04-22T21:00:00Z,5.6588917,140,24,20,1015,10000,Sem Info,Broken,1219.2,24.834,0.78
2026-04-22T22:00:00Z,5.144447,150,24,20,1017,10000,Sem Info,Broken,1219.2,24.792,0.78
2026-04-22T23:00:00Z,3.6011129,140,24,20,1017,10000,Sem Info,Broken,1219.2,24.717,0.78
2026-04-23T00:00:00Z,2.5722235,140,24,19,1018,10000,Sem Info,Broken,1219.2,24.644,0.74
2026-04-23T01:00:00Z,1.5433341,120,24,18,1018,10000,Sem Info,Broken,1219.2,24.577,0.69
2026-04-23T02:00:00Z,2.0577788,120,23,18,1018,10000,Sem Info,Broken,1219.2,24.516,0.73
2026-04-23T03:00:00Z,1.0288894,90,22,18,1017,10000,Sem Info,Scattered,1219.2,24.454,0.78
2026-04-23T04:00:00Z,1.0288894,90,22,18,1017,10000,Sem Info,Scattered,1219.2,24.393,0.78
2026-04-23T05:00:00Z,1.0288894,100,22,18,1017,10000,Sem Info,Scattered,1219.2,24.329,0.78
2026-04-23T06:00:00Z,1.0288894,100,21,18,1017,10000,Sem Info,Few,1219.2,24.263,0.83
2026-04-23T07:00:00Z,1.0288894,100,21,19,1016,10000,Sem Info,Few,1219.2,24.199,0.88
2026-04-23T08:00:00Z,1.0288894,120,21,19,1017,10000,Sem Info,Few,1219.2,24.134,0.88
2026-04-23T09:00:00Z,1.5433341,20,21,19,1017,10000,Sem Info,Few,274.32,24.081,0.88
2026-04-23T10:00:00Z,2.0577788,330,22,20,1018,9000,Sem Info,Scattered,1219.2,24.041,0.88
2026-04-23T11:00:00Z,1.0288894,320,24,20,1018,9000,Sem Info,Few,1219.2,24.038,0.78
2026-04-23T12:00:00Z,0.5144447,190,26,19,1019,9000,Sem Info,Few,1219.2,24.173,0.65
2026-04-23T13:00:00Z,1.5433341,340,27,19,1019,10000,Sem Info,Few,1219.2,24.343,0.62
2026-04-23T14:00:00Z,1.5433341,60,28,20,1019,10000,Sem Info,Few,1219.2,24.534,0.62
2026-04-23T15:00:00Z,3.0866682,130,29,18,1018,10000,Sem Info,Few,1219.2,24.694,0.52
2026-04-23T16:00:00Z,3.6011129,120,29,19,1017,10000,Sem Info,Few,1219.2,24.774,0.55
2026-04-23T17:00:00Z,5.144447,130,28,20,1016,10000,Sem Info,Few,1219.2,24.802,0.62
2026-04-23T18:00:00Z,5.6588917,130,28,19,1016,10000,Sem Info,Few,1219.2,24.759,0.58
2026-04-23T19:00:00Z,5.6588917,130,27,18,1016,10000,Sem Info,Few,1219.2,24.753,0.58
2026-04-23T20:00:00Z,5.144447,140,26,19,1016,10000,Sem Info,Few,1219.2,24.715,0.65
2026-04-23T21:00:00Z,5.144447,140,25,19,1016,10000,Sem Info,Few,1310.64,24.64,0.69
2026-04-23T22:00:00Z,4.1155576,140,24,19,1017,10000,Sem Info,No,0.0,24.577,0.74
2026-04-23T23:00:00Z,2.5722235,140,24,19,1018,10000,Sem Info,No,0.0,24.512,0.74
2026-04-24T00:00:00Z,2.0577788,130,24,19,1018,10000,Sem Info,No,0.0,24.444,0.74
2026-04-24T01:00:00Z,2.5722235,140,23,19,1018,10000,Sem Info,No,0.0,24.378,0.78
2026-04-24T02:00:00Z,2.0577788,130,23,19,1018,10000,Sem Info,No,0.0,24.313,0.78
2026-04-24T03:00:00Z,1.5433341,110,22,19,1018,10000,Sem Info,No,0.0,24.251,0.83
2026-04-24T04:00:00Z,2.0577788,120,22,19,1018,10000,Sem Info,No,0.0,24.189,0.83
2026-04-24T05:00:00Z,0.0,0,21,19,1017,10000,Sem Info,No,0.0,24.125,0.88
2026-04-24T06:00:00Z,0.5144447,100,20,18,1017,10000,Sem Info,No,0.0,24.058,0.88
2026-04-24T07:00:00Z,1.0288894,70,20,18,1017,10000,Sem Info,No,0.0,23.989,0.88
2026-04-24T08:00:00Z,1.0288894,30,20,18,1017,10000,Sem Info,No,0.0,23.918,0.88
2026-04-24T09:00:00Z,1.5433341,10,21,20,1018,7000,Sem Info,No,0.0,23.844,0.94
2026-04-24T10:00:00Z,1.5433341,330,21,20,1018,8000,Sem Info,No,0.0,23.78,0.94
2026-04-24T11:00:00Z,1.5433341,20,23,20,1019,8000,Sem Info,No,0.0,23.783,0.83
2026-04-24T12:00:00Z,4.1155576,20,25,20,1019,10000,Sem Info,Few,243.84,23.886,0.74
2026-04-24T13:00:00Z,2.0577788,360,26,20,1019,10000,Sem Info,Few,243.84,24.036,0.7
2026-04-24T14:00:00Z,2.0577788,350,29,18,1018,10000,Sem Info,Few,243.84,24.261,0.52
2026-04-24T15:00:00Z,2.5722235,350,29,18,1017,10000,Sem Info,Few,243.84,24.471,0.52
2026-04-24T16:00:00Z,3.6011129,30,29,18,1016,10000,Sem Info,Few,243.84,24.653,0.52
2026-04-24T17:00:00Z,5.144447,120,29,20,1015,10000,Sem Info,Few,914.4,24.773,0.58
2026-04-24T18:00:00Z,5.6588917,130,28,20,1014,10000,Sem Info,Few,914.4,24.832,0.62
2026-04-24T19:00:00Z,5.144447,140,28,20,1014,10000,Sem Info,Few,914.4,24.829,0.62
2026-04-24T20:00:00Z,4.6300023,140,27,20,1014,10000,Sem Info,Few,914.4,24.812,0.66
2026-04-24T21:00:00Z,4.1155576,140,26,20,1014,10000,Sem Info,Few,914.4,24.75,0.7
2026-04-24T22:00:00Z,3.0866682,140,25,20,1015,10000,Sem Info,No,0.0,24.675,0.74
2026-04-24T23:00:00Z,3.0866682,120,25,21,1015,10000,Sem Info,No,0.0,24.612,0.78
2026-04-25T00:00:00Z,2.0577788,100,24,20,1015,10000,Sem Info,No,0.0,24.551,0.78
2026-04-25T01:00:00Z,2.0577788,100,23,20,1015,10000,Sem Info,No,0.0,24.491,0.83
2026-04-25T02:00:00Z,2.0577788,100,23,20,1015,10000,Sem Info,No,0.0,24.43,0.83
2026-04-25T03:00:00Z,1.0288894,80,23,20,1014,10000,Sem Info,No,0.0,24.362,0.83
2026-04-25T04:00:00Z,0.5144447,70,22,20,1014,10000,Sem Info,No,0.0,24.287,0.88
2026-04-25T05:00:00Z,1.0288894,60,21,19,1013,10000,Sem Info,No,0.0,24.205,0.88
2026-04-25T06:00:00Z,1.0288894,70,22,20,1013,10000,Sem Info,No,0.0,24.116,0.88
2026-04-25T07:00:00Z,2.0577788,70,21,19,1013,10000,Sem Info,No,0.0,24.021,0.88
2026-04-25T08:00:00Z,1.5433341,80,22,20,1013,10000,Sem Info,No,0.0,23.921,0.88
2026-04-25T09:00:00Z,0.5144447,70,22,20,1013,10000,Sem Info,Few,213.36,23.816,0.88
2026-04-25T10:00:00Z,1.5433341,90,22,21,1013,10000,Sem Info,Few,243.84,23.725,0.94
2026-04-25T11:00:00Z,1.0288894,80,24,21,1014,10000,Sem Info,Few,243.84,23.705,0.83
2026-04-25T12:00:00Z,1.0288894,80,24,21,1014,10000,Sem Info,Few,243.84,23.755,0.83
2026-04-25T13:00:00Z,1.0288894,360,29,22,1014,10000,Sem Info,No,0.0,23.829,0.66
2026-04-25T14:00:00Z,1.5433341,360,30,20,1013,10000,Sem Info,No,0.0,23.919,0.55
2026-04-25T15:00:00Z,1.0288894,80,32,20,1012,10000,Sem Info,No,0.0,24.018,0.49
2026-04-25T16:00:00Z,4.1155576,330,33,17,1011,10000,Sem Info,No,0.0,24.138,0.38
2026-04-25T17:00:00Z,4.1155576,300,34,16,1010,10000,Sem Info,Few,762.0,24.289,0.34
2026-04-25T18:00:00Z,3.6011129,270,34,17,1009,10000,Sem Info,Few,762.0,24.426,0.36
2026-04-25T19:00:00Z,4.1155576,120,32,20,1010,10000,Sem Info,Few,762.0,24.498,0.49
2026-04-25T20:00:00Z,3.6011129,120,30,19,1010,10000,Sem Info,Few,762.0,24.515,0.52
2026-04-25T21:00:00Z,3.0866682,130,28,19,1010,10000,Sem Info,Few,762.0,24.496,0.58
2026-04-25T22:00:00Z,3.6011129,130,27,19,1010,10000,Sem Info,No,0.0,24.56,0.62
2026-04-25T23:00:00Z,1.0288894,130,27,21,1011,10000,Sem Info,No,0.0,24.516,0.7
2026-04-26T00:00:00Z,0.5144447,130,26,21,1011,10000,Sem Info,No,0.0,24.461,0.74
2026-04-26T01:00:00Z,1.0288894,130,24,21,1011,10000,Sem Info,No,0.0,24.395,0.83
2026-04-26T02:00:00Z,1.0288894,130,24,21,1011,10000,Sem Info,No,0.0,24.325,0.83
2026-04-26T03:00:00Z,1.5433341,80,24,20,1011,10000,Sem Info,No,0.0,24.251,0.78
2026-04-26T04:00:00Z,1.5433341,70,23,20,1010,10000,Sem Info,No,0.0,24.173,0.83
2026-04-26T05:00:00Z,1.5433341,70,23,20,1010,10000,Sem Info,No,0.0,24.09,0.83
2026-04-26T06:00:00Z,1.5433341,110,22,20,1010,10000,Sem Info,No,0.0,24.007,0.88
2026-04-26T07:00:00Z,1.5433341,80,22,20,1010,10000,Sem Info,No,0.0,23.923,0.88
2026-04-26T08:00:00Z,2.0577788,60,22,20,1010,10000,Sem Info,No,0.0,23.84,0.88
2026-04-26T09:00:00Z,1.0288894,60,22,20,1011,10000,Sem Info,No,0.0,23.758,0.88
2026-04-26T10:00:00Z,0.0,0,23,20,1011,10000,Sem Info,No,0.0,23.685,0.83
2026-04-26T11:00:00Z,0.0,0,26,21,1012,10000,Sem Info,No,0.0,23.695,0.74
2026-04-26T12:00:00Z,0.5144447,0,29,20,1012,10000,Sem Info,No,0.0,23.785,0.58
2026-04-26T13:00:00Z,2.0577788,330,30,20,1012,10000,Sem Info,No,0.0,23.905,0.55
2026-04-26T14:00:00Z,1.0288894,330,33,20,1011,10000,Sem Info,No,0.0,24.047,0.46
2026-04-26T15:00:00Z,1.5433341,330,34,19,1010,10000,Sem Info,No,0.0,24.198,0.41
2026-04-26T16:00:00Z,2.0577788,350,35,19,1009,10000,Sem Info,No,0.0,24.363,0.39
2026-04-26T17:00:00Z,2.0577788,360,34,19,1009,10000,Sem Info,No,0.0,24.55,0.41
2026-04-26T18:00:00Z,2.0577788,50,35,18,1008,10000,Sem Info,No,0.0,24.758,0.37
2026-04-26T19:00:00Z,4.6300023,120,31,19,1009,10000,Sem Info,No,0.0,24.977,0.49
2026-04-26T20:00:00Z,4.6300023,130,29,21,1009,10000,Sem Info,No,0.0,25.042,0.62
2026-04-26T21:00:00Z,4.1155576,140,28,21,1009,10000,Sem Info,No,0.0,25.024,0.66
2026-04-26T22:00:00Z,3.0866682,130,28,21,1010,10000,Sem Info,No,0.0,24.976,0.66
2026-04-26T23:00:00Z,2.5722235,140,27,21,1010,10000,Sem Info,No,0.0,24.944,0.7
2026-04-27T00:00:00Z,1.0288894,130,26,21,1011,10000,Sem Info,No,0.0,24.905,0.74
2026-04-27T01:00:00Z,1.5433341,140,26,21,1010,10000,Sem Info,No,0.0,24.858,0.74
2026-04-27T02:00:00Z,3.0866682,150,25,20,1010,10000,Sem Info,No,0.0,24.801,0.74
2026-04-27T03:00:00Z,1.0288894,90,23,20,1009,10000,Sem Info,No,0.0,24.74,0.83
2026-04-27T04:00:00Z,1.0288894,100,24,21,1010,10000,Sem Info,No,0.0,24.672,0.83
2026-04-27T05:00:00Z,1.0288894,70,24,20,1010,10000,Sem Info,No,0.0,24.6,0.78
2026-04-27T06:00:00Z,1.0288894,90,23,20,1009,10000,Sem Info,No,0.0,24.524,0.83
2026-04-27T07:00:00Z,2.5722235,60,22,20,1009,10000,Sem Info,No,0.0,24.445,0.88
2026-04-27T08:00:00Z,1.5433341,60,23,20,1009,10000,Sem Info,No,0.0,24.364,0.83
2026-04-27T09:00:00Z,1.0288894,30,23,21,1010,8000,Sem Info,Few,243.84,24.282,0.89
2026-04-27T10:00:00Z,1.0288894,240,24,22,1011,8000,Sem Info,Few,243.84,24.193,0.89
2026-04-27T11:00:00Z,4.1155576,250,29,21,1012,9000,Sem Info,Few,243.84,24.196,0.62
2026-04-27T12:00:00Z,2.0577788,290,31,21,1012,10000,Sem Info,No,0.0,24.294,0.55
2026-04-27T13:00:00Z,1.5433341,300,32,21,1012,10000,Sem Info,No,0.0,24.445,0.52
2026-04-27T14:00:00Z,1.5433341,320,33,21,1011,9000,Sem Info,No,0.0,24.599,0.49
2026-04-27T15:00:00Z,1.5433341,360,35,20,1010,9000,Sem Info,No,0.0,24.741,0.42
2026-04-27T16:00:00Z,2.0577788,20,35,20,1009,10000,Sem Info,Few,609.6,24.895,0.42
2026-04-27T17:00:00Z,5.144447,130,33,22,1009,10000,Sem Info,Few,609.6,25.089,0.53
2026-04-27T18:00:00Z,6.1733364,230,32,23,1010,10000,Sem Info,Few,609.6,25.279,0.59
2026-04-27T19:00:00Z,4.6300023,250,31,23,1010,10000,Sem Info,Few,609.6,25.285,0.62
2026-04-27T20:00:00Z,3.6011129,120,28,23,1011,10000,Sem Info,Few,609.6,25.279,0.74
2026-04-27T21:00:00Z,4.1155576,230,28,22,1012,10000,Sem Info,Scattered,701.04,25.236,0.7
2026-04-27T22:00:00Z,3.0866682,100,27,23,1013,10000,Sem Info,Scattered,762.0,25.133,0.79
2026-04-27T23:00:00Z,2.5722235,130,27,23,1014,10000,Sem Info,Broken,762.0,25.098,0.79
2026-04-28T00:00:00Z,3.6011129,130,27,23,1014,10000,Sem Info,Broken,762.0,25.066,0.79
2026-04-28T01:00:00Z,3.6011129,130,26,23,1015,10000,Sem Info,Broken,762.0,25.036,0.84
2026-04-28T02:00:00Z,3.6011129,130,26,23,1015,10000,Sem Info,Broken,762.0,25.007,0.84
2026-04-28T03:00:00Z,3.6011129,130,26,23,1014,10000,Sem Info,Broken,762.0,24.979,0.84
2026-04-28T04:00:00Z,2.5722235,130,26,23,1014,10000,Sem Info,Broken,762.0,24.952,0.84
2026-04-28T05:00:00Z,3.0866682,100,26,23,1013,10000,Sem Info,Broken,762.0,24.922,0.84
2026-04-28T06:00:00Z,2.5722235,140,26,23,1013,10000,Sem Info,Broken,762.0,24.889,0.84
2026-04-28T07:00:00Z,2.0577788,120,25,23,1013,10000,Sem Info,Broken,762.0,24.862,0.89
2026-04-28T08:00:00Z,2.0577788,130,25,23,1013,10000,Sem Info,Broken,762.0,24.839,0.89
2026-04-28T09:00:00Z,2.0577788,130,26,23,1014,10000,Sem Info,Few,457.2,24.812,0.84
2026-04-28T10:00:00Z,2.5722235,140,26,23,1015,10000,Sem Info,Few,457.2,24.79,0.84
2026-04-28T11:00:00Z,2.5722235,110,26,23,1015,10000,Sem Info,Scattered,792.48,24.856,0.84
2026-04-28T12:00:00Z,2.5722235,130,27,23,1016,10000,Sem Info,Scattered,609.6,25.006,0.79
2026-04-28T12:13:00Z,2.5722235,120,27,23,1016,10000,Sem Info,Broken,304.8,26.728,0.79
2026-04-28T13:00:00Z,3.0866682,130,28,23,1016,10000,Sem Info,Scattered,396.24,25.196,0.74
2026-04-28T14:00:00Z,4.6300023,130,28,23,1016,10000,Sem Info,Scattered,396.24,25.412,0.74
2026-04-28T15:00:00Z,5.144447,130,28,23,1015,10000,Sem Info,Scattered,396.24,25.634,0.74
2026-04-28T16:00:00Z,5.144447,140,28,23,1014,10000,Sem Info,Scattered,609.6,25.781,0.74
2026-04-28T17:00:00Z,5.6588917,140,29,23,1013,10000,Sem Info,Scattered,1005.84,25.847,0.7
2026-04-28T18:00:00Z,6.1733364,130,28,23,1013,10000,Sem Info,Scattered,792.48,25.859,0.74
2026-04-28T19:00:00Z,4.6300023,140,28,23,1013,10000,Sem Info,Few,1005.84,25.814,0.74
2026-04-28T20:00:00Z,4.1155576,140,27,23,1013,10000,Sem Info,Few,1005.84,25.8,0.79
2026-04-28T21:00:00Z,4.1155576,150,26,23,1013,10000,Sem Info,Scattered,1005.84,25.76,0.84
2026-04-28T22:00:00Z,3.0866682,140,26,23,1013,10000,Sem Info,Scattered,1005.84,25.713,0.84
2026-04-28T23:00:00Z,1.5433341,120,26,23,1014,10000,Sem Info,Few,609.6,25.67,0.84
2026-04-29T00:00:00Z,2.0577788,130,25,23,1014,10000,Sem Info,Scattered,609.6,25.627,0.89
2026-04-29T01:00:00Z,1.0288894,120,26,23,1014,10000,Sem Info,Few,609.6,25.584,0.84
2026-04-29T02:00:00Z,1.5433341,100,25,23,1014,10000,Sem Info,Few,609.6,25.545,0.89
2026-04-29T03:00:00Z,1.0288894,100,25,23,1014,10000,Sem Info,Few,518.16,25.504,0.89
2026-04-29T04:00:00Z,1.5433341,150,24,23,1013,9000,Sem Info,Few,457.2,25.46,0.94
2026-04-29T05:00:00Z,0.5144447,150,24,23,1013,8000,Sem Info,Few,457.2,25.413,0.94
2026-04-29T06:00:00Z,1.0288894,150,24,22,1013,7000,Sem Info,Few,457.2,25.359,0.89
2026-04-29T07:00:00Z,2.0577788,60,23,22,1013,5000,Mist (French: Brume),Few,457.2,25.298,0.94
2026-04-29T07:36:00Z,2.5722235,350,24,23,1013,2000,Mist (French: Brume),Few,152.4,23.761,0.94
2026-04-29T08:00:00Z,2.0577788,330,24,23,1013,2000,Mist (French: Brume),Few,121.92,25.232,0.94
2026-04-29T08:41:00Z,1.5433341,310,24,23,1013,4000,Mist (French: Brume),Few,121.92,23.902,0.94
2026-04-29T09:00:00Z,1.0288894,310,24,23,1013,4000,Mist (French: Brume),Few,121.92,25.164,0.94
2026-04-29T10:00:00Z,1.5433341,60,24,23,1014,4000,Mist (French: Brume),Few,121.92,25.126,0.94
2026-04-29T11:00:00Z,1.0288894,60,26,23,1014,4000,Mist (French: Brume),Few,121.92,25.297,0.84
2026-04-29T12:00:00Z,1.5433341,160,27,24,1014,3000,Mist (French: Brume),Few,121.92,25.54,0.84
2026-04-29T13:00:00Z,3.0866682,330,28,24,1014,4000,Haze,Few,121.92,25.75,0.79
2026-04-29T14:00:00Z,2.5722235,140,30,24,1013,5000,Haze,Few,121.92,25.934,0.7
2026-04-29T15:00:00Z,3.6011129,30,30,24,1013,6000,Sem Info,No,0.0,26.125,0.7
2026-04-29T16:00:00Z,2.5722235,150,32,22,1012,7000,Sem Info,No,0.0,26.362,0.56
2026-04-29T17:00:00Z,4.6300023,110,32,25,1011,8000,Sem Info,No,0.0,26.563,0.67
2026-04-29T18:00:00Z,3.6011129,160,31,25,1010,9000,Sem Info,No,0.0,26.672,0.7
2026-04-29T19:00:00Z,4.1155576,130,29,23,1011,10000,Sem Info,No,0.0,26.643,0.7
2026-04-29T20:00:00Z,4.1155576,130,28,23,1012,10000,Sem Info,No,0.0,26.619,0.74
2026-04-29T21:00:00Z,2.5722235,280,27,23,1012,10000,Sem Info,No,0.0,26.573,0.79
2026-04-29T22:00:00Z,6.1733364,220,27,23,1014,9000,Sem Info,Scattered,396.24,26.504,0.79
2026-04-29T23:00:00Z,5.6588917,230,26,23,1014,8000,Sem Info,Scattered,457.2,26.458,0.84
2026-04-30T00:00:00Z,5.144447,230,26,23,1015,10000,Light intensity: Rain,Scattered,670.56,26.412,0.84
2026-04-30T01:00:00Z,5.6588917,230,26,22,1015,8000,Sem Info,Scattered,670.56,26.357,0.79
2026-04-30T02:00:00Z,4.1155576,230,26,22,1015,10000,Sem Info,Scattered,670.56,26.305,0.79
2026-04-30T03:00:00Z,3.6011129,250,27,22,1015,10000,Sem Info,Scattered,670.56,26.25,0.74
2026-04-30T04:00:00Z,3.0866682,240,26,22,1015,10000,Sem Info,Scattered,670.56,26.192,0.79
2026-04-30T05:00:00Z,4.6300023,260,25,21,1014,10000,Sem Info,Broken,548.64,26.134,0.78
2026-04-30T06:00:00Z,5.144447,260,24,21,1015,10000,Sem Info,Scattered,548.64,26.078,0.83
2026-04-30T07:00:00Z,3.6011129,280,24,21,1015,10000,Sem Info,Scattered,548.64,26.028,0.83
2026-04-30T08:00:00Z,4.6300023,270,24,21,1015,10000,Sem Info,Few,426.72,25.974,0.83
2026-04-30T09:00:00Z,2.5722235,270,24,21,1015,10000,Sem Info,Few,426.72,25.919,0.83
2026-04-30T10:00:00Z,3.0866682,310,24,21,1016,10000,Sem Info,Few,426.72,25.818,0.83
2026-04-30T11:00:00Z,2.0577788,290,26,21,1016,10000,Sem Info,Few,426.72,25.811,0.74
2026-04-30T12:00:00Z,1.5433341,200,27,21,1015,10000,Sem Info,No,0.0,25.843,0.7
2026-04-30T13:00:00Z,1.0288894,330,29,21,1015,10000,Sem Info,No,0.0,25.956,0.62
2026-04-30T14:00:00Z,2.5722235,220,29,21,1015,10000,Sem Info,No,0.0,26.108,0.62
2026-04-30T15:00:00Z,3.0866682,270,31,22,1014,10000,Sem Info,No,0.0,26.363,0.59
2026-04-30T16:00:00Z,6.1733364,120,29,22,1014,10000,Sem Info,Few,670.56,26.677,0.66
2026-04-30T17:00:00Z,6.6877811,130,28,22,1013,10000,Sem Info,Few,670.56,26.768,0.7
2026-04-30T18:00:00Z,7.2022258,140,28,21,1013,10000,Sem Info,Few,670.56,26.769,0.66
2026-04-30T19:00:00Z,6.1733364,140,27,21,1013,10000,Sem Info,Few,609.6,26.681,0.7
2026-04-30T20:00:00Z,4.6300023,140,26,21,1014,10000,Sem Info,Scattered,609.6,26.648,0.74
2026-04-30T21:00:00Z,4.6300023,140,26,21,1015,10000,Sem Info,Broken,548.64,26.575,0.74
2026-04-30T22:00:00Z,2.5722235,140,26,21,1016,10000,Sem Info,Broken,518.16,26.471,0.74
2026-04-30T23:00:00Z,1.5433341,210,26,22,1017,10000,Sem Info,Few,518.16,26.396,0.79
2026-05-01T00:00:00Z,2.0577788,240,26,22,1017,10000,Sem Info,Few,457.2,26.325,0.79
2026-05-01T01:00:00Z,2.0577788,110,26,22,1017,10000,Sem Info,Few,457.2,26.256,0.79
2026-05-01T02:00:00Z,3.0866682,130,25,23,1018,9000,Light intensity: Rain,Few,457.2,26.188,0.89
2026-05-01T03:00:00Z,1.5433341,100,25,23,1017,9000,Light intensity: Rain,Few,457.2,26.12,0.89
2026-05-01T04:00:00Z,1.0288894,80,25,23,1017,10000,Sem Info,Broken,518.16,26.052,0.89
2026-05-01T05:00:00Z,0.0,0,25,23,1017,10000,Sem Info,Few,335.28,25.988,0.89
2026-05-01T06:00:00Z,2.0577788,330,24,23,1016,8000,Sem Info,Few,152.4,25.922,0.94
2026-05-01T07:00:00Z,2.5722235,330,24,23,1016,8000,Light intensity: Rain,Scattered,121.92,25.862,0.94
2026-05-01T08:00:00Z,1.5433341,330,24,22,1017,8000,Sem Info,Few,121.92,25.801,0.89
2026-05-01T08:38:00Z,1.0288894,330,24,23,1017,9000,Sem Info,Few,121.92,24.087,0.94
2026-05-01T09:00:00Z,1.0288894,330,24,23,1017,9000,Sem Info,Few,121.92,25.742,0.94
2026-05-01T10:00:00Z,0.0,0,24,23,1018,9000,Sem Info,Few,121.92,25.703,0.94
2026-05-01T11:00:00Z,1.0288894,330,24,23,1019,9000,Sem Info,Few,121.92,25.676,0.94
2026-05-01T12:00:00Z,1.0288894,160,25,23,1019,8000,Light intensity: Rain,Broken,213.36,25.739,0.89
2026-05-01T13:00:00Z,1.0288894,160,26,23,1020,8000,Sem Info,Few,274.32,25.798,0.84
2026-05-01T14:00:00Z,1.0288894,360,28,22,1019,9000,Sem Info,Few,487.68,25.865,0.7
2026-05-01T15:00:00Z,1.5433341,310,29,23,1018,10000,Sem Info,Few,670.56,25.931,0.7
2026-05-01T16:00:00Z,1.5433341,140,29,22,1018,10000,Sem Info,Few,731.52,25.985,0.66
2026-05-01T17:00:00Z,5.6588917,130,28,23,1017,10000,Sem Info,Few,731.52,26.031,0.74
2026-05-01T18:00:00Z,5.6588917,130,27,23,1016,10000,Sem Info,Few,731.52,26.029,0.79
2026-05-01T19:00:00Z,5.144447,140,26,23,1016,10000,Sem Info,Few,731.52,25.987,0.84
2026-05-01T20:00:00Z,4.1155576,150,25,23,1017,10000,Sem Info,Few,731.52,25.954,0.89
2026-05-01T21:00:00Z,4.1155576,150,25,23,1017,10000,Sem Info,Few,731.52,25.902,0.89
2026-05-01T22:00:00Z,3.0866682,140,25,23,1017,10000,Sem Info,Few,243.84,25.871,0.89
2026-05-01T23:00:00Z,1.5433341,110,25,23,1017,10000,Sem Info,Few,1219.2,25.815,0.89
2026-05-02T00:00:00Z,1.5433341,130,24,23,1018,10000,Sem Info,Few,914.4,25.755,0.94
2026-05-02T01:00:00Z,2.0577788,130,24,23,1017,10000,Sem Info,Few,914.4,25.695,0.94
2026-05-02T02:00:00Z,1.5433341,120,24,22,1017,10000,Sem Info,Few,914.4,25.638,0.89
2026-05-02T03:00:00Z,1.0288894,130,24,22,1016,10000,Sem Info,Few,914.4,25.577,0.89
2026-05-02T04:00:00Z,1.5433341,70,23,22,1015,10000,Sem Info,Few,914.4,25.511,0.94
2026-05-02T05:00:00Z,1.0288894,110,24,22,1015,10000,Sem Info,Few,914.4,25.438,0.89
2026-05-02T06:00:00Z,1.0288894,110,24,22,1014,8000,Sem Info,Few,914.4,25.358,0.89
2026-05-02T07:00:00Z,1.5433341,140,23,22,1014,8000,Sem Info,Few,914.4,25.269,0.94
2026-05-02T08:00:00Z,1.5433341,120,23,21,1014,8000,Sem Info,Few,914.4,25.178,0.89
2026-05-02T09:00:00Z,1.5433341,90,22,21,1015,8000,Sem Info,Few,914.4,25.079,0.94
2026-05-02T10:00:00Z,1.0288894,360,23,22,1015,7000,Sem Info,Scattered,457.2,24.999,0.94
2026-05-02T11:00:00Z,1.0288894,360,25,22,1016,7000,Sem Info,Scattered,457.2,24.981,0.83
2026-05-02T12:00:00Z,2.5722235,360,26,22,1016,8000,Sem Info,Scattered,457.2,25.033,0.79
2026-05-02T13:00:00Z,1.5433341,350,28,22,1016,8000,Sem Info,Scattered,457.2,25.104,0.7
2026-05-02T14:00:00Z,2.0577788,350,30,22,1015,10000,Sem Info,Few,914.4,25.185,0.62
2026-05-02T15:00:00Z,5.144447,300,33,18,1014,10000,Sem Info,Few,914.4,25.259,0.41
2026-05-02T16:00:00Z,5.144447,280,34,19,1014,10000,Sem Info,Few,914.4,25.363,0.41
2026-05-02T17:00:00Z,3.6011129,290,34,17,1013,10000,Sem Info,Few,914.4,25.479,0.36
2026-05-02T18:00:00Z,3.0866682,160,31,21,1013,10000,Sem Info,Few,914.4,25.542,0.55
2026-05-02T19:00:00Z,3.6011129,130,29,22,1014,10000,Sem Info,Few,914.4,25.583,0.66
2026-05-02T20:00:00Z,2.0577788,130,28,23,1014,10000,Sem Info,Few,1066.8,25.624,0.74
2026-05-02T20:15:00Z,9.2600046,210,29,18,1015,10000,Sem Info,Few,762.0,29.133,0.52
2026-05-02T21:00:00Z,8.7455599,210,27,21,1015,10000,Sem Info,Few,762.0,25.606,0.7
2026-05-02T22:00:00Z,5.144447,230,27,21,1015,10000,Sem Info,Few,1219.2,25.614,0.7
2026-05-02T23:00:00Z,3.0866682,290,26,21,1016,10000,Sem Info,Few,914.4,25.585,0.74
2026-05-03T00:00:00Z,4.6300023,330,26,22,1016,10000,Sem Info,Few,914.4,25.556,0.79
2026-05-03T01:00:00Z,1.0288894,250,26,21,1016,10000,Sem Info,Few,914.4,25.522,0.74
2026-05-03T02:00:00Z,1.5433341,100,26,21,1016,10000,Sem Info,Few,914.4,25.486,0.74
2026-05-03T03:00:00Z,1.5433341,20,26,22,1016,10000,Sem Info,No,0.0,25.452,0.79
2026-05-03T04:00:00Z,1.0288894,300,25,22,1016,10000,Sem Info,No,0.0,25.419,0.83
2026-05-03T05:00:00Z,3.0866682,210,26,19,1016,10000,Sem Info,No,0.0,25.38,0.65
2026-05-03T06:00:00Z,3.6011129,230,26,19,1016,10000,Sem Info,Few,914.4,25.333,0.65
2026-05-03T07:00:00Z,3.6011129,250,25,20,1016,10000,Sem Info,Few,914.4,25.282,0.74
2026-05-03T08:00:00Z,3.0866682,220,24,20,1016,9000,Light intensity: Rain,Scattered,762.0,25.227,0.78
2026-05-03T09:00:00Z,0.5144447,200,23,21,1017,10000,Sem Info,Broken,609.6,25.167,0.89
2026-05-03T10:00:00Z,1.5433341,310,24,21,1018,2500,Light intensity: Rain,Few,304.8,25.067,0.83
2026-05-03T10:31:00Z,2.0577788,170,23,21,1018,3000,Light intensity: Rain,Few,213.36,22.903,0.89
2026-05-03T11:00:00Z,0.5144447,170,23,22,1018,4000,Light intensity: Rain,Few,213.36,25.013,0.94
2026-05-03T12:00:00Z,1.0288894,170,24,21,1020,9000,Light intensity: Rain,Few,365.76,24.983,0.83
2026-05-03T12:29:00Z,2.5722235,130,23,21,1020,2500,Rain,Scattered,365.76,23.149,0.89
2026-05-03T13:00:00Z,2.5722235,120,23,21,1020,8000,Light intensity: Rain,Few,365.76,24.981,0.89
2026-05-03T14:00:00Z,2.0577788,140,23,21,1020,8000,Light intensity: Rain,Few,457.2,24.942,0.89
2026-05-03T15:00:00Z,1.5433341,340,24,20,1020,9000,Sem Info,Few,609.6,24.902,0.78
2026-05-03T15:08:00Z,1.5433341,300,24,20,1020,8000,Rain,Few,609.6,24.32,0.78
2026-05-03T15:28:00Z,2.0577788,280,23,21,1019,8000,Light intensity: Rain,Scattered,609.6,23.145,0.89
2026-05-03T16:00:00Z,2.0577788,150,24,19,1019,8000,Light intensity: Rain,Few,274.32,24.86,0.74
2026-05-03T17:00:00Z,1.0288894,150,24,20,1019,10000,Sem Info,Few,609.6,24.828,0.78
2026-05-03T18:00:00Z,1.5433341,240,24,18,1019,10000,Sem Info,Few,609.6,24.767,0.69
2026-05-03T18:38:00Z,3.6011129,260,23,19,1019,4500,Rain,Scattered,274.32,23.159,0.78
2026-05-03T19:00:00Z,4.6300023,140,22,19,1019,3000,Rain,Scattered,274.32,24.702,0.83
2026-05-03T19:35:00Z,2.5722235,120,21,19,1020,8000,Light intensity: Rain,Few,274.32,21.323,0.88
2026-05-03T20:00:00Z,1.0288894,120,21,19,1020,9000,Recent: Rain,Few,213.36,24.627,0.88
2026-05-03T21:00:00Z,1.0288894,120,21,19,1020,10000,Sem Info,Few,609.6,24.549,0.88
2026-05-03T22:00:00Z,3.0866682,330,21,19,1021,10000,Sem Info,Few,243.84,24.515,0.88
2026-05-03T23:00:00Z,2.5722235,290,21,18,1021,10000,Sem Info,Scattered,396.24,24.452,0.83
2026-05-03T23:15:00Z,4.6300023,140,21,19,1021,5000,Light intensity: Rain,Broken,396.24,21.292,0.88
2026-05-04T00:00:00Z,2.0577788,10,21,19,1021,8000,Sem Info,Scattered,396.24,24.388,0.88
2026-05-04T01:00:00Z,2.5722235,330,20,19,1021,8000,Sem Info,Scattered,396.24,24.324,0.94
2026-05-04T02:00:00Z,2.0577788,360,21,19,1021,8000,Sem Info,Scattered,213.36,24.256,0.88
2026-05-04T03:00:00Z,2.5722235,310,20,19,1021,8000,Sem Info,Scattered,274.32,24.19,0.94
2026-05-04T04:00:00Z,2.0577788,360,20,19,1021,8000,Sem Info,Scattered,243.84,24.116,0.94
2026-05-04T05:00:00Z,2.5722235,340,20,19,1020,8000,Sem Info,Scattered,243.84,24.04,0.94
2026-05-04T06:00:00Z,2.5722235,320,20,19,1020,8000,Sem Info,Scattered,243.84,23.965,0.94
2026-05-04T07:00:00Z,2.5722235,360,19,18,1020,8000,Sem Info,Scattered,243.84,23.896,0.94
2026-05-04T08:00:00Z,1.0288894,100,19,18,1020,8000,Sem Info,Few,335.28,23.824,0.94
2026-05-04T09:00:00Z,1.0288894,100,20,19,1020,10000,Sem Info,Few,274.32,23.748,0.94
2026-05-04T10:00:00Z,3.6011129,120,20,19,1020,10000,Sem Info,Scattered,274.32,23.688,0.94
2026-05-04T11:00:00Z,2.0577788,90,21,19,1021,10000,Sem Info,Scattered,213.36,23.669,0.88
2026-05-04T12:00:00Z,2.5722235,50,22,19,1021,10000,Sem Info,Few,274.32,23.682,0.83
2026-05-04T13:00:00Z,2.0577788,360,23,19,1022,10000,Sem Info,Few,182.88,23.704,0.78
2026-05-04T14:00:00Z,3.6011129,100,25,17,1021,10000,Sem Info,Scattered,883.92,23.755,0.61
2026-05-04T15:00:00Z,3.6011129,10,26,18,1020,10000,Sem Info,Scattered,1493.52,23.829,0.61
2026-05-04T16:00:00Z,3.0866682,40,27,17,1019,10000,Sem Info,Few,1158.24,23.882,0.54
2026-05-04T17:00:00Z,3.0866682,140,27,18,1019,10000,Sem Info,Scattered,1219.2,23.931,0.58
2026-05-04T18:00:00Z,4.6300023,140,26,17,1018,10000,Sem Info,Few,1219.2,23.961,0.58
2026-05-04T19:00:00Z,3.6011129,130,26,18,1018,10000,Sem Info,No,0.0,23.962,0.61
2026-05-04T20:00:00Z,2.5722235,120,26,18,1018,10000,Sem Info,No,0.0,23.913,0.61
2026-05-04T21:00:00Z,2.0577788,110,24,19,1018,10000,Sem Info,No,0.0,23.831,0.74
2026-05-04T22:00:00Z,4.1155576,100,24,18,1019,10000,Sem Info,No,0.0,23.82,0.69
2026-05-04T23:00:00Z,4.6300023,100,23,17,1020,10000,Sem Info,No,0.0,23.749,0.69
2026-05-05T00:00:00Z,5.144447,90,23,17,1020,10000,Sem Info,No,0.0,23.68,0.69
2026-05-05T01:00:00Z,2.5722235,90,22,17,1020,10000,Sem Info,No,0.0,23.615,0.73
2026-05-05T02:00:00Z,2.0577788,130,21,17,1020,10000,Sem Info,No,0.0,23.551,0.78
2026-05-05T03:00:00Z,1.5433341,110,21,17,1020,10000,Sem Info,No,0.0,23.489,0.78
2026-05-05T04:00:00Z,1.5433341,120,21,17,1020,10000,Sem Info,No,0.0,23.423,0.78
2026-05-05T05:00:00Z,1.0288894,120,20,17,1019,10000,Sem Info,No,0.0,23.357,0.83
2026-05-05T06:00:00Z,1.5433341,130,19,17,1019,10000,Sem Info,No,0.0,23.289,0.88
2026-05-05T07:00:00Z,1.0288894,130,20,18,1019,9000,Sem Info,No,0.0,23.218,0.88
2026-05-05T08:00:00Z,1.0288894,20,19,18,1019,3000,Sem Info,No,0.0,23.146,0.94
2026-05-05T09:00:00Z,0.5144447,310,20,18,1019,8000,Sem Info,Few,274.32,23.069,0.88
2026-05-05T09:34:00Z,1.0288894,310,19,18,1020,300,Mist (French: Brume),Few,274.32,18.8,0.94
2026-05-05T10:00:00Z,1.0288894,60,20,19,1020,300,Patches (French: Bancs) Fog,Few,274.32,22.995,0.94
2026-05-05T11:00:00Z,1.0288894,60,23,19,1020,10000,Sem Info,Few,274.32,23.014,0.78
2026-05-05T12:00:00Z,1.5433341,10,24,19,1021,10000,Sem Info,No,0.0,23.151,0.74
2026-05-05T13:00:00Z,2.5722235,10,25,20,1021,10000,Sem Info,No,0.0,23.336,0.74
2026-05-05T14:00:00Z,1.0288894,10,27,20,1020,10000,Sem Info,No,0.0,23.562,0.66
2026-05-05T15:00:00Z,2.0577788,340,29,19,1019,10000,Sem Info,Few,762.0,23.814,0.55
2026-05-05T16:00:00Z,2.5722235,20,29,19,1019,10000,Sem Info,Few,762.0,24.039,0.55
2026-05-05T17:00:00Z,3.0866682,20,30,19,1018,10000,Sem Info,Few,762.0,24.205,0.52
2026-05-05T18:00:00Z,3.6011129,120,29,19,1018,10000,Sem Info,Few,762.0,24.304,0.55
2026-05-05T19:00:00Z,4.1155576,130,28,20,1018,10000,Sem Info,Few,762.0,24.324,0.62
2026-05-05T20:00:00Z,4.1155576,130,27,20,1018,10000,Sem Info,Few,762.0,24.328,0.66
2026-05-05T21:00:00Z,3.6011129,140,26,21,1018,10000,Sem Info,No,0.0,24.295,0.74
2026-05-05T22:00:00Z,3.0866682,140,25,21,1019,10000,Sem Info,No,0.0,24.274,0.78
2026-05-05T23:00:00Z,2.0577788,110,25,21,1019,10000,Sem Info,No,0.0,24.237,0.78
2026-05-06T00:00:00Z,0.5144447,60,24,20,1020,10000,Sem Info,No,0.0,24.195,0.78
2026-05-06T01:00:00Z,1.5433341,100,23,19,1020,10000,Sem Info,No,0.0,24.151,0.78
2026-05-06T02:00:00Z,1.0288894,100,23,20,1020,10000,Sem Info,No,0.0,24.104,0.83
2026-05-06T03:00:00Z,1.0288894,80,22,19,1020,10000,Sem Info,No,0.0,24.051,0.83
2026-05-06T04:00:00Z,1.5433341,110,21,19,1019,10000,Sem Info,No,0.0,23.993,0.88
2026-05-06T05:00:00Z,0.5144447,90,21,19,1019,10000,Sem Info,No,0.0,23.931,0.88
2026-05-06T06:00:00Z,1.5433341,50,21,19,1019,10000,Sem Info,No,0.0,23.866,0.88
2026-05-06T07:00:00Z,1.5433341,100,21,20,1018,10000,Sem Info,No,0.0,23.797,0.94
2026-05-06T08:00:00Z,1.0288894,100,21,19,1018,10000,Sem Info,No,0.0,23.725,0.88
2026-05-06T09:00:00Z,1.0288894,70,21,19,1019,10000,Sem Info,No,0.0,23.652,0.88
2026-05-06T10:00:00Z,1.5433341,100,21,20,1019,10000,Sem Info,No,0.0,23.582,0.94
2026-05-06T11:00:00Z,1.0288894,40,23,20,1020,10000,Sem Info,Few,609.6,23.616,0.83
2026-05-06T12:00:00Z,0.5144447,300,26,21,1021,10000,Sem Info,No,0.0,23.769,0.74
2026-05-06T13:00:00Z,2.5722235,360,25,21,1021,10000,Sem Info,No,0.0,23.978,0.78
2026-05-06T14:00:00Z,1.5433341,40,28,21,1020,10000,Sem Info,No,0.0,24.218,0.66
2026-05-06T15:00:00Z,3.0866682,200,29,21,1019,10000,Sem Info,Few,762.0,24.425,0.62
2026-05-06T16:00:00Z,2.5722235,120,30,20,1018,10000,Sem Info,Few,762.0,24.58,0.55
2026-05-06T17:00:00Z,4.1155576,110,29,21,1017,10000,Sem Info,Few,914.4,24.686,0.62
2026-05-06T18:00:00Z,4.1155576,130,28,21,1017,10000,Sem Info,Few,914.4,24.746,0.66
2026-05-06T19:00:00Z,4.1155576,130,28,21,1017,10000,Sem Info,No,0.0,24.754,0.66
2026-05-06T20:00:00Z,3.0866682,140,27,22,1016,10000,Sem Info,No,0.0,24.752,0.74
2026-05-06T21:00:00Z,3.0866682,140,26,22,1017,10000,Sem Info,No,0.0,24.712,0.79
2026-05-06T22:00:00Z,3.0866682,130,25,22,1017,9000,Sem Info,No,0.0,24.673,0.83
2026-05-06T23:00:00Z,3.6011129,140,25,22,1018,9000,Sem Info,No,0.0,24.63,0.83
2026-05-07T00:00:00Z,2.5722235,70,24,22,1018,10000,Sem Info,No,0.0,24.584,0.89
2026-05-07T01:00:00Z,3.0866682,110,24,22,1018,10000,Sem Info,No,0.0,24.535,0.89
2026-05-07T02:00:00Z,2.0577788,140,23,21,1018,10000,Sem Info,No,0.0,24.482,0.89
2026-05-07T03:00:00Z,1.5433341,160,23,22,1018,10000,Sem Info,Few,274.32,24.426,0.94
2026-05-07T04:00:00Z,2.5722235,90,23,21,1017,10000,Sem Info,Few,243.84,24.366,0.89
2026-05-07T05:00:00Z,2.5722235,170,22,21,1017,10000,Sem Info,Few,243.84,24.303,0.94
2026-05-07T06:00:00Z,2.0577788,180,22,21,1016,10000,Sem Info,Few,243.84,24.24,0.94
2026-05-07T07:00:00Z,1.5433341,330,22,21,1016,8000,Sem Info,Few,243.84,24.175,0.94
2026-05-07T08:00:00Z,1.5433341,90,22,21,1015,8000,Sem Info,Few,182.88,24.109,0.94
2026-05-07T09:00:00Z,2.0577788,350,22,21,1016,4000,Mist (French: Brume),Few,152.4,24.044,0.94
2026-05-07T10:00:00Z,1.0288894,70,22,21,1016,5000,Mist (French: Brume),Few,152.4,23.967,0.94
2026-05-07T11:00:00Z,2.0577788,50,25,22,1017,8000,Sem Info,Scattered,213.36,23.993,0.83
2026-05-07T12:00:00Z,2.0577788,60,26,22,1017,9000,Sem Info,Few,213.36,24.1,0.79
2026-05-07T13:00:00Z,2.0577788,20,27,22,1017,10000,Sem Info,Few,304.8,24.206,0.74
2026-05-07T14:00:00Z,3.0866682,350,29,20,1015,10000,Sem Info,Few,304.8,24.318,0.58
2026-05-07T15:00:00Z,3.0866682,40,30,22,1014,10000,Sem Info,Few,457.2,24.424,0.62
2026-05-07T16:00:00Z,1.5433341,120,31,19,1013,10000,Sem Info,Few,457.2,24.508,0.49
2026-05-07T17:00:00Z,1.5433341,100,33,19,1012,10000,Sem Info,Few,518.16,24.581,0.44
2026-05-07T18:00:00Z,3.0866682,120,32,19,1012,10000,Sem Info,Few,518.16,24.64,0.46
2026-05-07T19:00:00Z,2.5722235,60,30,21,1011,10000,Sem Info,Few,518.16,24.674,0.59
2026-05-07T20:00:00Z,2.5722235,80,30,21,1011,10000,Sem Info,Few,518.16,24.681,0.59
2026-05-07T21:00:00Z,2.0577788,120,28,22,1012,10000,Sem Info,No,0.0,24.653,0.7
2026-05-07T22:00:00Z,3.0866682,80,26,21,1012,10000,Sem Info,No,0.0,24.607,0.74
2026-05-07T23:00:00Z,3.6011129,80,27,21,1012,10000,Sem Info,No,0.0,24.56,0.7
2026-05-08T00:00:00Z,4.6300023,60,26,22,1013,10000,Sem Info,No,0.0,24.51,0.79
2026-05-08T01:00:00Z,1.0288894,60,25,21,1013,10000,Sem Info,No,0.0,24.454,0.78
2026-05-08T02:00:00Z,2.5722235,140,26,20,1013,10000,Sem Info,No,0.0,24.394,0.7
2026-05-08T03:00:00Z,1.0288894,140,25,20,1013,10000,Sem Info,No,0.0,24.33,0.74
2026-05-08T04:00:00Z,2.0577788,120,23,20,1013,10000,Sem Info,No,0.0,24.261,0.83
2026-05-08T05:00:00Z,2.5722235,130,24,21,1013,10000,Sem Info,No,0.0,24.192,0.83
2026-05-08T06:00:00Z,1.5433341,160,24,20,1012,10000,Sem Info,No,0.0,24.122,0.78
2026-05-08T07:00:00Z,2.0577788,140,23,20,1012,10000,Sem Info,No,0.0,24.05,0.83
2026-05-08T08:00:00Z,2.0577788,160,23,20,1012,10000,Sem Info,No,0.0,23.977,0.83
2026-05-08T09:00:00Z,1.0288894,160,24,20,1013,10000,Sem Info,No,0.0,23.906,0.78
2026-05-08T10:00:00Z,2.0577788,160,27,20,1014,10000,Sem Info,No,0.0,23.84,0.66
2026-05-08T11:00:00Z,2.5722235,340,28,20,1015,10000,Sem Info,No,0.0,23.842,0.62
2026-05-08T12:00:00Z,2.5722235,20,29,19,1015,10000,Sem Info,No,0.0,23.911,0.55
2026-05-08T13:00:00Z,7.716670499999999,10,31,18,1014,10000,Sem Info,No,0.0,24.002,0.46
2026-05-08T14:00:00Z,3.6011129,20,31,17,1014,10000,Sem Info,No,0.0,24.11,0.43
2026-05-08T15:00:00Z,4.1155576,20,32,8,1013,10000,Sem Info,No,0.0,24.216,0.23
2026-05-08T16:00:00Z,2.0577788,20,32,18,1011,10000,Sem Info,No,0.0,24.313,0.43
2026-05-08T17:00:00Z,4.1155576,50,32,17,1010,10000,Sem Info,No,0.0,24.393,0.41
2026-05-08T18:00:00Z,3.0866682,60,32,17,1010,10000,Sem Info,No,0.0,24.455,0.41
2026-05-08T19:00:00Z,4.1155576,70,32,17,1010,10000,Sem Info,No,0.0,24.496,0.41
2026-05-08T20:00:00Z,4.1155576,60,30,20,1010,10000,Sem Info,No,0.0,24.496,0.55
2026-05-08T21:00:00Z,3.6011129,100,28,20,1011,10000,Sem Info,No,0.0,24.467,0.62
2026-05-08T22:00:00Z,1.5433341,100,27,20,1011,10000,Sem Info,No,0.0,24.409,0.66
2026-05-08T23:00:00Z,1.0288894,100,26,19,1012,10000,Sem Info,No,0.0,24.356,0.65
2026-05-09T00:00:00Z,3.0866682,100,26,19,1012,10000,Sem Info,No,0.0,24.298,0.65
2026-05-09T01:00:00Z,2.5722235,150,25,20,1012,10000,Sem Info,No,0.0,24.235,0.74
2026-05-09T02:00:00Z,1.5433341,80,25,19,1012,10000,Sem Info,No,0.0,24.167,0.69
2026-05-09T03:00:00Z,1.5433341,80,25,19,1012,10000,Sem Info,No,0.0,24.093,0.69
2026-05-09T04:00:00Z,3.6011129,10,27,18,1012,10000,Sem Info,No,0.0,24.015,0.58
2026-05-09T05:00:00Z,1.0288894,10,26,19,1012,10000,Sem Info,No,0.0,23.934,0.65
2026-05-09T06:00:00Z,0.5144447,10,24,18,1012,10000,Sem Info,No,0.0,23.851,0.69
2026-05-09T07:00:00Z,0.5144447,10,22,18,1012,10000,Sem Info,No,0.0,23.765,0.78
2026-05-09T08:00:00Z,1.0288894,10,26,17,1012,10000,Sem Info,No,0.0,23.677,0.58
2026-05-09T09:00:00Z,1.5433341,10,25,18,1013,10000,Sem Info,No,0.0,23.59,0.65
2026-05-09T10:00:00Z,4.6300023,10,28,18,1013,10000,Sem Info,No,0.0,23.521,0.55
2026-05-09T11:00:00Z,5.144447,10,29,19,1014,10000,Sem Info,No,0.0,23.506,0.55
2026-05-09T12:00:00Z,5.144447,360,31,20,1014,10000,Sem Info,No,0.0,23.562,0.52
2026-05-09T13:00:00Z,5.144447,350,33,19,1014,10000,Sem Info,No,0.0,23.661,0.44
2026-05-09T14:00:00Z,5.6588917,10,33,19,1014,10000,Sem Info,No,0.0,23.789,0.44
2026-05-09T15:00:00Z,5.144447,20,34,18,1013,10000,Sem Info,No,0.0,23.926,0.39
2026-05-09T16:00:00Z,5.144447,40,34,18,1012,10000,Sem Info,No,0.0,24.079,0.39
2026-05-09T17:00:00Z,5.144447,50,34,18,1012,10000,Sem Info,No,0.0,24.22,0.39
2026-05-09T18:00:00Z,3.6011129,40,34,18,1012,10000,Sem Info,No,0.0,24.329,0.39
2026-05-09T19:00:00Z,3.0866682,20,33,18,1012,10000,Sem Info,No,0.0,24.394,0.41
2026-05-09T20:00:00Z,2.5722235,130,31,20,1012,10000,Sem Info,No,0.0,24.412,0.52
2026-05-09T21:00:00Z,1.0288894,120,28,20,1012,10000,Sem Info,No,0.0,24.392,0.62
2026-05-09T22:00:00Z,2.0577788,70,28,20,1013,10000,Sem Info,No,0.0,24.354,0.62
2026-05-09T23:00:00Z,1.5433341,220,26,21,1013,10000,Sem Info,Few,1219.2,24.332,0.74
2026-05-10T00:00:00Z,4.6300023,250,27,21,1014,10000,Sem Info,Few,1219.2,24.298,0.7
2026-05-10T01:00:00Z,4.6300023,250,26,21,1014,8000,Sem Info,Few,1219.2,24.256,0.74
2026-05-10T02:00:00Z,3.6011129,250,26,21,1014,8000,Sem Info,Few,1219.2,24.207,0.74
2026-05-10T03:00:00Z,2.5722235,260,25,22,1014,10000,Sem Info,No,0.0,24.149,0.83
2026-05-10T04:00:00Z,1.0288894,80,23,21,1013,10000,Sem Info,No,0.0,24.087,0.89
2026-05-10T05:00:00Z,2.0577788,100,23,20,1013,10000,Sem Info,Few,1219.2,24.018,0.83
2026-05-10T06:00:00Z,2.5722235,120,23,20,1013,10000,Sem Info,Few,1219.2,23.947,0.83
2026-05-10T07:00:00Z,2.5722235,110,22,20,1013,8000,Sem Info,Few,1219.2,23.868,0.88
2026-05-10T08:00:00Z,3.0866682,210,24,21,1014,9000,Sem Info,Few,609.6,23.787,0.83
2026-05-10T09:00:00Z,2.5722235,260,24,22,1014,10000,Sem Info,Few,609.6,23.706,0.89
2026-05-10T10:00:00Z,4.6300023,260,25,22,1015,10000,Sem Info,Few,609.6,23.729,0.83
2026-05-10T11:00:00Z,4.6300023,220,25,21,1016,10000,Sem Info,Scattered,792.48,23.723,0.78
2026-05-10T12:00:00Z,2.5722235,240,27,21,1017,10000,Sem Info,Broken,701.04,23.744,0.7
2026-05-10T13:00:00Z,2.0577788,270,29,21,1016,10000,Sem Info,Broken,701.04,23.764,0.62
2026-05-10T14:00:00Z,2.0577788,260,29,21,1016,10000,Sem Info,Broken,792.48,23.815,0.62
2026-05-10T15:00:00Z,4.6300023,190,26,21,1015,10000,Sem Info,Few,914.4,23.874,0.74
2026-05-10T16:00:00Z,7.2022258,210,26,20,1015,10000,Sem Info,Few,914.4,23.892,0.7
2026-05-10T17:00:00Z,7.2022258,220,24,19,1014,10000,Sem Info,Few,762.0,23.892,0.74
2026-05-10T18:00:00Z,6.1733364,220,24,19,1014,10000,Sem Info,Overcast,914.4,23.878,0.74
2026-05-10T19:00:00Z,7.716670499999999,220,23,19,1015,10000,Sem Info,Overcast,822.9599999999999,23.854,0.78
2026-05-10T20:00:00Z,5.144447,240,23,19,1015,10000,Sem Info,Few,609.6,23.812,0.78
2026-05-10T21:00:00Z,6.1733364,240,23,18,1016,10000,Sem Info,Few,487.68,23.763,0.73
2026-05-10T22:00:00Z,4.1155576,230,22,18,1017,10000,Sem Info,Few,487.68,23.685,0.78
2026-05-10T23:00:00Z,4.1155576,250,22,18,1017,10000,Sem Info,Broken,487.68,23.629,0.78
2026-05-11T00:00:00Z,6.6877811,240,22,18,1018,10000,Sem Info,Broken,487.68,23.571,0.78
2026-05-11T01:00:00Z,4.1155576,240,21,19,1018,8000,Light intensity: Rain,Scattered,304.8,23.513,0.88
2026-05-11T02:00:00Z,3.0866682,240,21,18,1018,10000,Sem Info,Few,304.8,23.454,0.83
2026-05-11T03:00:00Z,2.0577788,280,21,18,1018,10000,Sem Info,Few,304.8,23.391,0.83
2026-05-11T04:00:00Z,2.5722235,280,21,18,1017,10000,Sem Info,Few,304.8,23.324,0.83
2026-05-11T05:00:00Z,3.6011129,240,21,18,1017,10000,Sem Info,Few,304.8,23.256,0.83
2026-05-11T06:00:00Z,2.5722235,270,20,18,1017,10000,Sem Info,Few,304.8,23.19,0.88
2026-05-11T07:00:00Z,3.6011129,250,20,17,1017,10000,Sem Info,Few,304.8,23.128,0.83
2026-05-11T08:00:00Z,2.5722235,280,20,18,1017,10000,Sem Info,Few,304.8,23.068,0.88
2026-05-11T09:00:00Z,3.6011129,240,20,18,1017,10000,Sem Info,Few,304.8,23.007,0.88
2026-05-11T10:00:00Z,4.6300023,220,20,17,1018,9000,Sem Info,Few,304.8,22.954,0.83
2026-05-11T11:00:00Z,4.1155576,250,20,17,1019,8000,Sem Info,Few,304.8,22.898,0.83
2026-05-11T12:00:00Z,3.0866682,260,20,17,1019,9000,Sem Info,Few,304.8,22.842,0.83
2026-05-11T13:00:00Z,5.144447,270,20,17,1020,9000,Sem Info,Few,304.8,22.802,0.83
2026-05-11T14:00:00Z,3.6011129,290,21,16,1019,9000,Light intensity: Rain,Few,304.8,22.776,0.73
2026-05-11T15:00:00Z,4.1155576,280,22,16,1019,10000,Sem Info,Broken,609.6,22.728,0.69
2026-05-11T16:00:00Z,4.6300023,230,22,14,1018,10000,Sem Info,Broken,609.6,22.69,0.6
2026-05-11T17:00:00Z,4.1155576,240,23,13,1017,10000,Sem Info,Broken,609.6,22.648,0.53
2026-05-11T18:00:00Z,2.5722235,250,22,7,1017,10000,Sem Info,Broken,609.6,22.608,0.38
2026-05-11T19:00:00Z,4.6300023,220,22,14,1017,10000,Sem Info,Broken,609.6,22.552,0.6
2026-05-11T20:00:00Z,4.6300023,210,22,14,1018,10000,Sem Info,Broken,762.0,22.486,0.6
2026-05-11T21:00:00Z,4.1155576,230,21,14,1019,10000,Sem Info,Broken,762.0,22.413,0.64
2026-05-11T22:00:00Z,3.6011129,230,21,14,1019,10000,Sem Info,Broken,762.0,22.349,0.64
2026-05-11T23:00:00Z,4.1155576,220,21,14,1020,10000,Sem Info,Broken,609.6,22.285,0.64
2026-05-12T00:00:00Z,3.0866682,290,21,15,1020,10000,Sem Info,Scattered,609.6,22.221,0.69
2026-05-12T01:00:00Z,3.6011129,310,20,16,1021,10000,Sem Info,Scattered,609.6,22.162,0.78
2026-05-12T02:00:00Z,5.144447,330,19,16,1021,10000,Sem Info,Scattered,1005.84,22.101,0.83
2026-05-12T03:00:00Z,3.0866682,320,19,15,1020,10000,Sem Info,Scattered,914.4,22.042,0.78
2026-05-12T04:00:00Z,2.5722235,290,18,15,1020,10000,Sem Info,Scattered,1402.08,21.985,0.83
2026-05-12T05:00:00Z,2.5722235,280,18,15,1020,10000,Sem Info,Scattered,1402.08,21.924,0.83
2026-05-12T06:00:00Z,2.0577788,310,18,15,1019,10000,Sem Info,Scattered,1402.08,21.869,0.83
2026-05-12T07:00:00Z,2.0577788,330,17,15,1019,8000,Sem Info,Scattered,1402.08,21.81,0.88
2026-05-12T08:00:00Z,2.5722235,330,17,15,1020,8000,Sem Info,Scattered,1402.08,21.752,0.88
2026-05-12T09:00:00Z,3.0866682,310,17,15,1020,8000,Sem Info,Scattered,1402.08,21.683,0.88
2026-05-12T10:00:00Z,1.5433341,290,18,16,1021,9000,Sem Info,Scattered,1402.08,21.632,0.88
2026-05-12T11:00:00Z,1.5433341,350,20,16,1022,10000,Sem Info,Few,1371.6,21.604,0.78
2026-05-12T12:00:00Z,2.5722235,340,21,15,1022,10000,Sem Info,Few,1371.6,21.605,0.69
2026-05-12T13:00:00Z,2.5722235,360,23,15,1022,10000,Sem Info,Few,1371.6,21.626,0.61
2026-05-12T14:00:00Z,2.5722235,120,24,12,1020,10000,Sem Info,Few,1371.6,21.762,0.47
2026-05-12T15:00:00Z,3.6011129,160,24,12,1020,10000,Sem Info,Few,1371.6,21.95,0.47
2026-05-12T16:00:00Z,3.6011129,30,25,12,1018,10000,Sem Info,Few,1371.6,22.192,0.44
2026-05-12T17:00:00Z,4.6300023,130,25,14,1017,10000,Sem Info,Few,1371.6,22.384,0.5
2026-05-12T18:00:00Z,4.6300023,120,24,13,1017,10000,Sem Info,Few,1371.6,22.498,0.5
2026-05-12T19:00:00Z,4.6300023,140,23,13,1017,10000,Sem Info,Few,1371.6,22.52,0.53
2026-05-12T20:00:00Z,5.6588917,130,22,13,1017,10000,Sem Info,Few,1371.6,22.473,0.57
2026-05-12T21:00:00Z,2.5722235,140,21,14,1017,10000,Sem Info,Few,1371.6,22.391,0.64
2026-05-12T22:00:00Z,3.0866682,150,21,14,1018,10000,Sem Info,Few,1371.6,22.289,0.64
2026-05-12T23:00:00Z,1.0288894,150,20,14,1019,10000,Sem Info,No,0.0,22.218,0.68
2026-05-13T00:00:00Z,1.0288894,150,20,15,1019,10000,Sem Info,No,0.0,22.152,0.73
2026-05-13T01:00:00Z,1.0288894,150,21,16,1019,10000,Sem Info,No,0.0,22.088,0.73
2026-05-13T02:00:00Z,2.0577788,350,20,16,1019,10000,Sem Info,Broken,1219.2,22.023,0.78
2026-05-13T03:00:00Z,1.5433341,320,19,16,1018,10000,Sem Info,Scattered,1219.2,21.959,0.83
2026-05-13T04:00:00Z,1.5433341,310,18,16,1018,10000,Sem Info,No,0.0,21.89,0.88
2026-05-13T05:00:00Z,2.5722235,320,18,15,1017,10000,Sem Info,No,0.0,21.823,0.83
2026-05-13T06:00:00Z,1.0288894,320,18,15,1017,10000,Sem Info,No,0.0,21.754,0.83
2026-05-13T07:00:00Z,1.0288894,320,16,14,1016,10000,Sem Info,No,0.0,21.677,0.88
2026-05-13T08:00:00Z,2.0577788,330,17,16,1016,10000,Sem Info,No,0.0,21.604,0.94
2026-05-13T09:00:00Z,1.0288894,330,16,15,1017,8000,Sem Info,No,0.0,21.528,0.94
2026-05-13T10:00:00Z,1.0288894,330,16,15,1017,5000,Mist (French: Brume),Few,457.2,21.483,0.94
2026-05-13T11:00:00Z,1.0288894,350,20,17,1018,4000,Mist (French: Brume),Few,457.2,21.474,0.83
2026-05-13T12:00:00Z,2.0577788,350,21,17,1018,6000,Sem Info,No,0.0,21.573,0.78
2026-05-13T13:00:00Z,2.5722235,350,22,16,1018,9000,Sem Info,No,0.0,21.719,0.69
2026-05-13T14:00:00Z,2.5722235,10,23,17,1017,10000,Sem Info,No,0.0,21.911,0.69
2026-05-13T15:00:00Z,2.5722235,350,26,17,1016,10000,Sem Info,No,0.0,22.132,0.58
2026-05-13T16:00:00Z,2.5722235,40,27,17,1015,10000,Sem Info,No,0.0,22.381,0.54
2026-05-13T17:00:00Z,3.6011129,130,27,17,1014,10000,Sem Info,No,0.0,22.605,0.54
2026-05-13T18:00:00Z,4.6300023,120,26,19,1014,10000,Sem Info,No,0.0,22.708,0.65
2026-05-13T19:00:00Z,4.6300023,120,25,18,1014,10000,Sem Info,No,0.0,22.731,0.65
2026-05-13T20:00:00Z,4.1155576,130,24,19,1015,10000,Sem Info,No,0.0,22.737,0.74
2026-05-13T21:00:00Z,2.0577788,120,23,19,1015,10000,Sem Info,No,0.0,22.705,0.78
2026-05-13T22:00:00Z,1.5433341,300,23,18,1016,10000,Sem Info,No,0.0,22.654,0.73
2026-05-13T23:00:00Z,3.0866682,290,23,18,1017,10000,Sem Info,Few,1402.08,22.62,0.73
2026-05-14T00:00:00Z,2.5722235,280,23,18,1017,10000,Sem Info,Scattered,1402.08,22.586,0.73
2026-05-14T01:00:00Z,2.5722235,300,22,18,1017,10000,Sem Info,Few,1402.08,22.552,0.78
2026-05-14T02:00:00Z,2.0577788,320,22,18,1017,10000,Sem Info,Few,1402.08,22.516,0.78
2026-05-14T03:00:00Z,2.5722235,340,22,19,1016,10000,Sem Info,Few,1402.08,22.475,0.83
2026-05-14T04:00:00Z,3.0866682,310,21,18,1016,7000,Sem Info,Few,1219.2,22.432,0.83
2026-05-14T05:00:00Z,2.5722235,290,21,18,1015,7000,Sem Info,Few,1219.2,22.385,0.83
2026-05-14T06:00:00Z,2.5722235,280,21,18,1015,6000,Sem Info,Few,1219.2,22.339,0.83
2026-05-14T07:00:00Z,2.5722235,330,20,18,1015,6000,Sem Info,Few,1219.2,22.292,0.88
2026-05-14T08:00:00Z,3.0866682,320,20,18,1015,6000,Sem Info,Few,1219.2,22.245,0.88
2026-05-14T09:00:00Z,1.0288894,40,20,18,1015,6000,Sem Info,Few,1219.2,22.195,0.88
2026-05-14T10:00:00Z,1.0288894,120,20,18,1016,5000,Mist (French: Brume),No,0.0,22.143,0.88
2026-05-14T11:00:00Z,1.0288894,90,21,19,1016,4000,Mist (French: Brume),No,0.0,22.154,0.88
2026-05-14T12:00:00Z,2.5722235,20,23,19,1017,6000,Sem Info,No,0.0,22.244,0.78
2026-05-14T13:00:00Z,2.0577788,10,24,20,1017,7000,Sem Info,No,0.0,22.381,0.78
2026-05-14T14:00:00Z,2.0577788,350,25,20,1016,7000,Sem Info,No,0.0,22.566,0.74
2026-05-14T15:00:00Z,3.0866682,360,27,20,1016,8000,Sem Info,No,0.0,22.738,0.66
2026-05-14T16:00:00Z,4.1155576,110,27,19,1015,7000,Sem Info,No,0.0,22.867,0.62
2026-05-14T17:00:00Z,5.144447,120,26,20,1015,6000,Sem Info,No,0.0,22.913,0.7
2026-05-14T18:00:00Z,7.2022258,90,25,19,1015,8000,Sem Info,No,0.0,22.922,0.69
2026-05-14T19:00:00Z,4.6300023,120,25,20,1015,10000,Sem Info,Few,914.4,22.944,0.74
2026-05-14T20:00:00Z,3.6011129,130,24,20,1015,10000,Sem Info,Scattered,914.4,22.945,0.78
2026-05-14T21:00:00Z,0.0,0,24,20,1015,10000,Sem Info,Scattered,914.4,22.928,0.78
2026-05-14T22:00:00Z,1.5433341,300,24,20,1016,10000,Sem Info,Scattered,914.4,22.906,0.78
2026-05-14T23:00:00Z,3.0866682,260,24,20,1017,10000,Sem Info,Few,914.4,22.884,0.78
2026-05-15T00:00:00Z,3.6011129,260,23,20,1017,10000,Sem Info,Scattered,640.0799999999999,22.862,0.83
2026-05-15T01:00:00Z,3.0866682,250,24,20,1017,10000,Sem Info,Scattered,640.0799999999999,22.839,0.78
2026-05-15T02:00:00Z,2.0577788,260,23,20,1017,10000,Sem Info,Few,609.6,22.814,0.83
2026-05-15T03:00:00Z,2.5722235,280,24,20,1017,9000,Sem Info,Overcast,518.16,22.79,0.78
2026-05-15T04:00:00Z,2.5722235,260,23,20,1017,9000,Sem Info,Overcast,518.16,22.771,0.83
2026-05-15T05:00:00Z,1.5433341,290,23,20,1016,8000,Sem Info,Overcast,457.2,22.753,0.83
2026-05-15T06:00:00Z,2.0577788,360,23,20,1015,7000,Sem Info,Scattered,457.2,22.733,0.83
2026-05-15T07:00:00Z,1.5433341,330,23,20,1015,7000,Sem Info,Scattered,518.16,22.715,0.83
2026-05-15T08:00:00Z,1.5433341,300,23,20,1015,7000,Sem Info,Broken,518.16,22.69,0.83
2026-05-15T09:00:00Z,2.0577788,320,23,20,1016,8000,Sem Info,Broken,609.6,22.665,0.83
2026-05-15T10:00:00Z,1.5433341,320,23,20,1016,8000,Sem Info,Broken,365.76,22.647,0.83
2026-05-15T11:00:00Z,1.5433341,310,24,20,1017,8000,Sem Info,Broken,365.76,22.659,0.78
2026-05-15T12:00:00Z,2.5722235,260,24,20,1017,8000,Sem Info,Scattered,670.56,22.753,0.78
2026-05-15T13:00:00Z,1.5433341,260,25,20,1017,8000,Sem Info,Scattered,670.56,22.885,0.74
2026-05-15T14:00:00Z,2.0577788,360,25,20,1017,8000,Sem Info,Scattered,670.56,22.986,0.74
2026-05-15T15:00:00Z,1.5433341,150,25,20,1017,8000,Sem Info,Scattered,609.6,23.04,0.74
2026-05-15T16:00:00Z,1.5433341,120,25,20,1016,8000,Sem Info,Scattered,548.64,23.092,0.74
2026-05-15T17:00:00Z,1.0288894,360,25,20,1015,8000,Sem Info,Scattered,548.64,23.116,0.74
2026-05-15T18:00:00Z,3.0866682,210,25,20,1015,8000,Sem Info,Broken,609.6,23.126,0.74
2026-05-15T19:00:00Z,2.5722235,210,25,20,1015,8000,Sem Info,Broken,609.6,23.136,0.74
2026-05-15T20:00:00Z,2.5722235,190,24,20,1016,10000,Sem Info,Broken,609.6,23.126,0.78
2026-05-15T21:00:00Z,3.0866682,230,24,20,1016,10000,Sem Info,Broken,914.4,23.1,0.78
2026-05-15T22:00:00Z,3.0866682,230,24,20,1017,10000,Sem Info,Broken,1005.84,23.066,0.78
2026-05-15T23:00:00Z,4.1155576,220,24,20,1017,10000,Sem Info,Broken,792.48,23.04,0.78
2026-05-16T00:00:00Z,2.0577788,260,23,19,1017,10000,Sem Info,Broken,792.48,23.016,0.78
2026-05-16T01:00:00Z,2.5722235,270,24,19,1017,10000,Sem Info,Broken,914.4,22.992,0.74
2026-05-16T02:00:00Z,1.5433341,20,23,20,1017,10000,Sem Info,Broken,914.4,22.966,0.83
2026-05-16T03:00:00Z,1.0288894,330,23,20,1016,10000,Sem Info,Broken,914.4,22.94,0.83
2026-05-16T04:00:00Z,0.5144447,330,22,20,1015,9000,Sem Info,Scattered,914.4,22.913,0.88
2026-05-16T05:00:00Z,1.0288894,350,22,20,1015,9000,Sem Info,Scattered,914.4,22.884,0.88
2026-05-16T06:00:00Z,0.5144447,260,21,20,1015,8000,Sem Info,Scattered,914.4,22.856,0.94
2026-05-16T07:00:00Z,1.5433341,350,21,20,1014,9000,Sem Info,No,0.0,22.826,0.94
2026-05-16T08:00:00Z,0.5144447,330,21,20,1014,5000,Mist (French: Brume),No,0.0,22.788,0.94
2026-05-16T09:00:00Z,1.5433341,330,21,20,1014,4000,Mist (French: Brume),No,0.0,22.748,0.94
2026-05-16T10:00:00Z,1.0288894,320,21,20,1015,4000,Mist (French: Brume),No,0.0,22.683,0.94
2026-05-16T11:00:00Z,1.0288894,320,23,20,1016,4500,Mist (French: Brume),No,0.0,22.715,0.83
2026-05-16T12:00:00Z,1.0288894,320,25,20,1016,5000,Haze,No,0.0,22.861,0.74
2026-05-16T12:14:00Z,1.0288894,320,25,20,1017,4000,Haze,Broken,365.76,25.144,0.74
2026-05-16T13:00:00Z,2.5722235,360,26,20,1017,4000,Haze,Broken,365.76,23.046,0.7
2026-05-16T14:00:00Z,2.0577788,10,27,20,1016,4500,Haze,Broken,365.76,23.286,0.66
2026-05-16T15:00:00Z,3.0866682,40,28,20,1015,4500,Haze,Broken,365.76,23.528,0.62
2026-05-16T16:00:00Z,2.5722235,40,28,20,1015,7000,Sem Info,Broken,457.2,23.76,0.62
2026-05-16T17:00:00Z,4.1155576,120,27,20,1014,7000,Sem Info,Broken,457.2,23.934,0.66
2026-05-16T18:00:00Z,4.6300023,130,27,20,1014,7000,Sem Info,Broken,457.2,23.953,0.66
2026-05-16T19:00:00Z,3.6011129,130,26,21,1014,9000,Sem Info,Broken,457.2,23.937,0.74
2026-05-16T20:00:00Z,4.6300023,120,25,20,1014,10000,Sem Info,Broken,457.2,23.936,0.74
2026-05-16T21:00:00Z,3.6011129,130,24,21,1015,10000,Sem Info,Scattered,609.6,23.893,0.83
2026-05-16T22:00:00Z,3.6011129,150,24,21,1015,10000,Sem Info,Scattered,609.6,23.842,0.83
2026-05-16T23:00:00Z,3.0866682,120,24,20,1015,10000,Sem Info,Scattered,701.04,23.799,0.78
2026-05-17T00:00:00Z,1.5433341,150,24,21,1016,10000,Sem Info,Broken,701.04,23.756,0.83
2026-05-17T01:00:00Z,1.5433341,120,24,21,1016,10000,Sem Info,Broken,518.16,23.711,0.83
2026-05-17T02:00:00Z,2.5722235,100,24,21,1016,10000,Sem Info,Few,457.2,23.664,0.83
2026-05-17T03:00:00Z,3.0866682,100,24,21,1015,10000,Sem Info,Broken,518.16,23.616,0.83
2026-05-17T04:00:00Z,3.0866682,110,23,20,1015,10000,Sem Info,Few,457.2,23.565,0.83
2026-05-17T05:00:00Z,3.0866682,130,23,20,1014,8000,Sem Info,Few,457.2,23.517,0.83
2026-05-17T06:00:00Z,2.5722235,170,22,20,1014,8000,Sem Info,Few,457.2,23.467,0.88
2026-05-17T07:00:00Z,3.0866682,140,22,19,1014,7000,Sem Info,Few,457.2,23.416,0.83
2026-05-17T08:00:00Z,1.0288894,60,21,20,1014,7000,Sem Info,Scattered,579.12,23.363,0.94
2026-05-17T09:00:00Z,1.0288894,180,21,19,1014,7000,Sem Info,Scattered,579.12,23.309,0.88
2026-05-17T10:00:00Z,1.5433341,50,21,20,1015,7000,Sem Info,Few,701.04,23.279,0.94
2026-05-17T11:00:00Z,1.0288894,50,23,21,1015,7000,Sem Info,Few,762.0,23.294,0.89
2026-05-17T12:00:00Z,2.0577788,10,25,21,1015,6000,Sem Info,Broken,457.2,23.368,0.78
2026-05-17T13:00:00Z,1.5433341,10,27,21,1015,7000,Sem Info,Broken,518.16,23.489,0.7
2026-05-17T14:00:00Z,1.5433341,10,27,21,1014,7000,Sem Info,Broken,609.6,23.656,0.7
2026-05-17T15:00:00Z,3.0866682,30,28,21,1014,6000,Sem Info,Broken,762.0,23.838,0.66
2026-05-17T16:00:00Z,3.0866682,50,28,21,1012,6000,Sem Info,Broken,762.0,23.997,0.66
2026-05-17T17:00:00Z,3.0866682,60,30,21,1012,6000,Sem Info,Scattered,914.4,24.122,0.59
2026-05-17T18:00:00Z,2.0577788,140,28,22,1011,8000,Sem Info,Scattered,914.4,24.203,0.7
2026-05-17T19:00:00Z,1.5433341,120,27,22,1011,8000,Sem Info,Scattered,914.4,24.211,0.74
2026-05-17T20:00:00Z,2.5722235,140,26,22,1012,8000,Sem Info,Scattered,914.4,24.203,0.79
2026-05-17T21:00:00Z,2.0577788,150,25,22,1012,9000,Sem Info,Few,1066.8,24.188,0.83
2026-05-17T22:00:00Z,2.0577788,120,25,22,1013,8000,Sem Info,Few,1066.8,24.263,0.83
2026-05-17T23:00:00Z,1.5433341,150,25,21,1014,10000,Sem Info,Few,457.2,24.239,0.78
2026-05-18T00:00:00Z,1.0288894,310,25,22,1014,9000,Sem Info,Few,457.2,24.21,0.83
2026-05-18T01:00:00Z,1.5433341,300,25,22,1015,10000,Sem Info,Few,457.2,24.176,0.83
2026-05-18T02:00:00Z,4.6300023,260,25,21,1015,10000,Sem Info,Few,457.2,24.145,0.78
2026-05-18T03:00:00Z,3.0866682,290,25,21,1015,7000,Sem Info,Few,944.88,24.111,0.78
2026-05-18T04:00:00Z,2.5722235,290,24,21,1015,7000,Sem Info,Few,975.36,24.077,0.83
2026-05-18T05:00:00Z,2.5722235,290,24,21,1015,7000,Sem Info,Few,975.36,24.043,0.83
2026-05-18T06:00:00Z,1.0288894,100,23,21,1013,10000,Sem Info,Few,975.36,24.006,0.89
2026-05-18T07:00:00Z,1.0288894,330,23,21,1014,10000,Sem Info,Few,975.36,23.966,0.89
2026-05-18T08:00:00Z,2.0577788,280,23,21,1013,7000,Sem Info,Few,975.36,23.923,0.89
2026-05-18T09:00:00Z,1.0288894,280,23,21,1013,6000,Sem Info,Few,975.36,23.876,0.89
2026-05-18T10:00:00Z,1.0288894,20,23,21,1014,7000,Sem Info,Few,975.36,23.848,0.89
2026-05-18T11:00:00Z,1.0288894,20,24,21,1015,7000,Sem Info,Few,975.36,23.896,0.83
2026-05-18T12:00:00Z,2.0577788,350,25,21,1016,8000,Sem Info,Few,914.4,24.043,0.78
2026-05-18T13:00:00Z,1.5433341,140,27,21,1016,9000,Sem Info,Few,914.4,24.2,0.7
2026-05-18T14:00:00Z,2.0577788,140,28,21,1016,9000,Sem Info,Few,914.4,24.338,0.66
2026-05-18T15:00:00Z,3.6011129,140,28,19,1015,10000,Sem Info,Few,914.4,24.417,0.58
2026-05-18T16:00:00Z,4.6300023,130,28,19,1015,10000,Sem Info,Few,762.0,24.476,0.58
2026-05-18T17:00:00Z,3.6011129,110,28,20,1014,10000,Sem Info,Scattered,762.0,24.487,0.62
2026-05-18T18:00:00Z,3.0866682,110,27,20,1015,10000,Sem Info,Broken,914.4,24.436,0.66
2026-05-18T19:00:00Z,3.6011129,260,27,20,1015,10000,Sem Info,Broken,914.4,24.428,0.66
2026-05-18T20:00:00Z,4.6300023,220,26,20,1015,10000,Sem Info,Scattered,914.4,24.404,0.7
2026-05-18T21:00:00Z,3.6011129,230,26,20,1015,10000,Sem Info,Scattered,914.4,24.37,0.7
2026-05-18T22:00:00Z,4.6300023,220,25,20,1016,10000,Sem Info,Broken,914.4,24.311,0.74
2026-05-18T23:00:00Z,1.5433341,260,25,19,1016,10000,Sem Info,Broken,640.0799999999999,24.268,0.69
2026-05-19T00:00:00Z,3.0866682,220,25,19,1017,10000,Sem Info,Broken,640.0799999999999,24.225,0.69
2026-05-19T01:00:00Z,2.0577788,230,25,20,1017,10000,Sem Info,Broken,640.0799999999999,24.182,0.74
2026-05-19T02:00:00Z,2.0577788,250,24,20,1017,10000,Sem Info,Broken,640.0799999999999,24.141,0.78
2026-05-19T03:00:00Z,1.5433341,220,24,20,1017,10000,Sem Info,Broken,640.0799999999999,24.099,0.78
2026-05-19T04:00:00Z,2.5722235,280,24,20,1017,8000,Sem Info,Broken,640.0799999999999,24.059,0.78
2026-05-19T05:00:00Z,1.5433341,270,24,20,1016,8000,Sem Info,Broken,640.0799999999999,24.019,0.78
2026-05-19T06:00:00Z,2.0577788,290,23,20,1016,7000,Sem Info,Broken,640.0799999999999,23.978,0.83
2026-05-19T07:00:00Z,2.0577788,320,23,20,1016,7000,Sem Info,Broken,640.0799999999999,23.937,0.83
2026-05-19T08:00:00Z,3.0866682,320,23,20,1016,8000,Sem Info,Few,457.2,23.895,0.83
2026-05-19T09:00:00Z,3.0866682,320,23,20,1016,8000,Sem Info,Few,457.2,23.855,0.83
2026-05-19T10:00:00Z,2.5722235,270,24,21,1017,8000,Sem Info,Scattered,518.16,23.838,0.83
2026-05-19T11:00:00Z,3.6011129,270,24,21,1018,10000,Sem Info,Scattered,518.16,23.815,0.83
2026-05-19T12:00:00Z,5.144447,250,24,21,1018,10000,Light intensity: Rain,Scattered,609.6,23.816,0.83
2026-05-19T13:00:00Z,6.1733364,260,25,20,1018,10000,Sem Info,Few,457.2,23.815,0.74
2026-05-19T14:00:00Z,5.144447,260,26,20,1018,10000,Sem Info,Few,457.2,23.804,0.7
2026-05-19T15:00:00Z,5.6588917,260,25,20,1018,10000,Light intensity: Rain,Scattered,457.2,23.801,0.74
2026-05-19T16:00:00Z,4.1155576,250,25,20,1017,10000,Sem Info,Scattered,457.2,23.784,0.74
2026-05-19T17:00:00Z,4.1155576,200,25,20,1017,10000,Sem Info,Few,365.76,23.772,0.74
2026-05-19T18:00:00Z,5.144447,230,25,20,1017,10000,Sem Info,Few,365.76,23.756,0.74
2026-05-19T19:00:00Z,4.6300023,220,24,20,1017,10000,Sem Info,Few,426.72,23.738,0.78
2026-05-19T20:00:00Z,3.6011129,230,24,20,1017,10000,Sem Info,Few,365.76,23.698,0.78
2026-05-19T21:00:00Z,5.144447,250,23,20,1018,10000,Sem Info,Few,365.76,23.653,0.83
2026-05-19T22:00:00Z,4.1155576,260,23,20,1018,10000,Sem Info,Few,365.76,23.615,0.83
2026-05-19T23:00:00Z,3.0866682,250,23,20,1019,10000,Sem Info,Few,457.2,23.574,0.83
2026-05-20T00:00:00Z,3.6011129,250,23,20,1019,10000,Sem Info,Few,457.2,23.532,0.83
2026-05-20T01:00:00Z,3.0866682,260,23,20,1019,10000,Sem Info,Few,457.2,23.491,0.83
2026-05-20T02:00:00Z,3.0866682,290,22,20,1019,10000,Sem Info,Few,304.8,23.449,0.88
2026-05-20T03:00:00Z,3.6011129,250,22,19,1019,10000,Sem Info,Few,304.8,23.409,0.83
2026-05-20T04:00:00Z,2.5722235,250,22,19,1019,10000,Sem Info,Few,457.2,23.37,0.83
2026-05-20T05:00:00Z,2.0577788,330,22,20,1018,10000,Sem Info,Few,304.8,23.331,0.88
2026-05-20T06:00:00Z,2.0577788,330,22,20,1018,10000,Sem Info,Few,304.8,23.293,0.88
2026-05-20T07:00:00Z,1.0288894,310,22,20,1017,10000,Sem Info,Few,304.8,23.255,0.88
2026-05-20T08:00:00Z,2.0577788,280,22,19,1017,10000,Sem Info,Few,457.2,23.217,0.83
2026-05-20T09:00:00Z,2.0577788,300,22,19,1017,10000,Sem Info,Few,457.2,23.179,0.83
2026-05-20T10:00:00Z,2.0577788,290,22,20,1018,10000,Sem Info,Scattered,457.2,23.144,0.88
2026-05-20T10:25:00Z,3.0866682,310,22,20,1018,5000,Light intensity: Rain,Scattered,335.28,21.586,0.88
2026-05-20T11:00:00Z,2.5722235,230,21,20,1018,4500,Light intensity: Rain,Scattered,274.32,23.124,0.94
2026-05-20T11:08:00Z,1.5433341,190,21,20,1018,4000,Rain,Scattered,274.32,20.638,0.94
2026-05-20T11:18:00Z,3.6011129,210,21,20,1018,4000,Thunderstorm Rain,Few,914.4,20.629,0.94
2026-05-20T12:00:00Z,2.5722235,260,21,20,1019,4000,Thunderstorm Rain,Few,914.4,23.112,0.94
2026-05-20T12:25:00Z,1.0288894,330,21,20,1019,4000,Light intensity: Thunderstorm Rain,Few,914.4,20.688,0.94
2026-05-20T13:00:00Z,2.5722235,300,21,20,1019,4000,Thunderstorm Rain,Few,914.4,23.147,0.94
2026-05-20T13:34:00Z,3.0866682,300,21,20,1019,4000,Rain,Broken,396.24,20.282,0.94
2026-05-20T14:00:00Z,1.5433341,270,21,20,1019,4000,Rain,Scattered,152.4,23.187,0.94
2026-05-20T14:38:00Z,1.5433341,320,21,20,1018,5000,Light intensity: Rain,Broken,152.4,20.907,0.94
2026-05-20T15:00:00Z,2.0577788,290,21,20,1018,7000,Light intensity: Rain,Broken,152.4,23.215,0.94
2026-05-20T15:41:00Z,3.6011129,270,21,20,1018,3000,Light intensity: Drizzle,Broken,152.4,20.775,0.94
2026-05-20T16:00:00Z,3.6011129,280,22,20,1018,6000,Sem Info,Broken,426.72,23.253,0.88
2026-05-20T16:33:00Z,4.1155576,20,22,20,1018,6000,Sem Info,Broken,152.4,22.063,0.88
2026-05-20T17:00:00Z,2.0577788,280,23,21,1017,8000,Sem Info,Broken,335.28,23.286,0.89
2026-05-20T18:00:00Z,4.6300023,260,24,20,1017,10000,Sem Info,Few,426.72,23.287,0.78
2026-05-20T19:00:00Z,3.6011129,290,25,20,1017,10000,Sem Info,Scattered,579.12,23.28,0.74
2026-05-20T20:00:00Z,3.6011129,320,23,20,1018,10000,Sem Info,Broken,609.6,23.249,0.83
2026-05-20T21:00:00Z,4.1155576,250,23,19,1018,10000,Sem Info,Broken,579.12,23.213,0.78
2026-05-20T22:00:00Z,2.5722235,270,22,20,1019,10000,Sem Info,Broken,609.6,23.167,0.88
2026-05-20T23:00:00Z,2.0577788,290,22,20,1019,10000,Sem Info,Few,365.76,23.13,0.88
2026-05-21T00:00:00Z,3.0866682,270,22,20,1020,10000,Sem Info,Few,365.76,23.092,0.88
2026-05-21T01:00:00Z,3.6011129,270,22,20,1019,10000,Sem Info,Few,365.76,23.055,0.88
2026-05-21T01:40:00Z,3.6011129,260,22,20,1020,5000,Drizzle,Scattered,243.84,22.028,0.88
2026-05-21T02:00:00Z,3.0866682,250,22,20,1020,6000,Drizzle,Scattered,243.84,23.018,0.88
2026-05-21T02:14:00Z,3.0866682,270,21,20,1020,10000,Recent: Drizzle,Few,243.84,21.098,0.94
2026-05-21T03:00:00Z,2.0577788,260,21,20,1019,10000,Recent: Drizzle,Few,182.88,22.982,0.94
2026-05-21T03:15:00Z,1.0288894,260,21,20,1019,10000,Sem Info,Few,182.88,21.029,0.94
2026-05-21T04:00:00Z,1.0288894,260,21,19,1019,10000,Sem Info,Few,182.88,22.947,0.88
2026-05-21T05:00:00Z,1.0288894,260,21,20,1019,8000,Drizzle,Few,152.4,22.911,0.94
2026-05-21T05:32:00Z,1.0288894,260,21,19,1019,9000,Light intensity: Drizzle,Few,152.4,20.883,0.88
2026-05-21T06:00:00Z,1.5433341,270,21,19,1019,10000,Recent: Drizzle,Few,152.4,22.874,0.88
2026-05-21T07:00:00Z,2.5722235,250,20,19,1018,10000,Sem Info,Few,182.88,22.835,0.94
2026-05-21T08:00:00Z,2.5722235,250,20,19,1019,10000,Sem Info,Few,304.8,22.797,0.94
2026-05-21T08:21:00Z,4.1155576,250,20,18,1019,6000,Drizzle,Scattered,304.8,19.871,0.88
2026-05-21T09:00:00Z,2.5722235,270,20,18,1020,6000,Drizzle,Scattered,304.8,22.756,0.88
2026-05-21T09:18:00Z,1.5433341,280,20,18,1020,9000,Light intensity: Drizzle,Few,304.8,20.272,0.88
2026-05-21T10:00:00Z,2.0577788,210,20,18,1020,10000,Sem Info,Few,304.8,22.72,0.88
2026-05-21T11:00:00Z,1.5433341,330,21,19,1021,10000,Sem Info,Few,304.8,22.686,0.88
2026-05-21T12:00:00Z,2.5722235,330,22,19,1022,10000,Sem Info,Few,304.8,22.664,0.83
2026-05-21T13:00:00Z,3.0866682,340,22,19,1022,10000,Sem Info,Few,304.8,22.653,0.83
2026-05-21T14:00:00Z,2.0577788,340,23,19,1022,10000,Sem Info,Few,304.8,22.634,0.78
2026-05-21T14:35:00Z,3.0866682,300,22,19,1021,10000,Light intensity: Rain,Scattered,213.36,22.057,0.83
2026-05-21T15:00:00Z,5.6588917,220,21,19,1022,3500,Light intensity: Rain,Scattered,213.36,22.625,0.88
2026-05-21T16:00:00Z,2.5722235,110,20,19,1021,3500,Light intensity: Rain,Scattered,152.4,22.612,0.94
2026-05-21T17:00:00Z,0.5144447,110,20,18,1021,4000,Light intensity: Rain,Scattered,152.4,22.588,0.88
2026-05-21T18:00:00Z,2.0577788,310,20,18,1021,2000,Light intensity: Rain,Scattered,213.36,22.557,0.88
2026-05-21T19:00:00Z,1.0288894,310,19,18,1022,3000,Light intensity: Rain,Scattered,213.36,22.521,0.94
2026-05-21T20:00:00Z,2.5722235,70,19,18,1023,7000,Sem Info,Broken,426.72,22.475,0.94
2026-05-21T21:00:00Z,2.0577788,320,20,18,1023,10000,Sem Info,Few,457.2,22.425,0.88
2026-05-21T22:00:00Z,2.5722235,360,20,18,1024,10000,Sem Info,Few,182.88,22.368,0.88
2026-05-21T22:34:00Z,2.5722235,320,19,18,1024,4500,Light intensity: Rain,Few,182.88,19.158,0.94
2026-05-21T23:00:00Z,2.5722235,240,19,17,1025,2500,Light intensity: Rain,Few,182.88,22.317,0.88
2026-05-22T00:00:00Z,1.5433341,350,19,17,1025,10000,Light intensity: Rain,Few,182.88,22.268,0.88
2026-05-22T01:00:00Z,2.0577788,340,19,17,1025,10000,Sem Info,Few,182.88,22.218,0.88
2026-05-22T02:00:00Z,3.0866682,320,19,17,1025,10000,Sem Info,Few,243.84,22.169,0.88
2026-05-22T03:00:00Z,2.5722235,310,19,17,1024,10000,Sem Info,Few,243.84,22.118,0.88
2026-05-22T04:00:00Z,1.5433341,280,19,17,1024,10000,Sem Info,Few,457.2,22.067,0.88
2026-05-22T05:00:00Z,1.5433341,250,19,17,1024,10000,Sem Info,Scattered,609.6,22.016,0.88
2026-05-22T06:00:00Z,2.5722235,200,18,17,1023,10000,Sem Info,Scattered,609.6,21.965,0.94
2026-05-22T07:00:00Z,1.0288894,200,19,17,1023,10000,Sem Info,Scattered,609.6,21.915,0.88
2026-05-22T08:00:00Z,2.0577788,340,19,17,1023,10000,Sem Info,Few,243.84,21.866,0.88
2026-05-22T09:00:00Z,1.0288894,280,19,17,1023,10000,Sem Info,Few,243.84,21.816,0.88
2026-05-22T10:00:00Z,2.0577788,250,19,17,1024,9000,Sem Info,Few,243.84,21.766,0.88
2026-05-22T11:00:00Z,1.0288894,250,20,17,1025,9000,Sem Info,Few,1463.04,21.725,0.83
2026-05-22T12:00:00Z,1.5433341,250,21,18,1025,10000,Sem Info,Few,1463.04,21.703,0.83
2026-05-22T13:00:00Z,1.5433341,20,21,18,1025,10000,Sem Info,Few,396.24,21.688,0.83
2026-05-22T14:00:00Z,2.5722235,20,22,18,1025,8000,Sem Info,Few,396.24,21.761,0.78
2026-05-22T15:00:00Z,3.0866682,10,22,17,1025,10000,Sem Info,Scattered,548.64,21.858,0.73
2026-05-22T16:00:00Z,2.0577788,360,22,17,1024,8000,Sem Info,Few,762.0,21.86,0.73
2026-05-22T17:00:00Z,2.5722235,30,23,17,1023,8000,Sem Info,Few,762.0,21.879,0.69
2026-05-22T18:00:00Z,2.0577788,120,23,17,1023,8000,Sem Info,Few,762.0,21.864,0.69
2026-05-22T19:00:00Z,2.0577788,130,22,18,1023,10000,Sem Info,Few,762.0,21.84,0.78
2026-05-22T20:00:00Z,3.0866682,120,21,18,1024,10000,Sem Info,Few,762.0,21.805,0.83
2026-05-22T20:41:00Z,3.6011129,90,20,18,1024,4000,Light intensity: Rain,Few,762.0,19.341,0.88
2026-05-22T21:00:00Z,3.0866682,90,20,18,1024,4000,Light intensity: Rain,Few,762.0,21.764,0.88
2026-05-22T21:39:00Z,1.0288894,90,20,18,1024,8000,Light intensity: Rain,Few,762.0,19.948,0.88
2026-05-22T22:00:00Z,1.5433341,70,20,18,1024,8000,Light intensity: Rain,Few,762.0,21.723,0.88
2026-05-22T23:00:00Z,2.0577788,90,21,18,1024,10000,Sem Info,Few,762.0,21.688,0.83
2026-05-23T00:00:00Z,2.0577788,80,21,18,1024,10000,Sem Info,Few,762.0,21.654,0.83
2026-05-23T01:00:00Z,1.5433341,100,20,18,1024,10000,Sem Info,Few,762.0,21.622,0.88
2026-05-23T02:00:00Z,1.0288894,90,20,18,1024,10000,Sem Info,Scattered,914.4,21.586,0.88
2026-05-23T03:00:00Z,2.0577788,100,20,18,1024,10000,Sem Info,Scattered,914.4,21.549,0.88
2026-05-23T04:00:00Z,1.5433341,100,20,18,1023,10000,Sem Info,Scattered,914.4,21.521,0.88
2026-05-23T05:00:00Z,1.5433341,110,20,18,1023,10000,Sem Info,Scattered,914.4,21.492,0.88
2026-05-23T06:00:00Z,1.5433341,140,19,18,1022,10000,Sem Info,Scattered,914.4,21.464,0.94
2026-05-23T07:00:00Z,1.5433341,90,18,17,1022,10000,Sem Info,Scattered,914.4,21.431,0.94
2026-05-23T08:00:00Z,1.5433341,30,19,18,1022,10000,Sem Info,Scattered,914.4,21.402,0.94
2026-05-23T09:00:00Z,1.0288894,80,18,17,1022,6000,Sem Info,Few,152.4,21.374,0.94
2026-05-23T10:00:00Z,1.0288894,100,18,17,1022,10000,Sem Info,Few,152.4,21.341,0.94
2026-05-23T11:00:00Z,1.5433341,50,21,19,1023,10000,Sem Info,Scattered,213.36,21.341,0.88
2026-05-23T12:00:00Z,2.5722235,10,21,18,1023,10000,Sem Info,Scattered,274.32,21.386,0.83
2026-05-23T13:00:00Z,2.0577788,20,22,18,1022,10000,Sem Info,Few,396.24,21.466,0.78
2026-05-23T14:00:00Z,3.0866682,10,23,18,1022,10000,Sem Info,Few,548.64,21.558,0.73
2026-05-23T15:00:00Z,3.6011129,30,23,19,1021,10000,Sem Info,Few,548.64,21.651,0.78
2026-05-23T16:00:00Z,2.5722235,50,26,18,1020,10000,Sem Info,Few,609.6,21.725,0.61
2026-05-23T17:00:00Z,1.0288894,50,26,18,1020,10000,Sem Info,Few,609.6,21.792,0.61
2026-05-23T18:00:00Z,3.0866682,120,27,18,1019,10000,Sem Info,Few,762.0,21.861,0.58
2026-05-23T19:00:00Z,3.6011129,120,25,19,1019,10000,Sem Info,Few,762.0,21.886,0.69
2026-05-23T20:00:00Z,2.5722235,160,24,19,1020,10000,Sem Info,Few,762.0,21.887,0.74
2026-05-23T21:00:00Z,0.5144447,160,24,19,1020,10000,Sem Info,Few,762.0,21.865,0.74
2026-05-23T22:00:00Z,0.5144447,80,23,19,1020,10000,Sem Info,Few,762.0,21.871,0.78
2026-05-23T23:00:00Z,2.0577788,210,23,19,1021,10000,Sem Info,Few,1219.2,21.853,0.78
2026-05-24T00:00:00Z,1.0288894,360,22,19,1020,10000,Sem Info,Few,914.4,21.831,0.83
2026-05-24T01:00:00Z,2.0577788,280,23,20,1021,10000,Sem Info,Few,762.0,21.805,0.83
2026-05-24T02:00:00Z,2.0577788,260,22,20,1020,10000,Sem Info,Few,609.6,21.776,0.88
2026-05-24T03:00:00Z,0.5144447,260,21,19,1020,10000,Sem Info,Few,609.6,21.746,0.88
2026-05-24T04:00:00Z,1.0288894,240,21,19,1019,7000,Sem Info,Few,609.6,21.712,0.88
2026-05-24T05:00:00Z,1.5433341,80,20,19,1019,5000,Mist (French: Brume),Few,914.4,21.674,0.94
2026-05-24T06:00:00Z,0.5144447,80,20,19,1018,5000,Mist (French: Brume),Few,914.4,21.634,0.94
2026-05-24T07:00:00Z,0.5144447,60,20,19,1018,5000,Mist (French: Brume),Few,243.84,21.595,0.94
2026-05-24T08:00:00Z,0.5144447,30,20,19,1018,5000,Mist (French: Brume),Few,243.84,21.555,0.94
2026-05-24T09:00:00Z,1.0288894,80,20,19,1018,5000,Mist (French: Brume),Broken,243.84,21.52,0.94
2026-05-24T10:00:00Z,1.5433341,20,21,20,1019,4000,Mist (French: Brume),Broken,243.84,21.453,0.94
2026-05-24T11:00:00Z,1.0288894,20,21,20,1020,4000,Mist (French: Brume),Broken,213.36,21.464,0.94
2026-05-24T12:00:00Z,2.0577788,30,23,20,1020,4000,Mist (French: Brume),Broken,213.36,21.578,0.83
2026-05-24T13:00:00Z,2.0577788,40,24,20,1020,4000,Haze,Broken,365.76,21.783,0.78
2026-05-24T13:23:00Z,2.5722235,20,24,20,1020,5000,Haze,Few,457.2,24.442,0.78
2026-05-24T14:00:00Z,2.5722235,10,25,19,1019,5000,Haze,Few,548.64,22.064,0.69
2026-05-24T15:00:00Z,2.5722235,20,26,20,1018,6000,Sem Info,Few,548.64,22.29,0.7
2026-05-24T16:00:00Z,2.0577788,360,26,20,1017,6000,Sem Info,Few,548.64,22.487,0.7
2026-05-24T17:00:00Z,3.6011129,50,27,20,1017,8000,Sem Info,Few,762.0,22.619,0.66
2026-05-24T18:00:00Z,3.6011129,130,26,20,1016,8000,Sem Info,Few,762.0,22.697,0.7
2026-05-24T19:00:00Z,3.6011129,130,25,19,1017,9000,Sem Info,Few,762.0,22.701,0.69
2026-05-24T20:00:00Z,4.1155576,130,24,20,1017,9000,Sem Info,Few,914.4,22.691,0.78
2026-05-24T21:00:00Z,3.6011129,200,24,20,1018,10000,Sem Info,Few,609.6,22.656,0.78
2026-05-24T22:00:00Z,1.5433341,130,23,20,1018,10000,Sem Info,Few,609.6,22.642,0.83
2026-05-24T23:00:00Z,3.0866682,120,23,20,1019,10000,Sem Info,Scattered,579.12,22.613,0.83
2026-05-25T00:00:00Z,4.6300023,110,23,20,1019,10000,Sem Info,Broken,640.0799999999999,22.584,0.83
2026-05-25T01:00:00Z,3.6011129,120,23,20,1019,10000,Sem Info,Broken,640.0799999999999,22.559,0.83
2026-05-25T02:00:00Z,2.0577788,80,23,20,1019,10000,Sem Info,Broken,518.16,22.53,0.83
2026-05-25T03:00:00Z,2.5722235,120,23,20,1019,10000,Sem Info,Broken,518.16,22.501,0.83
2026-05-25T04:00:00Z,1.5433341,160,23,20,1019,10000,Sem Info,Broken,457.2,22.466,0.83
2026-05-25T05:00:00Z,2.0577788,170,23,20,1018,8000,Sem Info,Broken,457.2,22.434,0.83
2026-05-25T06:00:00Z,2.0577788,180,22,20,1019,3500,Light intensity: Rain,Broken,396.24,22.407,0.88
2026-05-25T07:00:00Z,1.5433341,300,22,21,1019,3500,Light intensity: Rain,Scattered,182.88,22.379,0.94
2026-05-25T08:00:00Z,1.5433341,260,22,20,1019,6000,Sem Info,Scattered,518.16,22.348,0.88
2026-05-25T09:00:00Z,2.5722235,250,22,20,1020,4500,Light intensity: Rain,Scattered,274.32,22.321,0.88
2026-05-25T10:00:00Z,2.0577788,230,22,20,1020,8000,Sem Info,Scattered,213.36,22.312,0.88
2026-05-25T11:00:00Z,3.0866682,230,22,21,1021,8000,Sem Info,Scattered,426.72,22.306,0.94
2026-05-25T12:00:00Z,2.5722235,230,23,20,1021,7000,Sem Info,Scattered,731.52,22.331,0.83
2026-05-25T13:00:00Z,3.6011129,250,24,20,1021,10000,Sem Info,Few,304.8,22.36,0.78
2026-05-25T14:00:00Z,3.6011129,220,25,20,1021,10000,Sem Info,Few,457.2,22.325,0.74
2026-05-25T15:00:00Z,3.6011129,220,24,19,1020,10000,Sem Info,Few,457.2,22.34,0.74
2026-05-25T16:00:00Z,3.6011129,250,24,19,1020,8000,Sem Info,Few,304.8,22.298,0.74
2026-05-25T17:00:00Z,3.6011129,230,24,19,1020,8000,Sem Info,Few,304.8,22.317,0.74
2026-05-25T18:00:00Z,1.0288894,230,24,19,1020,8000,Sem Info,Scattered,853.4399999999999,22.337,0.74
2026-05-25T19:00:00Z,1.5433341,40,23,20,1020,8000,Sem Info,Scattered,853.4399999999999,22.337,0.83
2026-05-25T20:00:00Z,1.5433341,40,23,20,1020,8000,Sem Info,Scattered,853.4399999999999,22.32,0.83
2026-05-25T21:00:00Z,2.0577788,20,23,20,1021,8000,Sem Info,Scattered,853.4399999999999,22.296,0.83
2026-05-25T22:00:00Z,1.0288894,330,23,19,1021,8000,Sem Info,Scattered,1066.8,22.277,0.78
2026-05-25T23:00:00Z,2.5722235,270,23,19,1022,10000,Sem Info,Scattered,548.64,22.255,0.78
2026-05-26T00:00:00Z,1.0288894,270,23,19,1022,10000,Sem Info,Few,548.64,22.233,0.78
2026-05-26T01:00:00Z,2.5722235,360,22,20,1022,8000,Sem Info,Few,548.64,22.213,0.88
2026-05-26T02:00:00Z,2.5722235,350,22,20,1022,8000,Sem Info,Scattered,182.88,22.193,0.88
2026-05-26T03:00:00Z,1.5433341,20,22,20,1021,8000,Sem Info,Few,182.88,22.172,0.88
2026-05-26T04:00:00Z,1.0288894,70,22,20,1021,9000,Sem Info,Few,182.88,22.147,0.88
2026-05-26T05:00:00Z,2.0577788,100,22,20,1021,8000,Sem Info,Scattered,243.84,22.124,0.88
2026-05-26T06:00:00Z,1.5433341,120,21,20,1020,9000,Sem Info,Few,243.84,22.101,0.94
2026-05-26T07:00:00Z,0.5144447,120,21,20,1020,9000,Sem Info,Few,243.84,22.077,0.94
2026-05-26T08:00:00Z,1.5433341,90,21,20,1020,10000,Sem Info,Few,243.84,22.051,0.94
2026-05-26T09:00:00Z,1.0288894,50,22,20,1020,10000,Sem Info,Few,274.32,22.024,0.88
2026-05-26T10:00:00Z,1.0288894,50,22,20,1021,9000,Sem Info,Few,274.32,21.983,0.88
2026-05-26T11:00:00Z,1.0288894,50,22,20,1022,10000,Sem Info,Few,274.32,21.994,0.88
2026-05-26T12:00:00Z,1.0288894,100,23,20,1022,10000,Sem Info,Few,274.32,22.034,0.83
2026-05-26T13:00:00Z,2.0577788,120,24,19,1022,10000,Sem Info,Few,365.76,22.066,0.74
2026-05-26T14:00:00Z,2.5722235,40,26,20,1021,10000,Sem Info,Few,365.76,22.134,0.7
2026-05-26T15:00:00Z,3.6011129,60,26,19,1020,10000,Sem Info,Broken,762.0,22.195,0.65
2026-05-26T16:00:00Z,3.6011129,60,26,19,1019,10000,Sem Info,Scattered,762.0,22.253,0.65
2026-05-26T17:00:00Z,3.6011129,70,26,20,1018,10000,Sem Info,Scattered,762.0,22.338,0.7
2026-05-26T18:00:00Z,2.5722235,130,26,20,1018,10000,Sem Info,Scattered,762.0,22.384,0.7
2026-05-26T19:00:00Z,2.5722235,140,26,20,1018,10000,Sem Info,Scattered,762.0,22.399,0.7
2026-05-26T20:00:00Z,2.0577788,120,24,20,1017,10000,Sem Info,Scattered,914.4,22.401,0.78
2026-05-26T21:00:00Z,4.6300023,70,24,19,1017,10000,Sem Info,Few,914.4,22.372,0.74
2026-05-26T22:00:00Z,3.6011129,90,23,19,1017,10000,Sem Info,Few,914.4,22.353,0.78
2026-05-26T23:00:00Z,3.6011129,110,22,19,1017,10000,Sem Info,Few,914.4,22.318,0.83
2026-05-27T00:00:00Z,1.5433341,100,22,18,1018,10000,Sem Info,Few,914.4,22.287,0.78
2026-05-27T01:00:00Z,2.0577788,70,21,19,1018,10000,Sem Info,Few,914.4,22.251,0.88
2026-05-27T02:00:00Z,1.5433341,90,22,19,1018,10000,Sem Info,Few,914.4,22.21,0.83
2026-05-27T03:00:00Z,2.0577788,90,21,19,1017,8000,Sem Info,Few,914.4,22.165,0.88
2026-05-27T04:00:00Z,1.5433341,90,21,19,1017,10000,Sem Info,Few,914.4,22.119,0.88
2026-05-27T05:00:00Z,1.5433341,90,21,19,1017,8000,Sem Info,Few,914.4,22.071,0.88
2026-05-27T06:00:00Z,1.5433341,160,20,19,1016,8000,Sem Info,Few,243.84,22.02,0.94
2026-05-27T07:00:00Z,1.5433341,160,20,19,1016,8000,Sem Info,Few,243.84,21.966,0.94
2026-05-27T08:00:00Z,1.5433341,330,21,19,1015,5000,Mist (French: Brume),Scattered,243.84,21.91,0.88
2026-05-27T09:00:00Z,1.5433341,50,20,19,1015,5000,Mist (French: Brume),Few,213.36,21.851,0.94
2026-05-27T10:00:00Z,2.0577788,320,20,19,1016,6000,Sem Info,Broken,182.88,21.81,0.94
2026-05-27T10:07:00Z,2.0577788,290,20,19,1016,6000,Sem Info,Few,152.4,20.347,0.94
2026-05-27T11:00:00Z,1.5433341,330,21,20,1016,6000,Sem Info,Scattered,243.84,21.814,0.94
2026-05-27T12:00:00Z,2.0577788,10,23,20,1017,6000,Sem Info,Few,243.84,21.905,0.83
2026-05-27T13:00:00Z,2.5722235,10,24,20,1017,6000,Sem Info,Few,243.84,22.052,0.78
2026-05-27T14:00:00Z,3.0866682,340,27,21,1016,7000,Sem Info,Few,243.84,22.226,0.7
2026-05-27T15:00:00Z,3.0866682,320,28,21,1016,7000,Sem Info,Scattered,243.84,22.421,0.66
2026-05-27T16:00:00Z,4.1155576,140,26,21,1016,8000,Sem Info,Scattered,457.2,22.568,0.74
2026-05-27T17:00:00Z,8.2311152,210,29,20,1016,9000,Sem Info,Scattered,457.2,22.6,0.58
2026-05-27T18:00:00Z,7.716670499999999,220,27,20,1016,9000,Sem Info,Scattered,457.2,22.589,0.66
2026-05-27T19:00:00Z,7.716670499999999,220,25,19,1016,10000,Sem Info,Scattered,792.48,22.561,0.69
2026-05-27T20:00:00Z,6.6877811,220,25,19,1017,10000,Sem Info,Scattered,792.48,22.551,0.69
2026-05-27T21:00:00Z,6.6877811,220,24,19,1016,10000,Sem Info,Few,792.48,22.523,0.74
2026-05-27T22:00:00Z,6.1733364,220,24,19,1018,10000,Sem Info,Few,792.48,22.494,0.74
2026-05-27T23:00:00Z,4.6300023,220,24,17,1019,10000,Sem Info,Few,792.48,22.457,0.65
2026-05-28T00:00:00Z,6.1733364,240,23,16,1019,10000,Sem Info,Few,792.48,22.423,0.65
2026-05-28T01:00:00Z,5.144447,230,23,17,1020,10000,Sem Info,Scattered,1005.84,22.39,0.69
2026-05-28T02:00:00Z,6.1733364,230,23,17,1020,10000,Sem Info,Scattered,792.48,22.352,0.69
2026-05-28T03:00:00Z,5.6588917,230,23,17,1020,10000,Sem Info,Broken,701.04,22.311,0.69
2026-05-28T04:00:00Z,6.1733364,250,22,17,1019,8000,Sem Info,Few,304.8,22.265,0.73
2026-05-28T05:00:00Z,5.144447,260,22,16,1019,8000,Sem Info,Few,304.8,22.218,0.69
2026-05-28T06:00:00Z,4.6300023,210,22,16,1019,7000,Sem Info,Few,304.8,22.172,0.69
2026-05-28T07:00:00Z,4.6300023,200,21,16,1018,7000,Sem Info,Few,304.8,22.121,0.73
2026-05-28T08:00:00Z,2.5722235,350,21,17,1019,8000,Sem Info,Broken,701.04,22.071,0.78
2026-05-28T09:00:00Z,2.0577788,290,21,18,1019,8000,Sem Info,Few,701.04,22.016,0.83
2026-05-28T10:00:00Z,2.5722235,270,21,16,1020,10000,Sem Info,Few,701.04,21.939,0.73
2026-05-28T11:00:00Z,3.0866682,290,22,16,1021,10000,Sem Info,Scattered,1005.84,21.916,0.69
2026-05-28T12:00:00Z,2.0577788,320,23,16,1021,10000,Sem Info,Broken,1036.32,21.932,0.65
2026-05-28T13:00:00Z,2.0577788,320,23,17,1021,10000,Sem Info,Scattered,944.88,21.96,0.69
2026-05-28T14:00:00Z,1.5433341,310,24,16,1021,10000,Sem Info,Scattered,1005.84,21.987,0.61
2026-05-28T15:00:00Z,2.0577788,320,26,16,1020,10000,Sem Info,Scattered,1127.76,22.029,0.54
2026-05-28T16:00:00Z,2.5722235,250,25,16,1019,10000,Sem Info,Broken,1158.24,22.073,0.57
2026-05-28T17:00:00Z,4.1155576,210,26,16,1019,10000,Sem Info,Scattered,1249.68,22.118,0.54
2026-05-28T18:00:00Z,5.6588917,200,25,15,1018,10000,Sem Info,Few,914.4,22.136,0.54
2026-05-28T19:00:00Z,6.1733364,200,24,16,1018,10000,Sem Info,Few,762.0,22.127,0.61
2026-05-28T20:00:00Z,5.144447,200,23,17,1019,10000,Sem Info,Few,762.0,22.08,0.69
2026-05-28T21:00:00Z,3.6011129,200,22,17,1020,10000,Sem Info,Few,1371.6,22.017,0.73
2026-05-28T22:00:00Z,3.6011129,210,22,17,1020,10000,Sem Info,Few,1432.56,21.975,0.73
2026-05-28T23:00:00Z,3.0866682,220,22,17,1021,10000,Sem Info,Few,1371.6,21.92,0.73
2026-05-29T00:00:00Z,2.5722235,280,21,17,1021,10000,Sem Info,Few,1371.6,21.863,0.78
2026-05-29T01:00:00Z,1.5433341,260,21,17,1021,10000,Sem Info,Few,1371.6,21.809,0.78
2026-05-29T02:00:00Z,1.5433341,300,21,17,1021,10000,Sem Info,Few,609.6,21.755,0.78
2026-05-29T03:00:00Z,1.0288894,340,19,17,1021,10000,Sem Info,Few,548.64,21.703,0.88
2026-05-29T04:00:00Z,1.0288894,10,19,17,1021,10000,Sem Info,Few,457.2,21.656,0.88
2026-05-29T05:00:00Z,2.5722235,10,20,18,1020,6000,Sem Info,Few,609.6,21.613,0.88
2026-05-29T06:00:00Z,2.0577788,330,19,17,1020,4000,Mist (French: Brume),Few,609.6,21.571,0.88
2026-05-29T07:00:00Z,0.5144447,340,20,17,1020,6000,Sem Info,Few,609.6,21.529,0.83
2026-05-29T08:00:00Z,1.5433341,320,19,17,1020,6000,Sem Info,Few,609.6,21.488,0.88
2026-05-29T09:00:00Z,0.5144447,20,19,17,1020,8000,Sem Info,Few,762.0,21.448,0.88
2026-05-29T10:00:00Z,0.5144447,340,20,17,1021,8000,Sem Info,Scattered,762.0,21.418,0.83
2026-05-29T11:00:00Z,1.5433341,320,21,17,1022,8000,Sem Info,Few,762.0,21.394,0.78
2026-05-29T12:00:00Z,1.0288894,320,22,17,1022,8000,Sem Info,Few,762.0,21.425,0.73
2026-05-29T13:00:00Z,1.0288894,320,23,17,1022,9000,Sem Info,Few,762.0,21.522,0.69
2026-05-29T14:00:00Z,3.6011129,130,22,17,1022,10000,Sem Info,Few,396.24,21.609,0.73
2026-05-29T15:00:00Z,2.5722235,120,22,16,1022,10000,Sem Info,Few,609.6,21.673,0.69
2026-05-29T16:00:00Z,2.5722235,130,23,16,1021,10000,Sem Info,Few,1310.64,21.692,0.65
2026-05-29T17:00:00Z,2.5722235,140,23,16,1020,10000,Sem Info,Scattered,1371.6,21.699,0.65
2026-05-29T18:00:00Z,2.5722235,150,24,16,1020,10000,Sem Info,Few,1371.6,21.682,0.61
2026-05-29T19:00:00Z,2.5722235,140,23,16,1020,10000,Sem Info,Few,1219.2,21.653,0.65
2026-05-29T20:00:00Z,2.5722235,130,22,12,1020,10000,Sem Info,Few,1219.2,21.611,0.53
2026-05-29T21:00:00Z,3.6011129,150,22,17,1020,10000,Sem Info,Few,1219.2,21.567,0.73
2026-05-29T22:00:00Z,2.5722235,160,22,16,1021,10000,Sem Info,Broken,1219.2,21.537,0.69
2026-05-29T23:00:00Z,1.0288894,120,22,16,1021,10000,Sem Info,Broken,1219.2,21.494,0.69
2026-05-30T00:00:00Z,2.0577788,90,22,17,1021,10000,Sem Info,Broken,1219.2,21.45,0.73
2026-05-30T01:00:00Z,1.5433341,70,21,17,1021,10000,Sem Info,Broken,1219.2,21.406,0.78
2026-05-30T02:00:00Z,1.5433341,100,21,17,1021,10000,Sem Info,Broken,1219.2,21.361,0.78
2026-05-30T03:00:00Z,1.0288894,100,21,17,1021,10000,Sem Info,Broken,1219.2,21.32,0.78
2026-05-30T04:00:00Z,3.0866682,70,21,16,1021,10000,Sem Info,Broken,1219.2,21.275,0.73
2026-05-30T05:00:00Z,2.0577788,120,21,16,1020,10000,Sem Info,Broken,1219.2,21.23,0.73
2026-05-30T06:00:00Z,2.0577788,110,20,16,1020,10000,Sem Info,Broken,1219.2,21.188,0.78
2026-05-30T07:00:00Z,1.0288894,150,20,17,1020,10000,Sem Info,Broken,1219.2,21.144,0.83
2026-05-30T08:00:00Z,1.5433341,130,20,17,1020,10000,Sem Info,Broken,1219.2,21.105,0.83
2026-05-30T09:00:00Z,2.0577788,90,20,17,1020,10000,Sem Info,Broken,1219.2,21.06,0.83
2026-05-30T10:00:00Z,1.5433341,90,20,17,1021,10000,Sem Info,Broken,1219.2,21.039,0.83
2026-05-30T11:00:00Z,2.0577788,40,21,17,1021,10000,Sem Info,Broken,1371.6,21.026,0.78
2026-05-30T12:00:00Z,2.5722235,360,22,18,1022,10000,Sem Info,Few,396.24,21.054,0.78
2026-05-30T13:00:00Z,2.0577788,130,24,17,1022,10000,Sem Info,Few,1371.6,21.126,0.65
2026-05-30T14:00:00Z,3.0866682,50,25,17,1021,10000,Sem Info,No,0.0,21.24,0.61
2026-05-30T15:00:00Z,3.6011129,40,25,17,1020,10000,Sem Info,No,0.0,21.358,0.61
2026-05-30T16:00:00Z,3.0866682,180,25,17,1019,10000,Sem Info,No,0.0,21.45,0.61
2026-05-30T17:00:00Z,3.0866682,10,26,16,1018,10000,Sem Info,No,0.0,21.518,0.54
2026-05-30T18:00:00Z,2.5722235,60,26,16,1018,10000,Sem Info,No,0.0,21.553,0.54
2026-05-30T19:00:00Z,4.1155576,140,25,17,1017,10000,Sem Info,No,0.0,21.569,0.61
2026-05-30T20:00:00Z,2.5722235,130,24,17,1017,10000,Sem Info,No,0.0,21.551,0.65
2026-05-30T21:00:00Z,2.5722235,140,23,18,1018,10000,Sem Info,No,0.0,21.52,0.73
2026-05-30T22:00:00Z,2.5722235,90,22,18,1018,10000,Sem Info,No,0.0,21.529,0.78
2026-05-30T23:00:00Z,2.0577788,90,22,17,1018,10000,Sem Info,No,0.0,21.498,0.73
2026-05-31T00:00:00Z,1.5433341,120,21,17,1018,10000,Sem Info,No,0.0,21.463,0.78
2026-05-31T01:00:00Z,0.5144447,120,20,17,1018,10000,Sem Info,No,0.0,21.424,0.83
2026-05-31T02:00:00Z,2.0577788,60,20,17,1018,10000,Sem Info,No,0.0,21.38,0.83
2026-05-31T03:00:00Z,1.0288894,240,21,18,1018,10000,Sem Info,Few,1219.2,21.332,0.83
2026-05-31T04:00:00Z,4.1155576,240,22,17,1018,10000,Sem Info,Scattered,1371.6,21.282,0.73
2026-05-31T05:00:00Z,3.6011129,280,22,18,1018,10000,Sem Info,Scattered,1371.6,21.233,0.78
2026-05-31T06:00:00Z,2.0577788,290,22,19,1018,10000,Sem Info,Few,914.4,21.183,0.83
2026-05-31T07:00:00Z,2.5722235,330,22,19,1018,10000,Sem Info,Few,914.4,21.136,0.83
2026-05-31T08:00:00Z,3.0866682,260,22,18,1018,10000,Sem Info,Scattered,609.6,21.09,0.78
2026-05-31T09:00:00Z,1.5433341,320,21,19,1018,10000,Sem Info,Few,548.64,21.039,0.88
2026-05-31T10:00:00Z,3.0866682,300,21,19,1019,10000,Light intensity: Rain,Broken,518.16,21.035,0.88
2026-05-31T11:00:00Z,2.0577788,260,22,18,1019,10000,Sem Info,Broken,609.6,21.028,0.78
2026-05-31T12:00:00Z,3.6011129,270,24,19,1020,10000,Sem Info,Scattered,609.6,21.058,0.74
2026-05-31T13:00:00Z,2.0577788,250,25,18,1020,10000,Sem Info,Scattered,609.6,21.128,0.65
2026-05-31T14:00:00Z,3.0866682,240,26,18,1019,10000,Sem Info,Scattered,670.56,21.224,0.61
2026-05-31T15:00:00Z,3.6011129,180,26,19,1019,10000,Sem Info,Scattered,670.56,21.319,0.65
2026-05-31T16:00:00Z,4.1155576,230,26,18,1018,10000,Sem Info,Scattered,670.56,21.427,0.61
2026-05-31T17:00:00Z,5.6588917,200,25,17,1017,10000,Sem Info,Scattered,670.56,21.519,0.61
2026-05-31T18:00:00Z,5.6588917,210,25,16,1017,10000,Sem Info,Few,640.0799999999999,21.569,0.57
2026-05-31T19:00:00Z,7.2022258,220,24,17,1017,10000,Sem Info,Broken,1219.2,21.579,0.65
2026-05-31T20:00:00Z,5.6588917,220,24,17,1017,10000,Sem Info,Scattered,1219.2,21.559,0.65
2026-05-31T21:00:00Z,4.1155576,220,23,16,1018,10000,Sem Info,Broken,1219.2,21.53,0.65
2026-05-31T22:00:00Z,3.6011129,230,23,16,1018,10000,Sem Info,Broken,1219.2,21.501,0.65
2026-05-31T23:00:00Z,3.0866682,250,22,17,1019,10000,Sem Info,Broken,1219.2,21.468,0.73
2026-06-01T00:00:00Z,3.6011129,240,22,17,1019,10000,Sem Info,Broken,1219.2,21.433,0.73
2026-06-01T01:00:00Z,3.0866682,250,22,18,1019,10000,Sem Info,Broken,1219.2,21.401,0.78
2026-06-01T02:00:00Z,3.0866682,250,22,18,1019,10000,Sem Info,Broken,1219.2,21.368,0.78
2026-06-01T03:00:00Z,2.0577788,250,21,18,1019,10000,Sem Info,Broken,914.4,21.33,0.83
2026-06-01T04:00:00Z,2.5722235,280,21,18,1019,10000,Sem Info,Broken,914.4,21.293,0.83
2026-06-01T05:00:00Z,1.5433341,280,21,17,1018,10000,Sem Info,Few,914.4,21.258,0.78
2026-06-01T06:00:00Z,2.0577788,330,21,18,1018,10000,Sem Info,Few,914.4,21.221,0.83
2026-06-01T07:00:00Z,2.0577788,330,20,18,1018,10000,Sem Info,Few,1219.2,21.187,0.88
2026-06-01T08:00:00Z,2.0577788,330,20,19,1018,8000,Sem Info,Few,1219.2,21.15,0.94
2026-06-01T09:00:00Z,1.0288894,220,19,17,1018,8000,Sem Info,Few,914.4,21.111,0.88
2026-06-01T10:00:00Z,1.0288894,320,19,17,1019,8000,Sem Info,Few,1066.8,21.109,0.88
2026-06-01T11:00:00Z,1.5433341,330,22,18,1019,10000,Sem Info,Few,914.4,21.114,0.78
2026-06-01T12:00:00Z,1.5433341,360,23,18,1019,10000,Sem Info,Few,914.4,21.165,0.73
2026-06-01T13:00:00Z,2.0577788,350,25,18,1020,10000,Sem Info,Few,792.48,21.23,0.65
2026-06-01T14:00:00Z,2.5722235,260,26,17,1020,10000,Sem Info,Scattered,914.4,21.347,0.58
2026-06-01T15:00:00Z,3.6011129,260,26,18,1019,10000,Sem Info,Scattered,1005.84,21.468,0.61
2026-06-01T16:00:00Z,3.0866682,130,25,18,1018,10000,Sem Info,Broken,914.4,21.561,0.65
2026-06-01T17:00:00Z,3.0866682,130,25,18,1018,10000,Sem Info,Broken,792.48,21.64,0.65
2026-06-01T18:00:00Z,2.5722235,190,25,18,1018,10000,Sem Info,Broken,792.48,21.683,0.65
2026-06-01T19:00:00Z,5.144447,210,24,18,1018,10000,Sem Info,Broken,762.0,21.691,0.69
2026-06-01T20:00:00Z,6.1733364,200,23,18,1018,10000,Sem Info,Broken,762.0,21.671,0.73
2026-06-01T21:00:00Z,3.0866682,210,23,18,1019,10000,Sem Info,Broken,762.0,21.632,0.73
2026-06-01T22:00:00Z,3.6011129,240,22,17,1019,10000,Sem Info,Scattered,914.4,21.59,0.73
2026-06-01T23:00:00Z,2.5722235,240,23,18,1020,10000,Sem Info,Scattered,914.4,21.554,0.73
2026-06-02T00:00:00Z,3.6011129,240,22,18,1020,10000,Sem Info,Few,548.64,21.522,0.78
2026-06-02T01:00:00Z,1.0288894,240,22,18,1020,10000,Sem Info,Few,822.9599999999999,21.49,0.78
2026-06-02T02:00:00Z,1.5433341,130,22,18,1020,10000,Sem Info,Few,944.88,21.455,0.78
2026-06-02T03:00:00Z,1.0288894,130,22,19,1020,10000,Sem Info,Few,426.72,21.421,0.83
2026-06-02T04:00:00Z,5.144447,240,21,19,1021,3000,Rain,Broken,213.36,21.385,0.88
2026-06-02T04:08:00Z,7.716670499999999,240,20,19,1021,2500,Thunderstorm Rain,Few,914.4,19.962,0.94
2026-06-02T05:00:00Z,2.0577788,280,20,19,1020,10000,Light intensity: Rain,Few,914.4,21.348,0.94
2026-06-02T06:00:00Z,2.5722235,290,20,19,1021,10000,Sem Info,Few,182.88,21.314,0.94
2026-06-02T07:00:00Z,2.0577788,300,20,18,1020,10000,Sem Info,Few,213.36,21.28,0.88
2026-06-02T08:00:00Z,2.5722235,310,20,18,1020,6000,Sem Info,Few,152.4,21.246,0.88
2026-06-02T09:00:00Z,2.5722235,320,19,18,1021,9000,Sem Info,Scattered,213.36,21.208,0.94
2026-06-02T10:00:00Z,2.0577788,310,20,18,1022,9000,Sem Info,Few,365.76,21.186,0.88
2026-06-02T11:00:00Z,2.0577788,270,20,18,1022,9000,Sem Info,Few,243.84,21.16,0.88
2026-06-02T12:00:00Z,1.5433341,300,20,18,1023,9000,Sem Info,Scattered,213.36,21.139,0.88
2026-06-02T13:00:00Z,1.5433341,100,20,18,1024,3500,Light intensity: Rain,Scattered,213.36,21.132,0.88
2026-06-02T14:00:00Z,2.5722235,170,20,18,1023,4000,Light intensity: Rain,Scattered,213.36,21.137,0.88
2026-06-02T15:00:00Z,1.5433341,280,21,18,1023,10000,Sem Info,Scattered,365.76,21.153,0.83
2026-06-02T16:00:00Z,0.5144447,280,22,18,1022,10000,Sem Info,Few,396.24,21.134,0.78
2026-06-02T17:00:00Z,2.0577788,270,23,18,1021,10000,Sem Info,Few,457.2,21.122,0.73
2026-06-02T18:00:00Z,4.1155576,280,22,18,1021,10000,Sem Info,Few,457.2,21.101,0.78
2026-06-02T19:00:00Z,3.0866682,260,22,18,1022,10000,Sem Info,Few,457.2,21.086,0.78
2026-06-02T20:00:00Z,1.5433341,230,22,18,1022,10000,Sem Info,Few,457.2,21.064,0.78
2026-06-02T21:00:00Z,2.0577788,220,21,17,1022,10000,Sem Info,Few,457.2,21.033,0.78
2026-06-02T22:00:00Z,1.5433341,260,21,18,1023,10000,Sem Info,Scattered,609.6,20.999,0.83
2026-06-02T23:00:00Z,0.0,0,21,18,1023,10000,Sem Info,Scattered,609.6,20.965,0.83
2026-06-03T00:00:00Z,1.0288894,350,21,18,1024,10000,Sem Info,Scattered,609.6,20.925,0.83
2026-06-03T01:00:00Z,2.0577788,10,21,19,1024,10000,Sem Info,Scattered,487.68,20.886,0.88
2026-06-03T02:00:00Z,2.0577788,330,20,18,1024,10000,Sem Info,Scattered,274.32,20.849,0.88
2026-06-03T03:00:00Z,1.5433341,310,20,18,1024,10000,Sem Info,Scattered,274.32,20.815,0.88
2026-06-03T04:00:00Z,1.5433341,260,20,18,1024,10000,Sem Info,Scattered,274.32,20.778,0.88
2026-06-03T05:00:00Z,2.0577788,210,20,18,1024,10000,Sem Info,Few,274.32,20.748,0.88
2026-06-03T06:00:00Z,1.0288894,310,19,17,1023,10000,Sem Info,Few,396.24,20.714,0.88
2026-06-03T07:00:00Z,1.5433341,240,19,18,1024,8000,Sem Info,Few,182.88,20.676,0.94
2026-06-03T08:00:00Z,1.0288894,300,19,18,1024,8000,Sem Info,Few,182.88,20.632,0.94
2026-06-03T09:00:00Z,0.5144447,30,19,18,1024,10000,Sem Info,Few,182.88,20.586,0.94
2026-06-03T10:00:00Z,1.5433341,330,19,17,1025,9000,Sem Info,Few,182.88,20.595,0.88
2026-06-03T11:00:00Z,2.5722235,350,19,18,1025,8000,Sem Info,Few,182.88,20.584,0.94
2026-06-03T12:00:00Z,1.0288894,350,21,18,1026,9000,Sem Info,Broken,396.24,20.638,0.83
2026-06-03T13:00:00Z,3.0866682,360,22,18,1026,9000,Sem Info,Broken,457.2,20.735,0.78
2026-06-03T14:00:00Z,1.5433341,200,23,18,1025,10000,Sem Info,Broken,518.16,20.847,0.73
2026-06-03T15:00:00Z,2.5722235,200,24,18,1025,10000,Sem Info,Broken,609.6,20.969,0.69
2026-06-03T16:00:00Z,3.6011129,360,25,18,1024,10000,Sem Info,Scattered,762.0,21.079,0.65
2026-06-03T17:00:00Z,4.1155576,140,25,17,1024,10000,Sem Info,Scattered,762.0,21.139,0.61
2026-06-03T18:00:00Z,4.6300023,130,24,16,1024,10000,Sem Info,Scattered,762.0,21.165,0.61
2026-06-03T19:00:00Z,3.6011129,130,24,16,1024,10000,Sem Info,Few,457.2,21.169,0.61
2026-06-03T20:00:00Z,4.6300023,140,23,17,1024,10000,Sem Info,Few,762.0,21.149,0.69
2026-06-03T21:00:00Z,4.1155576,130,22,18,1025,10000,Sem Info,Few,609.6,21.116,0.78
2026-06-03T22:00:00Z,2.5722235,140,22,18,1025,10000,Sem Info,Few,609.6,21.074,0.78
2026-06-03T23:00:00Z,3.0866682,120,22,18,1026,10000,Sem Info,Few,609.6,21.035,0.78
2026-06-04T00:00:00Z,1.5433341,120,21,18,1026,10000,Sem Info,Few,609.6,20.995,0.83
2026-06-04T01:00:00Z,2.0577788,120,21,18,1026,10000,Sem Info,Few,609.6,20.956,0.83
2026-06-04T02:00:00Z,2.5722235,100,21,18,1026,10000,Sem Info,Scattered,914.4,20.919,0.83
2026-06-04T03:00:00Z,1.5433341,120,20,18,1026,10000,Sem Info,Scattered,914.4,20.877,0.88
2026-06-04T04:00:00Z,1.0288894,100,19,18,1026,10000,Sem Info,Scattered,914.4,20.839,0.94
2026-06-04T05:00:00Z,0.5144447,120,19,17,1026,10000,Sem Info,Scattered,914.4,20.797,0.88
2026-06-04T06:00:00Z,0.5144447,130,19,18,1026,10000,Sem Info,Scattered,914.4,20.757,0.94
2026-06-04T07:00:00Z,1.0288894,90,20,18,1025,10000,Sem Info,Scattered,457.2,20.725,0.88
2026-06-04T08:00:00Z,2.0577788,150,19,18,1026,10000,Sem Info,Scattered,457.2,20.693,0.94
2026-06-04T09:00:00Z,3.0866682,140,19,18,1026,8000,Light intensity: Rain,Scattered,365.76,20.658,0.94
2026-06-04T09:20:00Z,3.6011129,120,19,18,1026,4500,Light intensity: Rain,Broken,365.76,18.773,0.94
2026-06-04T10:00:00Z,3.0866682,70,19,17,1027,10000,Sem Info,Broken,609.6,20.625,0.88
2026-06-04T11:00:00Z,2.0577788,130,20,18,1027,4000,Sem Info,Scattered,609.6,20.61,0.88
2026-06-04T12:00:00Z,2.5722235,40,22,18,1028,10000,Sem Info,Few,762.0,20.621,0.78
2026-06-04T13:00:00Z,2.0577788,30,21,18,1028,10000,Sem Info,Few,762.0,20.663,0.83
2026-06-04T14:00:00Z,1.0288894,60,21,18,1028,10000,Sem Info,Few,762.0,20.729,0.83
2026-06-04T15:00:00Z,2.5722235,50,23,18,1027,10000,Sem Info,Few,762.0,20.799,0.73
2026-06-04T16:00:00Z,3.6011129,130,21,18,1026,9000,Sem Info,Few,762.0,20.85,0.83
2026-06-04T17:00:00Z,1.5433341,130,22,18,1026,10000,Sem Info,Few,762.0,20.882,0.78
2026-06-04T18:00:00Z,1.5433341,90,22,18,1026,10000,Sem Info,Few,914.4,20.913,0.78
2026-06-04T19:00:00Z,3.0866682,130,22,17,1026,10000,Sem Info,Few,914.4,20.92,0.73
2026-06-04T20:00:00Z,2.0577788,20,21,18,1026,10000,Sem Info,Scattered,914.4,20.892,0.83
2026-06-04T21:00:00Z,2.0577788,80,21,18,1026,10000,Sem Info,Few,914.4,20.85,0.83
2026-06-04T22:00:00Z,3.0866682,90,21,18,1026,10000,Sem Info,Few,914.4,20.815,0.83
2026-06-04T23:00:00Z,1.5433341,100,21,17,1027,10000,Sem Info,Few,609.6,20.778,0.78
2026-06-05T00:00:00Z,2.0577788,70,19,17,1027,10000,Sem Info,Few,609.6,20.736,0.88
2026-06-05T01:00:00Z,1.5433341,70,19,17,1027,10000,Sem Info,Few,609.6,20.696,0.88
2026-06-05T02:00:00Z,1.0288894,80,18,16,1027,10000,Sem Info,Few,609.6,20.653,0.88
2026-06-05T03:00:00Z,0.5144447,80,18,17,1027,9000,Sem Info,Few,213.36,20.609,0.94
2026-06-05T04:00:00Z,1.0288894,80,18,16,1027,8000,Sem Info,Few,213.36,20.559,0.88
2026-06-05T05:00:00Z,1.0288894,80,18,16,1026,8000,Sem Info,Few,213.36,20.514,0.88
2026-06-05T06:00:00Z,2.0577788,310,18,17,1025,8000,Sem Info,Few,213.36,20.468,0.94
2026-06-05T07:00:00Z,1.0288894,310,17,15,1025,7000,Sem Info,Few,213.36,20.424,0.88
2026-06-05T08:00:00Z,1.0288894,310,16,15,1025,7000,Sem Info,Few,213.36,20.379,0.94
2026-06-05T09:00:00Z,2.0577788,350,18,17,1025,4500,Mist (French: Brume),Few,213.36,20.326,0.94
2026-06-05T09:12:00Z,2.0577788,340,18,17,1025,2000,Mist (French: Brume),Few,152.4,18.353,0.94
2026-06-05T10:00:00Z,2.0577788,10,18,16,1025,2000,Sem Info,Scattered,152.4,20.265,0.88
2026-06-05T11:00:00Z,1.5433341,20,18,16,1026,2000,Sem Info,Scattered,152.4,20.24,0.88
2026-06-05T12:00:00Z,1.0288894,20,19,17,1026,3000,Sem Info,Scattered,274.32,20.26,0.88
2026-06-05T13:00:00Z,2.5722235,70,21,17,1026,10000,Sem Info,Scattered,822.9599999999999,20.301,0.78
2026-06-05T14:00:00Z,3.0866682,30,21,17,1026,8000,Sem Info,Scattered,487.68,20.374,0.78
2026-06-05T15:00:00Z,1.5433341,80,23,15,1025,8000,Sem Info,Scattered,1219.2,20.446,0.61
2026-06-05T16:00:00Z,1.5433341,70,23,15,1024,9000,Sem Info,Broken,914.4,20.496,0.61
2026-06-05T17:00:00Z,3.0866682,120,23,15,1023,10000,Sem Info,Broken,914.4,20.554,0.61
2026-06-05T18:00:00Z,3.6011129,80,23,14,1023,9000,Sem Info,Few,1005.84,20.576,0.57
2026-06-05T19:00:00Z,3.6011129,130,22,15,1023,10000,Sem Info,Broken,914.4,20.577,0.65
2026-06-05T20:00:00Z,3.0866682,140,21,15,1023,10000,Sem Info,Broken,914.4,20.536,0.69
2026-06-05T21:00:00Z,3.0866682,110,20,14,1023,10000,Sem Info,Broken,914.4,20.479,0.68
2026-06-05T22:00:00Z,2.0577788,120,20,14,1023,10000,Sem Info,Broken,1219.2,20.446,0.68
2026-06-05T23:00:00Z,3.6011129,110,21,14,1023,10000,Sem Info,Broken,1219.2,20.399,0.64
2026-06-06T00:00:00Z,3.0866682,110,20,14,1023,10000,Sem Info,Broken,1310.64,20.35,0.68
2026-06-06T01:00:00Z,3.6011129,80,20,15,1023,10000,Sem Info,Broken,1402.08,20.298,0.73
2026-06-06T02:00:00Z,2.5722235,50,18,15,1023,10000,Sem Info,Scattered,1402.08,20.245,0.83
2026-06-06T03:00:00Z,1.5433341,90,18,16,1023,10000,Sem Info,Scattered,1402.08,20.193,0.88
2026-06-06T04:00:00Z,2.0577788,90,17,15,1022,10000,Sem Info,Few,1402.08,20.133,0.88
2026-06-06T05:00:00Z,1.5433341,10,17,15,1021,8000,Sem Info,Few,243.84,20.073,0.88
2026-06-06T06:00:00Z,1.5433341,260,16,15,1021,7000,Sem Info,Few,243.84,20.012,0.94
2026-06-06T07:00:00Z,1.5433341,350,16,14,1021,7000,Sem Info,Few,243.84,19.954,0.88
2026-06-06T08:00:00Z,1.5433341,10,15,14,1020,7000,Sem Info,Few,243.84,19.89,0.94
2026-06-06T09:00:00Z,2.0577788,340,16,15,1020,6000,Sem Info,Few,243.84,19.822,0.94
2026-06-06T10:00:00Z,1.5433341,350,16,14,1021,6000,Sem Info,Few,243.84,19.776,0.88
2026-06-06T11:00:00Z,1.5433341,30,17,15,1021,7000,Sem Info,Few,457.2,19.752,0.88
2026-06-06T12:00:00Z,1.5433341,10,18,15,1021,8000,Sem Info,Few,457.2,19.781,0.83
2026-06-06T13:00:00Z,1.0288894,350,21,15,1021,9000,Sem Info,Few,609.6,19.868,0.69
2026-06-06T14:00:00Z,2.0577788,10,22,14,1020,10000,Sem Info,Few,609.6,19.985,0.6
2026-06-06T15:00:00Z,1.5433341,350,24,12,1019,10000,Sem Info,Scattered,609.6,20.127,0.47
2026-06-06T16:00:00Z,1.0288894,10,25,14,1018,10000,Sem Info,Scattered,762.0,20.279,0.5
2026-06-06T17:00:00Z,2.5722235,130,24,14,1017,10000,Sem Info,Scattered,914.4,20.412,0.54
2026-06-06T18:00:00Z,2.5722235,90,25,13,1016,10000,Sem Info,Scattered,1066.8,20.509,0.47
2026-06-06T19:00:00Z,3.6011129,60,24,13,1016,10000,Sem Info,Few,1219.2,20.549,0.5
2026-06-06T20:00:00Z,2.5722235,120,22,14,1017,10000,Sem Info,Few,1219.2,20.529,0.6
2026-06-06T21:00:00Z,3.0866682,140,21,16,1016,10000,Sem Info,No,0.0,20.476,0.73
2026-06-06T22:00:00Z,2.5722235,130,20,16,1016,10000,Sem Info,No,0.0,20.431,0.78
2026-06-06T23:00:00Z,1.0288894,130,18,15,1017,10000,Sem Info,No,0.0,20.367,0.83
2026-06-07T00:00:00Z,1.5433341,100,18,16,1017,10000,Sem Info,No,0.0,20.298,0.88
2026-06-07T01:00:00Z,1.5433341,100,18,15,1017,10000,Sem Info,No,0.0,20.227,0.83
2026-06-07T02:00:00Z,1.5433341,110,17,15,1017,10000,Sem Info,No,0.0,20.148,0.88
2026-06-07T03:00:00Z,1.0288894,70,17,15,1017,10000,Sem Info,No,0.0,20.065,0.88
2026-06-07T04:00:00Z,1.5433341,330,17,16,1017,10000,Sem Info,No,0.0,19.979,0.94
2026-06-07T05:00:00Z,1.5433341,330,17,15,1017,10000,Sem Info,No,0.0,19.89,0.88
2026-06-07T06:00:00Z,1.0288894,330,15,14,1017,10000,Sem Info,No,0.0,19.797,0.94
2026-06-07T07:00:00Z,1.5433341,330,16,14,1016,10000,Sem Info,No,0.0,19.702,0.88
2026-06-07T08:00:00Z,2.0577788,310,16,15,1017,10000,Sem Info,No,0.0,19.605,0.94
2026-06-07T09:00:00Z,1.0288894,310,16,14,1017,10000,Sem Info,No,0.0,19.506,0.88
2026-06-07T10:00:00Z,1.5433341,350,16,14,1017,10000,Sem Info,No,0.0,19.402,0.88
2026-06-07T11:00:00Z,2.0577788,350,17,15,1018,10000,Sem Info,No,0.0,19.353,0.88
2026-06-07T12:00:00Z,2.0577788,70,19,16,1018,10000,Sem Info,No,0.0,19.385,0.83
2026-06-07T13:00:00Z,2.0577788,350,21,15,1018,10000,Sem Info,No,0.0,19.483,0.69
2026-06-07T14:00:00Z,1.5433341,360,22,16,1017,10000,Sem Info,No,0.0,19.621,0.69
2026-06-07T15:00:00Z,1.5433341,40,25,16,1017,10000,Sem Info,No,0.0,19.776,0.57
2026-06-07T16:00:00Z,2.5722235,360,26,14,1016,10000,Sem Info,Few,1219.2,19.927,0.48
2026-06-07T17:00:00Z,4.1155576,260,28,11,1015,10000,Sem Info,Few,1219.2,20.054,0.35
2026-06-07T18:00:00Z,4.6300023,130,25,16,1015,10000,Sem Info,Few,1219.2,20.141,0.57
2026-06-07T19:00:00Z,4.1155576,120,24,17,1016,10000,Sem Info,Few,1219.2,20.178,0.65
2026-06-07T20:00:00Z,4.1155576,200,24,13,1016,10000,Sem Info,Few,1219.2,20.173,0.5
2026-06-07T21:00:00Z,3.0866682,200,22,14,1017,10000,Sem Info,Few,1219.2,20.142,0.6
2026-06-07T22:00:00Z,1.5433341,200,19,13,1018,10000,Sem Info,Few,1219.2,20.108,0.68
2026-06-07T23:00:00Z,1.5433341,320,20,16,1018,10000,Sem Info,Few,1219.2,20.069,0.78
2026-06-08T00:00:00Z,2.0577788,300,19,15,1019,10000,Sem Info,No,0.0,20.026,0.78
2026-06-08T01:00:00Z,2.5722235,320,19,16,1019,9000,Sem Info,No,0.0,19.98,0.83
2026-06-08T02:00:00Z,2.0577788,340,19,16,1019,9000,Sem Info,No,0.0,19.931,0.83
2026-06-08T03:00:00Z,1.5433341,320,17,14,1020,9000,Sem Info,No,0.0,19.879,0.83
2026-06-08T04:00:00Z,1.0288894,220,16,14,1020,9000,Sem Info,No,0.0,19.822,0.88
2026-06-08T05:00:00Z,1.5433341,10,16,13,1019,10000,Sem Info,No,0.0,19.761,0.82
2026-06-08T06:00:00Z,1.5433341,330,17,14,1019,10000,Sem Info,No,0.0,19.694,0.83
2026-06-08T07:00:00Z,1.0288894,90,15,13,1019,10000,Sem Info,No,0.0,19.621,0.88
2026-06-08T08:00:00Z,1.0288894,340,15,13,1019,10000,Sem Info,No,0.0,19.545,0.88
2026-06-08T09:00:00Z,0.0,0,14,12,1019,10000,Sem Info,No,0.0,19.466,0.88
2026-06-08T10:00:00Z,2.5722235,330,16,13,1020,8000,Sem Info,No,0.0,19.363,0.82
2026-06-08T11:00:00Z,0.5144447,330,18,14,1021,10000,Sem Info,No,0.0,19.325,0.77
2026-06-08T12:00:00Z,1.5433341,20,20,14,1021,10000,Sem Info,Few,274.32,19.363,0.68
2026-06-08T13:00:00Z,1.5433341,10,21,14,1021,10000,Sem Info,No,0.0,19.461,0.64
2026-06-08T14:00:00Z,1.5433341,10,22,16,1020,10000,Sem Info,No,0.0,19.595,0.69
2026-06-08T15:00:00Z,1.5433341,340,24,14,1019,10000,Sem Info,No,0.0,19.751,0.54
2026-06-08T16:00:00Z,2.5722235,350,25,13,1018,10000,Sem Info,No,0.0,19.905,0.47
2026-06-08T17:00:00Z,1.5433341,350,26,13,1018,10000,Sem Info,No,0.0,20.036,0.45
2026-06-08T18:00:00Z,2.5722235,120,25,16,1017,10000,Sem Info,No,0.0,20.124,0.57
2026-06-08T19:00:00Z,2.5722235,110,25,15,1017,10000,Sem Info,No,0.0,20.161,0.54
2026-06-08T20:00:00Z,2.5722235,140,23,16,1017,10000,Sem Info,No,0.0,20.152,0.65
2026-06-08T21:00:00Z,3.0866682,140,22,17,1017,10000,Sem Info,No,0.0,20.116,0.73
2026-06-08T22:00:00Z,3.0866682,150,22,18,1017,10000,Sem Info,No,0.0,20.089,0.78
2026-06-08T23:00:00Z,1.5433341,130,20,17,1018,10000,Sem Info,No,0.0,20.05,0.83
2026-06-09T00:00:00Z,1.5433341,90,20,17,1018,10000,Sem Info,No,0.0,20.008,0.83
2026-06-09T01:00:00Z,2.0577788,110,20,16,1018,10000,Sem Info,No,0.0,19.962,0.78
2026-06-09T02:00:00Z,1.0288894,100,18,16,1018,10000,Sem Info,No,0.0,19.906,0.88
2026-06-09T03:00:00Z,1.0288894,50,18,16,1018,10000,Sem Info,No,0.0,19.843,0.88
2026-06-09T04:00:00Z,0.5144447,40,17,15,1018,10000,Sem Info,No,0.0,19.775,0.88
2026-06-09T05:00:00Z,1.0288894,40,17,16,1017,9000,Sem Info,No,0.0,19.704,0.94
2026-06-09T06:00:00Z,1.0288894,330,17,16,1017,8000,Sem Info,No,0.0,19.628,0.94
2026-06-09T07:00:00Z,0.0,0,16,14,1016,7000,Sem Info,No,0.0,19.548,0.88
2026-06-09T08:00:00Z,0.0,0,16,14,1017,5000,Mist (French: Brume),Few,243.84,19.464,0.88
2026-06-09T09:00:00Z,1.5433341,50,16,15,1017,5000,Mist (French: Brume),Few,243.84,19.378,0.94
2026-06-09T10:00:00Z,1.5433341,50,16,15,1018,7000,Sem Info,Few,182.88,19.307,0.94
2026-06-09T11:00:00Z,1.5433341,360,18,17,1018,5000,Mist (French: Brume),Scattered,152.4,19.27,0.94
2026-06-09T11:34:00Z,1.0288894,10,19,18,1018,4000,Mist (French: Brume),Broken,121.92,19.048,0.94
2026-06-09T12:00:00Z,1.0288894,10,20,18,1018,4000,Mist (French: Brume),Broken,121.92,19.301,0.88
2026-06-09T12:19:00Z,1.5433341,350,21,17,1018,6000,Sem Info,Scattered,182.88,21.216,0.78
2026-06-09T13:00:00Z,1.0288894,340,22,17,1018,7000,Sem Info,Scattered,243.84,19.394,0.73
2026-06-09T14:00:00Z,1.0288894,340,24,15,1017,9000,Sem Info,Few,243.84,19.519,0.57
2026-06-09T15:00:00Z,1.5433341,350,25,16,1016,10000,Sem Info,Few,243.84,19.664,0.57
2026-06-09T16:00:00Z,1.0288894,360,28,16,1015,10000,Sem Info,Few,304.8,19.804,0.48
2026-06-09T17:00:00Z,1.0288894,360,29,15,1014,10000,Sem Info,No,0.0,19.922,0.43
2026-06-09T18:00:00Z,2.5722235,30,28,17,1013,10000,Sem Info,No,0.0,20.007,0.51
2026-06-09T19:00:00Z,3.0866682,40,27,17,1013,10000,Sem Info,No,0.0,20.056,0.54
2026-06-09T20:00:00Z,3.0866682,60,26,16,1013,10000,Sem Info,No,0.0,20.06,0.54
2026-06-09T21:00:00Z,1.0288894,100,23,17,1014,10000,Sem Info,No,0.0,20.04,0.69
2026-06-09T22:00:00Z,1.0288894,90,23,18,1014,10000,Sem Info,No,0.0,20.029,0.73
2026-06-09T23:00:00Z,1.5433341,50,21,18,1015,9000,Sem Info,No,0.0,20.006,0.83
2026-06-10T00:00:00Z,4.1155576,250,22,18,1015,10000,Sem Info,No,0.0,19.977,0.78
2026-06-10T01:00:00Z,1.0288894,250,21,18,1016,10000,Sem Info,No,0.0,19.94,0.83
2026-06-10T02:00:00Z,2.5722235,330,22,17,1016,8000,Sem Info,No,0.0,19.895,0.73
2026-06-10T03:00:00Z,1.0288894,330,19,17,1016,9000,Sem Info,No,0.0,19.846,0.88
2026-06-10T04:00:00Z,0.0,0,19,17,1016,9000,Sem Info,No,0.0,19.796,0.88
2026-06-10T05:00:00Z,2.0577788,10,19,17,1015,7000,Sem Info,No,0.0,19.746,0.88
2026-06-10T06:00:00Z,1.0288894,10,18,16,1015,8000,Sem Info,No,0.0,19.695,0.88
2026-06-10T07:00:00Z,1.0288894,10,17,15,1015,8000,Sem Info,No,0.0,19.644,0.88
2026-06-10T08:00:00Z,1.0288894,10,16,15,1015,8000,Sem Info,No,0.0,19.592,0.94
2026-06-10T09:00:00Z,1.0288894,10,17,16,1016,9000,Sem Info,No,0.0,19.538,0.94
2026-06-10T10:00:00Z,0.5144447,10,17,15,1016,8000,Sem Info,No,0.0,19.466,0.88
2026-06-10T11:00:00Z,1.0288894,10,20,16,1017,10000,Sem Info,No,0.0,19.449,0.78
2026-06-10T12:00:00Z,1.0288894,10,22,17,1018,10000,Sem Info,No,0.0,19.507,0.73
2026-06-10T13:00:00Z,1.0288894,10,24,17,1018,10000,Sem Info,No,0.0,19.615,0.65
2026-06-10T14:00:00Z,2.0577788,360,24,17,1017,9000,Sem Info,No,0.0,19.78,0.65
2026-06-10T15:00:00Z,2.0577788,40,26,17,1016,9000,Sem Info,No,0.0,19.946,0.58
2026-06-10T16:00:00Z,3.6011129,120,25,18,1015,9000,Sem Info,Few,1219.2,20.102,0.65
2026-06-10T17:00:00Z,5.144447,130,25,18,1015,10000,Sem Info,Few,1371.6,20.227,0.65
2026-06-10T18:00:00Z,5.144447,120,25,17,1015,10000,Sem Info,Few,1219.2,20.32,0.61
2026-06-10T19:00:00Z,4.6300023,130,24,18,1015,10000,Sem Info,Few,1219.2,20.372,0.69
2026-06-10T20:00:00Z,4.1155576,120,23,18,1015,10000,Sem Info,Few,914.4,20.377,0.73
2026-06-10T21:00:00Z,4.1155576,140,22,18,1016,10000,Sem Info,Few,914.4,20.346,0.78
2026-06-10T22:00:00Z,3.0866682,150,22,18,1016,10000,Sem Info,Few,609.6,20.298,0.78
2026-06-10T23:00:00Z,2.5722235,120,22,18,1017,10000,Sem Info,Few,1219.2,20.266,0.78
2026-06-11T00:00:00Z,3.0866682,110,21,18,1016,10000,Sem Info,Scattered,518.16,20.236,0.83
2026-06-11T01:00:00Z,1.5433341,80,21,19,1017,10000,Sem Info,Scattered,701.04,20.207,0.88
2026-06-11T02:00:00Z,1.5433341,130,21,18,1017,10000,Sem Info,Few,457.2,20.174,0.83
2026-06-11T03:00:00Z,1.5433341,140,21,18,1017,10000,Sem Info,Few,396.24,20.146,0.83
2026-06-11T04:00:00Z,2.5722235,10,21,19,1017,7000,Sem Info,Few,396.24,20.116,0.88
2026-06-11T05:00:00Z,2.5722235,60,21,19,1016,7000,Sem Info,Few,396.24,20.084,0.88
2026-06-11T06:00:00Z,2.5722235,70,21,18,1016,7000,Sem Info,Few,396.24,20.052,0.83
2026-06-11T07:00:00Z,2.5722235,40,20,18,1016,7000,Sem Info,Few,396.24,20.02,0.88
2026-06-11T08:00:00Z,1.5433341,50,20,19,1016,7000,Sem Info,Few,182.88,19.991,0.94
2026-06-11T09:00:00Z,1.5433341,90,20,18,1016,6000,Sem Info,Few,182.88,19.965,0.88
2026-06-11T10:00:00Z,1.0288894,120,20,18,1017,6000,Sem Info,Few,396.24,19.964,0.88
2026-06-11T11:00:00Z,1.0288894,270,20,19,1018,6000,Sem Info,Few,396.24,19.96,0.94
2026-06-11T12:00:00Z,1.5433341,310,22,19,1019,5000,Light intensity: Rain,Few,396.24,19.985,0.83
2026-06-11T12:20:00Z,1.5433341,310,22,20,1019,3000,Light intensity: Rain,Few,396.24,22.144,0.88
2026-06-11T13:00:00Z,1.0288894,310,22,20,1019,2500,Light intensity: Rain,Few,396.24,20.022,0.88
2026-06-11T14:00:00Z,2.0577788,280,22,20,1018,3000,Light intensity: Rain,Few,335.28,20.054,0.88
2026-06-11T15:00:00Z,2.0577788,350,22,20,1017,2500,Light intensity: Rain,Scattered,152.4,20.067,0.88
2026-06-11T16:00:00Z,2.5722235,40,21,20,1016,2500,Light intensity: Rain,Scattered,152.4,20.083,0.94
2026-06-11T17:00:00Z,3.0866682,50,22,20,1015,4000,Mist (French: Brume),Few,243.84,20.11,0.88
2026-06-11T18:00:00Z,1.5433341,110,22,19,1015,5000,Mist (French: Brume),Few,304.8,20.135,0.83
2026-06-11T19:00:00Z,0.0,0,22,19,1015,5000,Mist (French: Brume),Few,304.8,20.176,0.83
2026-06-11T20:00:00Z,1.5433341,360,22,19,1015,4000,Mist (French: Brume),Few,304.8,20.18,0.83
2026-06-11T21:00:00Z,2.5722235,20,22,19,1016,4000,Mist (French: Brume),Scattered,609.6,20.164,0.83
2026-06-11T22:00:00Z,1.0288894,30,21,19,1016,5000,Mist (French: Brume),Scattered,609.6,20.122,0.88
2026-06-11T23:00:00Z,2.5722235,110,20,19,1016,4500,Mist (French: Brume),Scattered,609.6,20.097,0.94
2026-06-12T00:00:00Z,2.0577788,90,20,19,1016,4500,Mist (French: Brume),Scattered,609.6,20.064,0.94
2026-06-12T01:00:00Z,1.0288894,90,19,18,1016,4500,Mist (French: Brume),Scattered,609.6,20.024,0.94
2026-06-12T02:00:00Z,2.5722235,260,20,19,1016,3000,Mist (French: Brume),Scattered,609.6,19.98,0.94
2026-06-12T03:00:00Z,1.0288894,260,19,18,1016,3000,Mist (French: Brume),Scattered,609.6,19.933,0.94
2026-06-12T04:00:00Z,1.0288894,260,18,17,1016,3000,Mist (French: Brume),Scattered,609.6,19.885,0.94
2026-06-12T05:00:00Z,2.0577788,20,19,18,1015,2500,Mist (French: Brume),Scattered,609.6,19.84,0.94
2026-06-12T06:00:00Z,1.0288894,310,19,18,1015,2500,Mist (French: Brume),Scattered,609.6,19.798,0.94
2026-06-12T07:00:00Z,1.0288894,110,17,16,1015,2500,Mist (French: Brume),Scattered,609.6,19.758,0.94
2026-06-12T08:00:00Z,1.5433341,70,17,16,1014,2500,Mist (French: Brume),Scattered,609.6,19.716,0.94
2026-06-12T09:00:00Z,2.5722235,340,18,17,1014,3500,Mist (French: Brume),Scattered,609.6,19.676,0.94
2026-06-12T10:00:00Z,1.0288894,340,18,17,1015,4000,Mist (French: Brume),No,0.0,19.615,0.94
2026-06-12T11:00:00Z,1.0288894,340,20,18,1015,1500,Mist (French: Brume),Few,152.4,19.602,0.88
2026-06-12T11:19:00Z,1.5433341,20,20,19,1015,1500,Mist (French: Brume),Broken,152.4,20.064,0.94
2026-06-12T12:00:00Z,2.0577788,50,20,19,1015,1900,Mist (French: Brume),Scattered,60.96,19.644,0.94
2026-06-12T12:39:00Z,1.5433341,70,21,19,1014,3500,Mist (French: Brume),Scattered,182.88,21.379,0.88
2026-06-12T13:00:00Z,1.0288894,60,22,19,1014,4500,Mist (French: Brume),Scattered,182.88,19.736,0.83
2026-06-12T14:00:00Z,2.0577788,350,22,19,1013,4500,Mist (French: Brume),Few,243.84,19.864,0.83
2026-06-12T15:00:00Z,1.5433341,340,23,20,1012,4500,Mist (French: Brume),Few,365.76,20.011,0.83
2026-06-12T15:18:00Z,1.0288894,340,25,19,1012,6000,Sem Info,Few,365.76,24.872,0.69
2026-06-12T16:00:00Z,1.5433341,150,26,18,1011,8000,Sem Info,Few,365.76,20.16,0.61
2026-06-12T17:00:00Z,1.5433341,190,27,16,1012,10000,Sem Info,Few,609.6,20.29,0.51
2026-06-12T17:18:00Z,12.8611175,260,27,18,1013,10000,Light intensity: Rain,Few,609.6,27.114,0.58
2026-06-12T18:00:00Z,8.7455599,250,24,18,1013,10000,Sem Info,Few,609.6,20.382,0.69
2026-06-12T19:00:00Z,3.0866682,230,23,19,1012,10000,Sem Info,Few,609.6,20.424,0.78
2026-06-12T20:00:00Z,2.0577788,230,23,18,1012,10000,Sem Info,Few,609.6,20.433,0.73
2026-06-12T21:00:00Z,3.6011129,50,22,20,1012,10000,Sem Info,Few,609.6,20.431,0.88
2026-06-12T22:00:00Z,1.5433341,120,21,19,1012,10000,Sem Info,Few,609.6,20.376,0.88
2026-06-12T23:00:00Z,2.0577788,70,22,19,1012,10000,Sem Info,Few,609.6,20.355,0.83
2026-06-13T00:00:00Z,1.0288894,320,21,19,1012,10000,Sem Info,No,0.0,20.329,0.88
2026-06-13T01:00:00Z,0.5144447,250,21,19,1013,10000,Sem Info,No,0.0,20.3,0.88
2026-06-13T02:00:00Z,1.5433341,60,20,19,1013,10000,Sem Info,No,0.0,20.27,0.94
2026-06-13T03:00:00Z,1.0288894,60,20,18,1012,10000,Sem Info,No,0.0,20.235,0.88
2026-06-13T04:00:00Z,1.5433341,110,20,18,1012,10000,Sem Info,No,0.0,20.199,0.88
2026-06-13T05:00:00Z,0.5144447,170,21,19,1012,10000,Sem Info,No,0.0,20.163,0.88
2026-06-13T06:00:00Z,2.5722235,10,21,20,1011,10000,Sem Info,No,0.0,20.122,0.94
2026-06-13T07:00:00Z,2.0577788,150,20,19,1011,10000,Sem Info,No,0.0,20.08,0.94
2026-06-13T08:00:00Z,2.0577788,160,20,18,1011,10000,Sem Info,No,0.0,20.037,0.88
2026-06-13T09:00:00Z,1.0288894,150,20,19,1011,10000,Sem Info,No,0.0,19.996,0.94
2026-06-13T10:00:00Z,1.5433341,320,22,20,1012,10000,Sem Info,No,0.0,19.972,0.88
2026-06-13T11:00:00Z,2.5722235,250,23,19,1013,10000,Sem Info,Few,914.4,19.974,0.78
2026-06-13T12:00:00Z,4.1155576,280,26,19,1014,10000,Sem Info,Few,914.4,20.017,0.65
2026-06-13T13:00:00Z,4.6300023,280,28,19,1014,10000,Sem Info,Few,914.4,20.09,0.58
2026-06-13T14:00:00Z,4.6300023,280,30,19,1014,10000,Sem Info,Few,914.4,20.185,0.52
2026-06-13T15:00:00Z,7.2022258,260,31,18,1013,10000,Sem Info,Few,1066.8,20.283,0.46
2026-06-13T16:00:00Z,4.1155576,210,29,19,1013,10000,Sem Info,Few,1066.8,20.361,0.55
2026-06-13T17:00:00Z,6.1733364,220,28,18,1013,10000,Sem Info,Few,1066.8,20.424,0.55
2026-06-13T18:00:00Z,2.0577788,170,27,19,1013,10000,Sem Info,Few,1066.8,20.479,0.62
2026-06-13T19:00:00Z,4.1155576,120,25,20,1014,10000,Sem Info,Few,914.4,20.501,0.74
2026-06-13T20:00:00Z,3.0866682,230,25,19,1014,10000,Sem Info,Few,762.0,20.506,0.69
2026-06-13T21:00:00Z,2.0577788,250,24,19,1015,10000,Sem Info,Broken,762.0,20.501,0.74
2026-06-13T22:00:00Z,1.5433341,250,24,18,1016,10000,Sem Info,Broken,762.0,20.501,0.69
2026-06-13T23:00:00Z,2.0577788,210,23,18,1017,10000,Sem Info,Broken,609.6,20.493,0.73
2026-06-14T00:00:00Z,3.0866682,260,23,19,1017,10000,Sem Info,Broken,609.6,20.486,0.78
2026-06-14T01:00:00Z,3.0866682,260,23,18,1018,10000,Sem Info,Broken,640.0799999999999,20.476,0.73
2026-06-14T02:00:00Z,2.0577788,220,23,18,1017,10000,Sem Info,Broken,640.0799999999999,20.464,0.73
2026-06-14T03:00:00Z,1.5433341,240,22,18,1017,10000,Sem Info,Broken,640.0799999999999,20.447,0.78
2026-06-14T04:00:00Z,2.5722235,260,22,18,1017,10000,Sem Info,Broken,640.0799999999999,20.43,0.78
2026-06-14T05:00:00Z,2.5722235,250,22,18,1017,10000,Sem Info,Broken,640.0799999999999,20.413,0.78
2026-06-14T06:00:00Z,2.0577788,280,22,18,1017,8000,Sem Info,Broken,640.0799999999999,20.398,0.78
2026-06-14T07:00:00Z,2.0577788,310,21,18,1016,8000,Sem Info,Broken,640.0799999999999,20.381,0.83
2026-06-14T08:00:00Z,2.5722235,350,21,18,1017,8000,Sem Info,Broken,579.12,20.363,0.83
2026-06-14T09:00:00Z,3.6011129,320,21,19,1018,8000,Sem Info,Broken,579.12,20.34,0.88
2026-06-14T10:00:00Z,3.6011129,340,21,19,1018,8000,Sem Info,Broken,579.12,20.314,0.88
2026-06-14T11:00:00Z,3.0866682,330,21,19,1019,7000,Sem Info,Overcast,640.0799999999999,20.311,0.88
2026-06-14T12:00:00Z,2.0577788,360,22,19,1019,7000,Sem Info,Few,670.56,20.346,0.83
2026-06-14T13:00:00Z,1.5433341,350,22,19,1019,8000,Sem Info,Few,457.2,20.406,0.83
2026-06-14T14:00:00Z,2.0577788,280,24,18,1018,10000,Sem Info,Few,609.6,20.478,0.69
2026-06-14T15:00:00Z,3.0866682,360,25,17,1017,10000,Sem Info,Few,609.6,20.576,0.61
2026-06-14T16:00:00Z,2.5722235,80,25,18,1016,10000,Sem Info,Few,609.6,20.677,0.65
2026-06-14T17:00:00Z,2.5722235,40,25,18,1015,10000,Sem Info,Few,609.6,20.77,0.65
2026-06-14T18:00:00Z,3.0866682,60,26,19,1015,10000,Sem Info,Few,609.6,20.844,0.65
2026-06-14T19:00:00Z,3.0866682,130,24,19,1015,10000,Sem Info,Few,609.6,20.884,0.74
2026-06-14T20:00:00Z,3.0866682,140,23,19,1015,10000,Sem Info,Few,609.6,20.887,0.78
2026-06-14T21:00:00Z,3.6011129,140,23,19,1016,10000,Sem Info,Few,609.6,20.876,0.78
2026-06-14T22:00:00Z,3.0866682,150,23,20,1016,10000,Sem Info,Few,609.6,20.853,0.83
2026-06-14T23:00:00Z,2.0577788,140,22,20,1017,10000,Sem Info,Scattered,914.4,20.839,0.88
2026-06-15T00:00:00Z,1.5433341,150,22,20,1017,10000,Sem Info,Few,914.4,20.827,0.88
2026-06-15T01:00:00Z,2.5722235,70,22,20,1017,10000,Sem Info,Few,914.4,20.817,0.88
2026-06-15T02:00:00Z,2.0577788,110,21,19,1017,10000,Sem Info,Few,914.4,20.802,0.88
2026-06-15T03:00:00Z,1.0288894,100,21,19,1017,10000,Sem Info,Few,914.4,20.788,0.88
2026-06-15T04:00:00Z,1.5433341,80,20,18,1016,10000,Sem Info,Few,914.4,20.771,0.88
2026-06-15T05:00:00Z,0.5144447,80,20,18,1016,10000,Sem Info,Few,914.4,20.749,0.88
2026-06-15T06:00:00Z,0.5144447,90,19,18,1015,10000,Sem Info,Few,914.4,20.719,0.94
2026-06-15T07:00:00Z,1.0288894,70,20,18,1015,10000,Sem Info,Few,914.4,20.685,0.88
2026-06-15T08:00:00Z,1.5433341,80,20,19,1015,10000,Sem Info,Few,914.4,20.652,0.94
2026-06-15T09:00:00Z,0.0,0,20,19,1015,10000,Sem Info,Few,914.4,20.62,0.94
2026-06-15T10:00:00Z,2.5722235,320,21,20,1016,8000,Sem Info,Few,304.8,20.603,0.94
2026-06-15T11:00:00Z,0.5144447,240,22,20,1016,8000,Sem Info,Few,365.76,20.605,0.88
2026-06-15T12:00:00Z,1.5433341,320,23,20,1016,9000,Sem Info,Scattered,487.68,20.646,0.83
2026-06-15T13:00:00Z,3.0866682,250,25,19,1017,10000,Sem Info,Few,487.68,20.712,0.69
2026-06-15T14:00:00Z,3.6011129,220,26,19,1017,10000,Sem Info,Scattered,609.6,20.793,0.65
2026-06-15T15:00:00Z,4.1155576,260,26,20,1016,10000,Sem Info,Scattered,609.6,20.872,0.7
2026-06-15T16:00:00Z,4.6300023,220,26,20,1015,10000,Sem Info,Broken,701.04,20.945,0.7
2026-06-15T17:00:00Z,4.1155576,200,25,20,1015,10000,Sem Info,Broken,701.04,20.992,0.74
2026-06-15T18:00:00Z,3.6011129,200,25,20,1015,10000,Sem Info,Scattered,457.2,21.014,0.74
2026-06-15T19:00:00Z,4.1155576,140,23,21,1015,10000,Sem Info,Scattered,426.72,21.016,0.89
2026-06-15T20:00:00Z,4.6300023,140,23,20,1015,6000,Light intensity: Rain,Broken,457.2,21.003,0.83
2026-06-15T20:33:00Z,4.6300023,150,22,20,1016,2500,Light intensity: Rain,Broken,396.24,21.839,0.88
2026-06-15T21:00:00Z,4.1155576,170,21,20,1016,1500,Rain,Broken,304.8,20.984,0.94
2026-06-15T21:12:00Z,3.6011129,150,21,20,1016,4000,Light intensity: Rain,Broken,304.8,20.677,0.94
2026-06-15T21:29:00Z,4.1155576,150,21,20,1017,6000,Sem Info,Scattered,304.8,21.128,0.94
2026-06-15T22:00:00Z,3.6011129,170,21,19,1017,3000,Light intensity: Rain,Broken,274.32,20.989,0.88
2026-06-15T23:00:00Z,2.5722235,200,21,20,1017,4000,Light intensity: Rain,Broken,243.84,20.973,0.94
2026-06-16T00:00:00Z,1.5433341,310,21,20,1017,3000,Rain,Broken,182.88,20.957,0.94
2026-06-16T00:43:00Z,2.0577788,250,21,20,1017,1500,Light intensity: Rain,Broken,152.4,20.731,0.94
2026-06-16T01:00:00Z,3.0866682,250,21,20,1018,2500,Rain,Broken,152.4,20.94,0.94
2026-06-16T02:00:00Z,2.0577788,250,20,20,1017,3000,Rain,Broken,152.4,20.923,1.0
2026-06-16T03:00:00Z,3.0866682,240,21,20,1017,2500,Rain,Scattered,822.9599999999999,20.908,0.94
2026-06-16T04:00:00Z,3.0866682,250,20,20,1017,4000,Light intensity: Rain,Broken,304.8,20.89,1.0
2026-06-16T05:00:00Z,2.0577788,230,20,20,1016,4000,Light intensity: Rain,Broken,304.8,20.872,1.0
2026-06-16T06:00:00Z,2.0577788,230,20,20,1016,4000,Light intensity: Rain,Broken,304.8,20.854,1.0
2026-06-16T07:00:00Z,2.0577788,260,20,20,1016,4000,Light intensity: Rain,Broken,304.8,20.836,1.0
2026-06-16T08:00:00Z,1.5433341,240,20,19,1016,4000,Light intensity: Rain,Broken,365.76,20.818,0.94
2026-06-16T09:00:00Z,1.5433341,300,20,19,1016,3000,Light intensity: Rain,Broken,182.88,20.8,0.94
2026-06-16T10:00:00Z,3.0866682,290,20,19,1017,3000,Light intensity: Rain,Broken,304.8,20.769,0.94
2026-06-16T11:00:00Z,1.0288894,270,20,19,1018,3000,Light intensity: Rain,Few,121.92,20.753,0.94
2026-06-16T12:00:00Z,1.5433341,80,20,19,1019,2500,Light intensity: Rain,Scattered,121.92,20.743,0.94
2026-06-16T13:00:00Z,4.1155576,150,21,19,1019,5000,Light intensity: Rain,Broken,213.36,20.754,0.88
2026-06-16T14:00:00Z,4.1155576,130,21,19,1018,10000,Sem Info,Few,243.84,20.774,0.88
2026-06-16T15:00:00Z,4.1155576,140,21,18,1018,10000,Sem Info,Few,304.8,20.78,0.83
2026-06-16T16:00:00Z,4.1155576,130,22,19,1017,10000,Sem Info,Few,304.8,20.782,0.83
2026-06-16T17:00:00Z,4.6300023,140,21,18,1017,10000,Sem Info,Few,304.8,20.789,0.83
2026-06-16T18:00:00Z,4.1155576,140,21,18,1017,10000,Sem Info,Few,243.84,20.789,0.83
2026-06-16T19:00:00Z,4.1155576,130,20,18,1017,10000,Sem Info,Few,243.84,20.772,0.88
2026-06-16T20:00:00Z,3.0866682,140,20,18,1018,8000,Light intensity: Rain,Few,243.84,20.746,0.88
2026-06-16T21:00:00Z,3.0866682,140,20,18,1018,9000,Light intensity: Rain,Few,213.36,20.714,0.88
2026-06-16T22:00:00Z,2.5722235,140,19,18,1019,4000,Light intensity: Rain,Few,213.36,20.687,0.94
2026-06-16T23:00:00Z,3.0866682,110,19,18,1019,6000,Light intensity: Rain,Scattered,274.32,20.659,0.94
2026-06-16T23:30:00Z,4.6300023,150,19,18,1019,4000,Light intensity: Rain,Few,182.88,18.938,0.94
2026-06-17T00:00:00Z,2.5722235,140,19,18,1019,4500,Light intensity: Rain,Scattered,182.88,20.631,0.94
2026-06-17T01:00:00Z,2.5722235,30,19,18,1020,7000,Sem Info,Scattered,182.88,20.602,0.94
2026-06-17T02:00:00Z,3.0866682,80,19,18,1019,7000,Sem Info,Scattered,213.36,20.574,0.94
2026-06-17T02:15:00Z,3.6011129,130,19,17,1019,4000,Light intensity: Rain,Scattered,152.4,19.036,0.88
2026-06-17T03:00:00Z,2.0577788,160,19,17,1019,6000,Light intensity: Rain,Scattered,213.36,20.547,0.88
2026-06-17T04:00:00Z,2.0577788,150,18,17,1019,6000,Light intensity: Rain,Scattered,213.36,20.517,0.94
2026-06-17T05:00:00Z,2.0577788,170,18,17,1019,6000,Light intensity: Rain,Scattered,213.36,20.49,0.94
2026-06-17T06:00:00Z,2.0577788,290,18,17,1019,5000,Light intensity: Rain,Scattered,213.36,20.461,0.94
2026-06-17T07:00:00Z,2.0577788,280,18,17,1019,4500,Light intensity: Rain,Scattered,213.36,20.433,0.94
2026-06-17T08:00:00Z,1.0288894,150,18,17,1019,6000,Sem Info,Scattered,213.36,20.404,0.94
2026-06-17T09:00:00Z,1.5433341,40,19,17,1019,7000,Sem Info,Scattered,274.32,20.373,0.88
2026-06-17T10:00:00Z,2.0577788,10,19,18,1020,8000,Sem Info,Scattered,243.84,20.356,0.94
2026-06-17T11:00:00Z,1.0288894,10,19,17,1021,10000,Sem Info,Scattered,243.84,20.34,0.88
2026-06-17T12:00:00Z,1.5433341,50,20,17,1021,10000,Sem Info,Scattered,243.84,20.335,0.83
2026-06-17T13:00:00Z,2.5722235,270,19,18,1022,6000,Light intensity: Rain,Scattered,213.36,20.338,0.94
2026-06-17T14:00:00Z,1.5433341,250,20,17,1022,10000,Sem Info,Scattered,213.36,20.365,0.83
2026-06-17T15:00:00Z,2.5722235,150,21,17,1021,10000,Sem Info,Few,121.92,20.385,0.78
2026-06-17T16:00:00Z,1.5433341,210,22,17,1020,10000,Sem Info,Scattered,304.8,20.448,0.73
2026-06-17T17:00:00Z,4.1155576,200,22,16,1020,10000,Sem Info,Scattered,457.2,20.499,0.69
2026-06-17T18:00:00Z,4.6300023,220,22,15,1020,10000,Sem Info,Scattered,3048.0,20.541,0.65
2026-06-17T19:00:00Z,2.5722235,200,22,16,1020,10000,Sem Info,Scattered,609.6,20.548,0.69
2026-06-17T20:00:00Z,3.0866682,230,21,16,1020,10000,Sem Info,Scattered,609.6,20.525,0.73
2026-06-17T21:00:00Z,3.0866682,240,21,16,1021,10000,Sem Info,Scattered,762.0,20.488,0.73
2026-06-17T22:00:00Z,4.6300023,220,20,16,1022,10000,Sem Info,Scattered,762.0,20.446,0.78
2026-06-17T23:00:00Z,2.5722235,220,20,16,1022,10000,Sem Info,Scattered,762.0,20.405,0.78
2026-06-18T00:00:00Z,1.5433341,260,19,16,1023,10000,Sem Info,Scattered,914.4,20.366,0.83
2026-06-18T01:00:00Z,2.5722235,250,19,15,1023,10000,Sem Info,Few,914.4,20.322,0.78
2026-06-18T02:00:00Z,2.0577788,310,19,16,1023,10000,Sem Info,Few,914.4,20.274,0.83
2026-06-18T03:00:00Z,0.5144447,330,17,15,1023,10000,Sem Info,Few,914.4,20.224,0.88
2026-06-18T04:00:00Z,0.5144447,330,17,15,1024,10000,Sem Info,Few,914.4,20.172,0.88
2026-06-18T05:00:00Z,1.0288894,20,16,15,1023,10000,Sem Info,Few,914.4,20.121,0.94
2026-06-18T06:00:00Z,0.0,0,15,14,1023,10000,Sem Info,Few,914.4,20.064,0.94
2026-06-18T07:00:00Z,1.5433341,330,16,15,1023,10000,Sem Info,Scattered,762.0,20.01,0.94
2026-06-18T08:00:00Z,1.5433341,310,17,15,1023,10000,Sem Info,Scattered,762.0,19.949,0.88
2026-06-18T09:00:00Z,1.5433341,300,16,15,1024,10000,Sem Info,Scattered,914.4,19.884,0.94
2026-06-18T10:00:00Z,1.5433341,330,16,14,1024,10000,Sem Info,Few,914.4,19.84,0.88
2026-06-18T11:00:00Z,2.5722235,350,17,15,1025,10000,Sem Info,Few,609.6,19.813,0.88
2026-06-18T12:00:00Z,1.0288894,350,19,15,1026,10000,Sem Info,Few,609.6,19.828,0.78
2026-06-18T13:00:00Z,1.5433341,20,21,15,1026,10000,Sem Info,Few,762.0,19.883,0.69
2026-06-18T14:00:00Z,2.5722235,10,23,15,1025,10000,Sem Info,Scattered,762.0,19.976,0.61
2026-06-18T15:00:00Z,2.5722235,10,23,14,1025,10000,Sem Info,Few,762.0,20.054,0.57
2026-06-18T16:00:00Z,0.5144447,10,23,13,1024,10000,Sem Info,Scattered,914.4,20.119,0.53
2026-06-18T17:00:00Z,1.0288894,10,24,13,1023,10000,Sem Info,Scattered,914.4,20.153,0.5
2026-06-18T18:00:00Z,4.6300023,140,24,14,1023,10000,Sem Info,Scattered,914.4,20.174,0.54
2026-06-18T19:00:00Z,3.6011129,130,22,15,1023,10000,Sem Info,Few,914.4,20.17,0.65
2026-06-18T20:00:00Z,2.5722235,130,21,14,1023,10000,Sem Info,Few,914.4,20.139,0.64
2026-06-18T21:00:00Z,1.5433341,150,20,14,1024,10000,Sem Info,Few,914.4,20.09,0.68
2026-06-18T22:00:00Z,2.0577788,170,19,14,1024,10000,Sem Info,Few,914.4,20.035,0.73
2026-06-18T23:00:00Z,1.0288894,170,19,14,1025,10000,Sem Info,Scattered,1219.2,19.984,0.73
2026-06-19T00:00:00Z,1.0288894,170,19,14,1025,10000,Sem Info,Scattered,1219.2,19.928,0.73
2026-06-19T01:00:00Z,1.5433341,50,17,15,1025,10000,Sem Info,Scattered,1219.2,19.868,0.88
2026-06-19T02:00:00Z,0.5144447,60,16,14,1025,10000,Sem Info,Scattered,1219.2,19.807,0.88
2026-06-19T03:00:00Z,0.0,0,17,15,1025,10000,Sem Info,Scattered,1219.2,19.743,0.88
2026-06-19T04:00:00Z,0.5144447,240,16,14,1025,10000,Sem Info,Scattered,1219.2,19.675,0.88
2026-06-19T05:00:00Z,1.0288894,40,15,13,1024,10000,Sem Info,Scattered,1219.2,19.602,0.88
2026-06-19T06:00:00Z,1.0288894,90,15,14,1024,10000,Sem Info,Scattered,1219.2,19.524,0.94
2026-06-19T07:00:00Z,1.0288894,80,15,14,1023,10000,Sem Info,Few,457.2,19.44,0.94
2026-06-19T08:00:00Z,1.0288894,110,15,14,1023,10000,Sem Info,Few,457.2,19.351,0.94
2026-06-19T09:00:00Z,1.5433341,90,15,14,1022,10000,Sem Info,Scattered,243.84,19.26,0.94
2026-06-19T10:00:00Z,0.0,0,15,14,1022,10000,Sem Info,Few,243.84,19.248,0.94
2026-06-19T11:00:00Z,0.5144447,0,17,16,1023,8000,Sem Info,Few,243.84,19.205,0.94
2026-06-19T12:00:00Z,1.5433341,120,19,16,1023,8000,Sem Info,Few,243.84,19.227,0.83
2026-06-19T13:00:00Z,2.0577788,350,19,16,1023,10000,Sem Info,No,0.0,19.305,0.83
2026-06-19T14:00:00Z,3.0866682,350,21,15,1022,10000,Sem Info,No,0.0,19.421,0.69
2026-06-19T15:00:00Z,2.5722235,40,23,15,1020,10000,Sem Info,No,0.0,19.555,0.61
2026-06-19T16:00:00Z,3.0866682,30,24,15,1019,10000,Sem Info,No,0.0,19.686,0.57
2026-06-19T17:00:00Z,2.5722235,160,24,14,1018,10000,Sem Info,No,0.0,19.799,0.54
2026-06-19T18:00:00Z,2.0577788,130,25,14,1017,10000,Sem Info,No,0.0,19.881,0.5
2026-06-19T19:00:00Z,2.5722235,140,24,16,1017,10000,Sem Info,No,0.0,19.923,0.61
2026-06-19T20:00:00Z,3.6011129,130,23,17,1017,10000,Sem Info,No,0.0,19.922,0.69
2026-06-19T21:00:00Z,3.0866682,130,22,18,1017,10000,Sem Info,No,0.0,19.895,0.78
2026-06-19T22:00:00Z,1.5433341,140,20,17,1017,10000,Sem Info,No,0.0,19.855,0.83
2026-06-19T23:00:00Z,1.0288894,140,21,18,1018,10000,Sem Info,No,0.0,19.806,0.83
2026-06-20T00:00:00Z,2.0577788,350,20,16,1018,10000,Sem Info,No,0.0,19.75,0.78
2026-06-20T01:00:00Z,1.5433341,120,19,16,1018,10000,Sem Info,No,0.0,19.681,0.83
2026-06-20T02:00:00Z,1.5433341,140,18,16,1018,10000,Sem Info,No,0.0,19.607,0.88
2026-06-20T03:00:00Z,1.5433341,100,17,16,1017,10000,Sem Info,No,0.0,19.527,0.94
2026-06-20T04:00:00Z,1.5433341,90,17,15,1017,10000,Sem Info,No,0.0,19.444,0.88
2026-06-20T05:00:00Z,0.5144447,80,17,16,1016,10000,Sem Info,No,0.0,19.36,0.94
2026-06-20T06:00:00Z,1.0288894,80,16,15,1016,10000,Sem Info,No,0.0,19.276,0.94
2026-06-20T07:00:00Z,1.5433341,260,16,15,1016,8000,Sem Info,No,0.0,19.193,0.94
2026-06-20T08:00:00Z,1.0288894,260,15,14,1016,8000,Sem Info,Few,182.88,19.111,0.94
2026-06-20T09:00:00Z,1.5433341,30,16,15,1016,3700,Mist (French: Brume),Few,182.88,19.03,0.94
2026-06-20T10:00:00Z,1.0288894,30,16,15,1016,6000,Sem Info,Scattered,762.0,18.975,0.94
2026-06-20T10:20:00Z,1.5433341,50,17,16,1016,4000,Mist (French: Brume),Scattered,762.0,17.177,0.94
2026-06-20T11:00:00Z,1.5433341,30,18,17,1016,6000,Sem Info,Scattered,914.4,18.939,0.94
2026-06-20T12:00:00Z,1.0288894,30,20,18,1016,6000,Sem Info,Scattered,914.4,18.964,0.88
2026-06-20T13:00:00Z,2.0577788,360,21,17,1016,9000,Sem Info,No,0.0,19.041,0.78
2026-06-20T14:00:00Z,1.5433341,10,24,15,1015,10000,Sem Info,No,0.0,19.158,0.57
2026-06-20T15:00:00Z,1.0288894,60,27,15,1014,10000,Sem Info,No,0.0,19.295,0.48
2026-06-20T16:00:00Z,1.0288894,10,27,15,1013,10000,Sem Info,No,0.0,19.43,0.48
2026-06-20T17:00:00Z,2.0577788,140,27,16,1012,10000,Sem Info,No,0.0,19.548,0.51
2026-06-20T18:00:00Z,2.0577788,30,28,16,1012,10000,Sem Info,No,0.0,19.63,0.48
2026-06-20T19:00:00Z,3.0866682,50,27,17,1011,10000,Sem Info,No,0.0,19.67,0.54
2026-06-20T20:00:00Z,3.0866682,70,25,15,1011,10000,Sem Info,No,0.0,19.671,0.54
2026-06-20T21:00:00Z,3.0866682,80,23,15,1010,10000,Sem Info,No,0.0,19.647,0.61
2026-06-20T22:00:00Z,1.5433341,130,22,16,1010,10000,Sem Info,No,0.0,19.635,0.69
2026-06-20T23:00:00Z,1.5433341,140,20,16,1010,10000,Sem Info,No,0.0,19.607,0.78
2026-06-21T00:00:00Z,1.0288894,140,21,17,1011,10000,Sem Info,No,0.0,19.57,0.78
2026-06-21T01:00:00Z,1.0288894,140,21,17,1011,10000,Sem Info,No,0.0,19.528,0.78
2026-06-21T02:00:00Z,1.0288894,140,21,18,1011,10000,Sem Info,No,0.0,19.482,0.83
2026-06-21T03:00:00Z,2.5722235,70,21,18,1011,10000,Sem Info,No,0.0,19.439,0.83
2026-06-21T04:00:00Z,2.5722235,70,21,18,1011,10000,Sem Info,No,0.0,19.394,0.83
2026-06-21T05:00:00Z,6.1733364,240,24,16,1012,10000,Sem Info,No,0.0,19.35,0.61
2026-06-21T06:00:00Z,5.144447,220,22,19,1013,10000,Sem Info,No,0.0,19.308,0.83
2026-06-21T07:00:00Z,5.144447,220,22,19,1013,10000,Sem Info,No,0.0,19.268,0.83
2026-06-21T08:00:00Z,5.144447,220,21,18,1013,10000,Sem Info,Few,1219.2,19.229,0.83
2026-06-21T09:00:00Z,3.0866682,280,21,19,1014,10000,Sem Info,Few,1219.2,19.191,0.88
2026-06-21T10:00:00Z,1.5433341,310,22,19,1015,8000,Sem Info,Few,701.04,19.167,0.83
2026-06-21T11:00:00Z,3.0866682,220,22,19,1016,10000,Sem Info,Few,457.2,19.166,0.83
2026-06-21T12:00:00Z,1.0288894,220,23,19,1017,10000,Sem Info,Scattered,609.6,19.182,0.78
2026-06-21T13:00:00Z,3.6011129,210,23,18,1018,10000,Sem Info,Broken,548.64,19.229,0.73
2026-06-21T14:00:00Z,4.6300023,200,23,18,1018,10000,Sem Info,Broken,548.64,19.298,0.73
2026-06-21T15:00:00Z,5.144447,200,22,17,1018,10000,Sem Info,Broken,609.6,19.372,0.73
2026-06-21T16:00:00Z,4.6300023,200,22,17,1017,10000,Sem Info,Broken,701.04,19.424,0.73
2026-06-21T17:00:00Z,5.144447,200,23,17,1017,10000,Sem Info,Broken,762.0,19.466,0.69
2026-06-21T18:00:00Z,2.5722235,220,23,16,1017,10000,Sem Info,Broken,762.0,19.504,0.65
2026-06-21T19:00:00Z,2.5722235,220,22,17,1017,10000,Sem Info,Broken,762.0,19.517,0.73
2026-06-21T20:00:00Z,2.5722235,220,22,17,1018,10000,Sem Info,Broken,762.0,19.517,0.73
2026-06-21T21:00:00Z,3.0866682,20,21,19,1018,10000,Sem Info,Broken,640.0799999999999,19.504,0.88
2026-06-21T22:00:00Z,3.0866682,350,21,18,1018,10000,Sem Info,Broken,609.6,19.493,0.83
2026-06-21T23:00:00Z,2.5722235,360,21,18,1018,10000,Sem Info,Broken,762.0,19.476,0.83
2026-06-22T00:00:00Z,1.5433341,20,21,18,1018,10000,Sem Info,Broken,609.6,19.454,0.83
2026-06-22T01:00:00Z,1.5433341,40,21,18,1018,10000,Sem Info,Broken,609.6,19.432,0.83
2026-06-22T02:00:00Z,2.0577788,70,20,18,1018,10000,Sem Info,Broken,1005.84,19.412,0.88
2026-06-22T03:00:00Z,1.5433341,60,20,18,1018,10000,Sem Info,Broken,1005.84,19.393,0.88
2026-06-22T04:00:00Z,1.0288894,50,20,18,1018,10000,Sem Info,Broken,1005.84,19.368,0.88
2026-06-22T05:00:00Z,1.0288894,50,20,18,1018,10000,Sem Info,Broken,1005.84,19.34,0.88
2026-06-22T06:00:00Z,1.5433341,80,20,18,1017,10000,Sem Info,Broken,1005.84,19.307,0.88
2026-06-22T07:00:00Z,1.0288894,80,20,18,1017,10000,Sem Info,Broken,1005.84,19.276,0.88
2026-06-22T08:00:00Z,1.5433341,330,20,18,1018,10000,Sem Info,Broken,1005.84,19.242,0.88
2026-06-22T09:00:00Z,1.5433341,330,19,17,1018,10000,Sem Info,Broken,762.0,19.206,0.88
2026-06-22T10:00:00Z,1.0288894,330,19,17,1019,10000,Sem Info,Few,243.84,19.227,0.88
2026-06-22T11:00:00Z,0.0,0,20,18,1019,10000,Sem Info,Scattered,243.84,19.232,0.88
2026-06-22T12:00:00Z,1.5433341,360,21,18,1020,10000,Sem Info,Scattered,243.84,19.275,0.83
2026-06-22T13:00:00Z,2.5722235,350,22,18,1019,10000,Sem Info,Few,609.6,19.357,0.78
2026-06-22T14:00:00Z,2.0577788,350,23,17,1018,10000,Sem Info,Few,609.6,19.484,0.69
2026-06-22T15:00:00Z,1.5433341,340,25,17,1017,10000,Sem Info,Few,609.6,19.628,0.61
2026-06-22T16:00:00Z,2.0577788,40,26,18,1015,10000,Sem Info,No,0.0,19.771,0.61
2026-06-22T17:00:00Z,2.5722235,120,26,17,1014,10000,Sem Info,No,0.0,19.898,0.58
2026-06-22T18:00:00Z,3.6011129,40,26,18,1013,10000,Sem Info,No,0.0,19.994,0.61
2026-06-22T19:00:00Z,2.0577788,40,26,19,1013,10000,Sem Info,No,0.0,20.047,0.65
2026-06-22T20:00:00Z,1.5433341,110,25,19,1013,10000,Sem Info,No,0.0,20.054,0.69
2026-06-22T21:00:00Z,2.0577788,130,22,19,1013,10000,Sem Info,No,0.0,20.037,0.83
2026-06-22T22:00:00Z,1.0288894,70,22,19,1013,10000,Sem Info,No,0.0,20.017,0.83
2026-06-22T23:00:00Z,1.0288894,250,21,19,1014,10000,Sem Info,No,0.0,19.994,0.88
2026-06-23T00:00:00Z,1.5433341,20,20,18,1014,10000,Sem Info,No,0.0,19.964,0.88
2026-06-23T01:00:00Z,2.0577788,60,21,19,1014,7000,Sem Info,No,0.0,19.923,0.88
2026-06-23T02:00:00Z,1.0288894,80,20,19,1014,7000,Sem Info,No,0.0,19.875,0.94
2026-06-23T03:00:00Z,1.5433341,70,19,18,1014,7000,Sem Info,No,0.0,19.823,0.94
2026-06-23T04:00:00Z,1.5433341,120,19,18,1013,7000,Sem Info,No,0.0,19.767,0.94
2026-06-23T05:00:00Z,1.0288894,70,19,18,1013,7000,Sem Info,No,0.0,19.711,0.94
2026-06-23T06:00:00Z,1.5433341,240,19,18,1012,7000,Sem Info,No,0.0,19.652,0.94
2026-06-23T07:00:00Z,1.5433341,270,18,17,1012,7000,Sem Info,No,0.0,19.592,0.94
2026-06-23T08:00:00Z,1.0288894,90,18,17,1012,6000,Sem Info,No,0.0,19.533,0.94
2026-06-23T09:00:00Z,0.0,0,18,17,1012,6000,Sem Info,No,0.0,19.472,0.94
2026-06-23T10:00:00Z,1.5433341,50,17,16,1013,6000,Sem Info,No,0.0,19.444,0.94
2026-06-23T10:26:00Z,1.5433341,350,19,18,1013,4000,Mist (French: Brume),No,0.0,18.994,0.94
2026-06-23T11:00:00Z,0.5144447,350,21,19,1013,4000,Mist (French: Brume),No,0.0,19.428,0.88
2026-06-23T12:00:00Z,0.5144447,350,24,19,1014,4000,Haze,No,0.0,19.475,0.74
2026-06-23T12:20:00Z,1.5433341,300,25,19,1014,5000,Haze,No,0.0,25.234,0.69
2026-06-23T13:00:00Z,2.0577788,230,26,20,1013,7000,Sem Info,No,0.0,19.572,0.7
2026-06-23T14:00:00Z,2.0577788,330,27,18,1013,10000,Sem Info,No,0.0,19.702,0.58
2026-06-23T15:00:00Z,2.5722235,320,29,18,1012,10000,Sem Info,No,0.0,19.848,0.52
2026-06-23T16:00:00Z,5.144447,270,32,15,1012,10000,Sem Info,No,0.0,19.992,0.36
2026-06-23T17:00:00Z,5.6588917,250,32,15,1011,10000,Sem Info,No,0.0,20.121,0.36
2026-06-23T18:00:00Z,7.716670499999999,210,27,19,1012,10000,Sem Info,No,0.0,20.216,0.62
2026-06-23T19:00:00Z,7.2022258,220,26,19,1013,10000,Sem Info,No,0.0,20.269,0.65
2026-06-23T20:00:00Z,4.6300023,240,24,19,1013,10000,Sem Info,No,0.0,20.277,0.74
2026-06-23T21:00:00Z,4.1155576,230,23,18,1014,10000,Sem Info,No,0.0,20.267,0.73
2026-06-23T22:00:00Z,3.0866682,230,23,19,1014,10000,Sem Info,No,0.0,20.258,0.78
2026-06-23T23:00:00Z,1.5433341,80,23,18,1015,10000,Sem Info,Broken,762.0,20.248,0.73
2026-06-24T00:00:00Z,1.0288894,80,23,19,1016,10000,Sem Info,Broken,762.0,20.241,0.78
2026-06-24T01:00:00Z,2.5722235,260,23,19,1016,10000,Sem Info,Broken,914.4,20.236,0.78
2026-06-24T02:00:00Z,1.5433341,280,23,18,1016,10000,Sem Info,Broken,914.4,20.229,0.73
2026-06-24T03:00:00Z,2.5722235,340,22,19,1016,8000,Sem Info,Scattered,518.16,20.224,0.83
2026-06-24T04:00:00Z,2.5722235,330,22,19,1016,8000,Sem Info,Broken,518.16,20.219,0.83
2026-06-24T05:00:00Z,3.0866682,290,22,19,1016,9000,Sem Info,Few,396.24,20.212,0.83
2026-06-24T06:00:00Z,3.0866682,260,21,20,1016,9000,Sem Info,Scattered,213.36,20.203,0.94
2026-06-24T07:00:00Z,1.5433341,300,21,20,1015,8000,Sem Info,Few,548.64,20.191,0.94
2026-06-24T08:00:00Z,3.0866682,330,21,20,1015,9000,Sem Info,Few,548.64,20.18,0.94
2026-06-24T09:00:00Z,2.0577788,300,21,20,1015,9000,Sem Info,Few,548.64,20.17,0.94
2026-06-24T10:00:00Z,1.0288894,300,21,20,1015,8000,Sem Info,Few,548.64,20.188,0.94
2026-06-24T11:00:00Z,3.0866682,270,21,20,1016,8000,Sem Info,Scattered,182.88,20.192,0.94
2026-06-24T12:00:00Z,5.144447,260,22,20,1016,9000,Sem Info,Scattered,182.88,20.218,0.88
2026-06-24T12:39:00Z,4.6300023,250,22,20,1016,9000,Sem Info,Broken,304.8,22.428,0.88
2026-06-24T13:00:00Z,5.6588917,250,22,19,1016,9000,Sem Info,Broken,304.8,20.252,0.83
2026-06-24T14:00:00Z,6.6877811,260,23,19,1016,10000,Sem Info,Scattered,304.8,20.298,0.78
2026-06-24T15:00:00Z,6.6877811,260,23,18,1015,10000,Sem Info,Scattered,304.8,20.353,0.73
2026-06-24T16:00:00Z,7.2022258,250,22,18,1015,10000,Sem Info,Scattered,396.24,20.426,0.78
2026-06-24T17:00:00Z,5.6588917,250,22,18,1015,9000,Light intensity: Rain,Broken,457.2,20.494,0.78
2026-06-24T17:11:00Z,5.6588917,250,21,19,1015,3000,Light intensity: Rain,Broken,365.76,21.106,0.88
2026-06-24T18:00:00Z,5.144447,240,20,18,1015,2500,Rain,Broken,304.8,20.534,0.88
2026-06-24T19:00:00Z,3.6011129,240,20,19,1016,3000,Rain,Broken,304.8,20.542,0.94
2026-06-24T20:00:00Z,3.0866682,40,20,18,1016,5000,Light intensity: Rain,Scattered,335.28,20.536,0.88
2026-06-24T21:00:00Z,2.0577788,10,20,19,1017,5000,Light intensity: Rain,Scattered,152.4,20.527,0.94
2026-06-24T22:00:00Z,2.0577788,110,20,19,1017,8000,Light intensity: Rain,Few,152.4,20.482,0.94
2026-06-24T23:00:00Z,1.5433341,190,20,19,1018,8000,Light intensity: Rain,Broken,182.88,20.468,0.94
2026-06-25T00:00:00Z,1.5433341,120,20,19,1018,9000,Light intensity: Rain,Scattered,182.88,20.454,0.94
2026-06-25T01:00:00Z,3.6011129,270,20,19,1019,9000,Sem Info,Broken,243.84,20.436,0.94
2026-06-25T02:00:00Z,3.6011129,250,19,18,1019,9000,Light intensity: Rain,Broken,243.84,20.417,0.94
2026-06-25T03:00:00Z,4.6300023,270,19,18,1020,8000,Light intensity: Drizzle Rain,Broken,274.32,20.393,0.94
2026-06-25T04:00:00Z,5.144447,250,19,18,1020,9000,Light intensity: Drizzle Rain,Broken,274.32,20.37,0.94
2026-06-25T05:00:00Z,3.6011129,240,19,17,1020,10000,Sem Info,Scattered,274.32,20.348,0.88
2026-06-25T06:00:00Z,2.5722235,260,19,17,1020,3000,Light intensity: Drizzle,Scattered,274.32,20.328,0.88
2026-06-25T06:11:00Z,2.0577788,270,19,17,1020,3000,Light intensity: Drizzle,Scattered,274.32,18.599,0.88
2026-06-25T07:00:00Z,2.0577788,290,19,17,1020,7000,Light intensity: Drizzle Rain,Few,274.32,20.309,0.88
2026-06-25T07:33:00Z,2.0577788,280,19,18,1020,4500,Light intensity: Drizzle Rain,Broken,182.88,18.413,0.94
2026-06-25T08:00:00Z,2.0577788,310,19,17,1020,7000,Light intensity: Drizzle Rain,Few,121.92,20.292,0.88
2026-06-25T09:00:00Z,2.5722235,270,19,17,1021,3000,Light intensity: Drizzle,Few,121.92,20.274,0.88
2026-06-25T10:00:00Z,1.5433341,300,19,18,1022,8000,Light intensity: Drizzle Rain,Broken,182.88,20.225,0.94
2026-06-25T11:00:00Z,1.5433341,320,19,18,1023,6000,Sem Info,Broken,182.88,20.206,0.94
2026-06-25T12:00:00Z,2.0577788,240,19,18,1024,3000,Light intensity: Rain,Broken,152.4,20.191,0.94
2026-06-25T13:00:00Z,1.5433341,240,20,18,1025,3000,Light intensity: Rain,Few,91.44,20.18,0.88
2026-06-25T14:00:00Z,1.0288894,240,19,18,1025,2100,Light intensity: Rain,Few,91.44,20.177,0.94
2026-06-25T15:00:00Z,1.0288894,130,20,18,1024,3000,Light intensity: Rain,Scattered,91.44,20.175,0.88
2026-06-25T16:00:00Z,1.5433341,180,19,18,1024,3000,Light intensity: Rain,Scattered,91.44,20.166,0.94
2026-06-25T17:00:00Z,3.0866682,130,20,18,1023,3500,Light intensity: Rain,Scattered,121.92,20.155,0.88
2026-06-25T18:00:00Z,2.5722235,130,20,19,1023,3000,Light intensity: Rain,Scattered,121.92,20.138,0.94
2026-06-25T19:00:00Z,2.0577788,150,19,18,1024,3000,Mist (French: Brume),Scattered,121.92,20.123,0.94
2026-06-25T20:00:00Z,2.0577788,140,19,18,1024,3000,Light intensity: Rain,Scattered,121.92,20.105,0.94
2026-06-25T21:00:00Z,2.5722235,160,20,18,1024,3000,Light intensity: Rain,Scattered,121.92,20.087,0.88
2026-06-25T22:00:00Z,2.0577788,150,19,18,1025,3000,Light intensity: Rain,Scattered,121.92,20.07,0.94
2026-06-25T23:00:00Z,2.0577788,160,19,18,1025,3000,Light intensity: Rain,Scattered,121.92,20.05,0.94
2026-06-25T23:36:00Z,2.5722235,190,19,18,1025,1500,Light intensity: Rain,Broken,121.92,18.859,0.94
2026-06-26T00:00:00Z,2.5722235,190,19,18,1025,1500,Light intensity: Rain,Broken,121.92,20.031,0.94
2026-06-26T01:00:00Z,1.5433341,230,19,18,1025,1500,Light intensity: Rain,Broken,121.92,20.011,0.94
2026-06-26T02:00:00Z,2.0577788,260,19,18,1025,1500,Light intensity: Rain,Overcast,152.4,19.992,0.94
2026-06-26T03:00:00Z,2.5722235,260,19,18,1025,1500,Light intensity: Rain,Overcast,152.4,19.971,0.94
2026-06-26T04:00:00Z,2.5722235,260,19,18,1025,2000,Light intensity: Rain,Overcast,152.4,19.954,0.94
2026-06-26T05:00:00Z,2.5722235,300,19,18,1025,3000,Light intensity: Rain,Overcast,152.4,19.934,0.94
2026-06-26T06:00:00Z,3.0866682,310,19,18,1024,2000,Light intensity: Rain,Overcast,152.4,19.918,0.94
2026-06-26T07:00:00Z,3.0866682,310,19,18,1024,6000,Light intensity: Rain,Few,152.4,19.901,0.94
2026-06-26T08:00:00Z,1.0288894,180,19,18,1024,8000,Sem Info,Few,274.32,19.884,0.94
2026-06-26T09:00:00Z,1.5433341,100,19,18,1023,8000,Sem Info,Few,1219.2,19.867,0.94
2026-06-26T10:00:00Z,2.0577788,120,19,18,1024,8000,Sem Info,Few,1219.2,19.855,0.94
2026-06-26T10:34:00Z,2.5722235,90,19,18,1024,3500,Light intensity: Rain,Broken,182.88,19.025,0.94
2026-06-26T11:00:00Z,3.6011129,80,19,18,1024,3500,Light intensity: Rain,Broken,182.88,19.845,0.94
2026-06-26T12:00:00Z,3.6011129,60,20,19,1024,9000,Sem Info,Few,182.88,19.853,0.94
2026-06-26T13:00:00Z,2.5722235,80,20,19,1024,10000,Sem Info,Few,243.84,19.883,0.94
2026-06-26T14:00:00Z,2.0577788,190,21,19,1024,9000,Sem Info,Few,243.84,19.946,0.88
2026-06-26T15:00:00Z,1.0288894,260,22,19,1023,9000,Sem Info,Few,243.84,19.997,0.83
2026-06-26T16:00:00Z,2.0577788,50,22,19,1023,10000,Sem Info,Few,243.84,20.028,0.83
2026-06-26T17:00:00Z,1.0288894,50,22,19,1022,10000,Sem Info,Few,243.84,20.059,0.83
2026-06-26T18:00:00Z,1.5433341,300,23,20,1022,10000,Sem Info,Scattered,457.2,20.089,0.83
2026-06-26T19:00:00Z,1.5433341,10,22,20,1022,10000,Sem Info,Scattered,457.2,20.106,0.88
2026-06-26T20:00:00Z,0.5144447,10,22,20,1022,8000,Sem Info,Scattered,457.2,20.112,0.88
2026-06-26T21:00:00Z,2.0577788,40,21,19,1023,8000,Sem Info,Scattered,609.6,20.101,0.88
2026-06-26T22:00:00Z,1.5433341,340,21,20,1023,9000,Sem Info,Scattered,609.6,20.09,0.94
2026-06-26T23:00:00Z,1.0288894,340,21,20,1023,7000,Sem Info,Scattered,609.6,20.081,0.94
2026-06-27T00:00:00Z,1.5433341,240,21,20,1024,2000,Mist (French: Brume),Broken,518.16,20.071,0.94
2026-06-27T01:00:00Z,1.5433341,320,21,19,1024,3000,Mist (French: Brume),Few,518.16,20.061,0.88
2026-06-27T02:00:00Z,1.5433341,350,21,19,1024,4000,Mist (French: Brume),Few,518.16,20.052,0.88
2026-06-27T03:00:00Z,1.0288894,350,20,19,1024,5000,Mist (French: Brume),Few,457.2,20.04,0.94
2026-06-27T04:00:00Z,2.0577788,330,20,19,1023,4000,Mist (French: Brume),Few,457.2,20.023,0.94
2026-06-27T05:00:00Z,1.5433341,320,19,18,1023,5000,Mist (French: Brume),Few,609.6,20.002,0.94
2026-06-27T06:00:00Z,1.0288894,320,19,18,1022,2500,Mist (French: Brume),Few,609.6,19.98,0.94
2026-06-27T07:00:00Z,1.0288894,290,19,18,1022,500,Fog,No,0.0,19.959,0.94
2026-06-27T08:00:00Z,1.0288894,290,20,19,1023,400,Fog,No,0.0,19.935,0.94
2026-06-27T09:00:00Z,1.0288894,290,19,19,1023,500,Fog,No,0.0,19.91,1.0
2026-06-27T10:00:00Z,1.0288894,290,19,18,1023,500,Fog,No,0.0,19.919,0.94
2026-06-27T11:00:00Z,1.0288894,150,19,19,1024,500,Fog,No,0.0,19.918,1.0
2026-06-27T12:00:00Z,1.0288894,290,20,19,1024,1500,Mist (French: Brume),Few,60.96,19.965,0.94
2026-06-27T13:00:00Z,1.5433341,320,21,20,1024,3000,Mist (French: Brume),Few,91.44,20.034,0.94
2026-06-27T14:00:00Z,1.5433341,350,23,20,1024,6000,Sem Info,Few,91.44,20.159,0.83
2026-06-27T15:00:00Z,2.5722235,10,24,19,1023,7000,Sem Info,Scattered,518.16,20.298,0.74
2026-06-27T16:00:00Z,3.0866682,360,25,19,1022,9000,Sem Info,Scattered,518.16,20.439,0.69
2026-06-27T17:00:00Z,3.0866682,10,25,19,1021,9000,Sem Info,No,0.0,20.561,0.69
2026-06-27T18:00:00Z,2.5722235,70,25,19,1021,9000,Sem Info,No,0.0,20.64,0.69
2026-06-27T19:00:00Z,3.6011129,110,25,20,1020,9000,Sem Info,No,0.0,20.683,0.74
2026-06-27T20:00:00Z,2.0577788,100,23,20,1021,10000,Sem Info,No,0.0,20.691,0.83
2026-06-27T21:00:00Z,3.0866682,120,22,20,1021,10000,Sem Info,No,0.0,20.68,0.88
2026-06-27T22:00:00Z,2.5722235,130,22,20,1022,10000,Sem Info,Scattered,914.4,20.672,0.88
2026-06-27T23:00:00Z,3.0866682,140,22,20,1022,10000,Sem Info,Scattered,914.4,20.655,0.88
2026-06-28T00:00:00Z,2.5722235,140,22,20,1022,10000,Sem Info,Few,914.4,20.636,0.88
2026-06-28T01:00:00Z,0.5144447,10,21,20,1022,9000,Sem Info,Few,609.6,20.616,0.94
2026-06-28T02:00:00Z,0.5144447,220,21,19,1022,7000,Sem Info,Few,243.84,20.592,0.88
2026-06-28T03:00:00Z,0.0,0,20,19,1022,5000,Mist (French: Brume),Few,243.84,20.562,0.94
2026-06-28T04:00:00Z,0.0,0,21,20,1021,4000,Mist (French: Brume),Few,243.84,20.525,0.94
2026-06-28T05:00:00Z,1.0288894,290,21,20,1021,3000,Mist (French: Brume),Few,243.84,20.483,0.94
2026-06-28T06:00:00Z,1.0288894,30,20,19,1020,2000,Mist (French: Brume),Few,243.84,20.441,0.94
2026-06-28T07:00:00Z,1.0288894,20,20,19,1020,2000,Mist (French: Brume),Scattered,213.36,20.396,0.94
2026-06-28T08:00:00Z,1.0288894,350,21,20,1020,2200,Mist (French: Brume),Scattered,152.4,20.349,0.94
2026-06-28T09:00:00Z,1.5433341,310,20,19,1021,2200,Mist (French: Brume),Scattered,152.4,20.301,0.94
2026-06-28T10:00:00Z,0.5144447,320,21,20,1021,2200,Mist (French: Brume),Scattered,152.4,20.279,0.94
2026-06-28T11:00:00Z,1.0288894,320,22,19,1022,3000,Mist (French: Brume),Scattered,182.88,20.268,0.83
2026-06-28T12:00:00Z,2.0577788,360,22,20,1022,3000,Mist (French: Brume),Few,182.88,20.313,0.88
2026-06-28T13:00:00Z,1.5433341,20,22,20,1022,3000,Mist (French: Brume),Few,182.88,20.406,0.88
2026-06-28T14:00:00Z,2.5722235,340,24,19,1021,4000,Haze,Scattered,274.32,20.529,0.74
2026-06-28T15:00:00Z,2.0577788,340,25,20,1020,6000,Sem Info,Few,304.8,20.671,0.74
2026-06-28T16:00:00Z,1.5433341,20,27,21,1019,9000,Sem Info,No,0.0,20.808,0.7
2026-06-28T17:00:00Z,2.0577788,20,27,21,1018,10000,Sem Info,Few,609.6,20.923,0.7
2026-06-28T18:00:00Z,3.6011129,110,28,18,1017,10000,Sem Info,Few,609.6,21.011,0.55
2026-06-28T19:00:00Z,2.0577788,130,27,19,1017,10000,Sem Info,No,0.0,21.06,0.62
2026-06-28T20:00:00Z,3.0866682,150,25,20,1017,10000,Sem Info,No,0.0,21.068,0.74
2026-06-28T21:00:00Z,2.5722235,120,24,20,1017,10000,Sem Info,No,0.0,21.05,0.78
2026-06-28T22:00:00Z,3.0866682,160,23,19,1017,9000,Sem Info,No,0.0,21.017,0.78
2026-06-28T23:00:00Z,3.0866682,110,23,20,1017,9000,Sem Info,No,0.0,20.983,0.83
2026-06-29T00:00:00Z,1.5433341,110,22,19,1018,9000,Sem Info,No,0.0,20.939,0.83
2026-06-29T01:00:00Z,2.0577788,130,21,19,1018,9000,Sem Info,No,0.0,20.885,0.88
2026-06-29T02:00:00Z,1.0288894,130,21,19,1018,9000,Sem Info,No,0.0,20.828,0.88
2026-06-29T03:00:00Z,1.5433341,80,20,18,1018,9000,Sem Info,No,0.0,20.764,0.88
2026-06-29T04:00:00Z,0.0,0,20,18,1017,9000,Sem Info,No,0.0,20.698,0.88
2026-06-29T05:00:00Z,1.0288894,210,19,17,1017,8000,Sem Info,No,0.0,20.63,0.88
2026-06-29T06:00:00Z,1.5433341,190,19,17,1017,8000,Sem Info,No,0.0,20.56,0.88
2026-06-29T07:00:00Z,1.5433341,240,19,18,1017,8000,Sem Info,No,0.0,20.492,0.94
2026-06-29T08:00:00Z,2.0577788,240,18,17,1017,8000,Sem Info,No,0.0,20.423,0.94
2026-06-29T09:00:00Z,0.5144447,240,18,17,1017,10000,Sem Info,No,0.0,20.354,0.94
2026-06-29T10:00:00Z,1.5433341,80,18,16,1018,10000,Sem Info,No,0.0,20.303,0.88
2026-06-29T11:00:00Z,1.5433341,180,22,20,1019,10000,Sem Info,No,0.0,20.276,0.88
2026-06-29T12:00:00Z,2.0577788,350,23,20,1019,10000,Sem Info,No,0.0,20.312,0.83
2026-06-29T13:00:00Z,1.0288894,350,26,18,1019,10000,Sem Info,No,0.0,20.4,0.61
2026-06-29T14:00:00Z,1.5433341,360,28,17,1019,10000,Sem Info,No,0.0,20.523,0.51
2026-06-29T15:00:00Z,1.5433341,60,29,18,1018,10000,Sem Info,No,0.0,20.665,0.52
2026-06-29T16:00:00Z,1.5433341,350,30,17,1017,10000,Sem Info,No,0.0,20.806,0.46
2026-06-29T17:00:00Z,3.6011129,40,30,17,1016,10000,Sem Info,No,0.0,20.931,0.46
2026-06-29T18:00:00Z,2.5722235,110,30,17,1015,10000,Sem Info,No,0.0,21.027,0.46
2026-06-29T19:00:00Z,5.6588917,220,26,19,1017,10000,Sem Info,No,0.0,21.082,0.65
2026-06-29T20:00:00Z,5.144447,250,24,19,1017,10000,Sem Info,No,0.0,21.09,0.74
2026-06-29T21:00:00Z,3.6011129,290,23,19,1018,10000,Sem Info,No,0.0,21.073,0.78
2026-06-29T22:00:00Z,1.5433341,230,22,19,1019,10000,Sem Info,No,0.0,21.062,0.83
2026-06-29T23:00:00Z,3.0866682,200,22,19,1020,10000,Sem Info,Few,396.24,21.044,0.83
2026-06-30T00:00:00Z,2.0577788,300,22,19,1020,10000,Sem Info,Few,365.76,21.023,0.83
2026-06-30T01:00:00Z,3.0866682,250,22,19,1020,10000,Sem Info,Few,365.76,20.993,0.83
2026-06-30T02:00:00Z,3.6011129,250,22,19,1020,10000,Sem Info,Few,365.76,20.95,0.83
2026-06-30T03:00:00Z,1.0288894,250,22,19,1019,10000,Sem Info,Few,365.76,20.899,0.83
2026-06-30T04:00:00Z,1.5433341,300,22,19,1019,8000,Sem Info,Few,457.2,20.844,0.83
2026-06-30T05:00:00Z,1.5433341,310,21,19,1019,7000,Sem Info,Few,457.2,20.793,0.88
2026-06-30T06:00:00Z,2.0577788,330,21,19,1018,6000,Sem Info,Few,457.2,20.744,0.88
2026-06-30T07:00:00Z,1.5433341,280,20,19,1018,6000,Sem Info,Few,457.2,20.694,0.94
2026-06-30T08:00:00Z,2.0577788,320,20,19,1018,6000,Sem Info,Few,457.2,20.646,0.94
2026-06-30T09:00:00Z,1.5433341,100,19,18,1018,5000,Mist (French: Brume),Few,213.36,20.593,0.94
2026-06-30T10:00:00Z,2.0577788,130,19,18,1019,5000,Mist (French: Brume),Few,213.36,20.526,0.94
2026-06-30T10:31:00Z,1.0288894,170,21,19,1019,4000,Mist (French: Brume),Scattered,274.32,21.156,0.88
2026-06-30T11:00:00Z,1.5433341,140,22,20,1019,4000,Mist (French: Brume),Scattered,213.36,20.497,0.88
2026-06-30T12:00:00Z,2.0577788,10,22,19,1019,5000,Mist (French: Brume),Broken,304.8,20.528,0.83
2026-06-30T13:00:00Z,1.5433341,130,24,20,1020,9000,Sem Info,Few,396.24,20.615,0.78
2026-06-30T14:00:00Z,1.5433341,90,26,19,1019,9000,Sem Info,No,0.0,20.741,0.65
2026-06-30T15:00:00Z,1.5433341,80,26,19,1019,9000,Sem Info,No,0.0,20.885,0.65
2026-06-30T16:00:00Z,3.0866682,360,27,19,1017,9000,Sem Info,No,0.0,21.031,0.62
2026-06-30T17:00:00Z,3.0866682,350,27,20,1016,8000,Sem Info,No,0.0,21.159,0.66
2026-06-30T18:00:00Z,2.5722235,120,24,20,1016,10000,Sem Info,No,0.0,21.252,0.78
2026-06-30T19:00:00Z,2.5722235,40,27,20,1016,8000,Sem Info,No,0.0,21.3,0.66
2026-06-30T20:00:00Z,2.5722235,150,25,20,1016,9000,Sem Info,No,0.0,21.305,0.74
2026-06-30T21:00:00Z,2.5722235,120,24,20,1016,10000,Sem Info,No,0.0,21.284,0.78
2026-06-30T22:00:00Z,3.0866682,150,23,21,1016,10000,Sem Info,No,0.0,21.264,0.89
2026-06-30T23:00:00Z,2.0577788,150,24,20,1017,10000,Sem Info,No,0.0,21.236,0.78
2026-07-01T00:00:00Z,1.0288894,160,23,21,1017,10000,Sem Info,No,0.0,21.202,0.89
2026-07-01T01:00:00Z,3.0866682,260,22,20,1017,10000,Sem Info,No,0.0,21.159,0.88
2026-07-01T02:00:00Z,2.5722235,270,22,20,1017,7000,Sem Info,No,0.0,21.107,0.88
2026-07-01T03:00:00Z,4.1155576,260,22,20,1017,6000,Sem Info,No,0.0,21.048,0.88
2026-07-01T04:00:00Z,1.0288894,20,20,19,1017,5000,Mist (French: Brume),No,0.0,20.986,0.94
2026-07-01T05:00:00Z,1.0288894,60,20,18,1016,5000,Mist (French: Brume),No,0.0,20.921,0.88
2026-07-01T06:00:00Z,1.0288894,60,20,18,1016,5000,Mist (French: Brume),No,0.0,20.852,0.88
2026-07-01T07:00:00Z,1.0288894,60,20,18,1016,3000,Mist (French: Brume),No,0.0,20.784,0.88
2026-07-01T08:00:00Z,1.0288894,60,19,18,1016,3000,Mist (French: Brume),No,0.0,20.716,0.94
2026-07-01T09:00:00Z,1.0288894,60,19,18,1016,3000,Mist (French: Brume),Few,91.44,20.649,0.94
2026-07-01T09:45:00Z,1.5433341,40,19,18,1017,1500,Mist (French: Brume),Few,60.96,18.582,0.94
2026-07-01T10:00:00Z,1.0288894,60,19,18,1017,1500,Mist (French: Brume),Few,60.96,20.596,0.94
2026-07-01T11:00:00Z,1.0288894,130,22,21,1017,3000,Mist (French: Brume),Few,60.96,20.575,0.94
2026-07-01T12:00:00Z,2.0577788,20,24,21,1018,9000,Sem Info,No,0.0,20.619,0.83
2026-07-01T13:00:00Z,1.0288894,10,25,21,1018,9000,Sem Info,No,0.0,20.715,0.78
2026-07-01T14:00:00Z,2.0577788,20,27,20,1018,10000,Sem Info,No,0.0,20.847,0.66
2026-07-01T15:00:00Z,2.5722235,40,30,20,1018,10000,Sem Info,No,0.0,20.994,0.55
2026-07-01T16:00:00Z,1.5433341,50,31,19,1017,10000,Sem Info,No,0.0,21.138,0.49
2026-07-01T17:00:00Z,2.0577788,340,33,18,1017,10000,Sem Info,No,0.0,21.265,0.41
2026-07-01T18:00:00Z,5.144447,120,29,19,1017,10000,Sem Info,No,0.0,21.363,0.55
2026-07-01T19:00:00Z,5.144447,120,28,18,1017,10000,Sem Info,No,0.0,21.422,0.55
2026-07-01T20:00:00Z,4.1155576,140,27,18,1017,10000,Sem Info,No,0.0,21.433,0.58
2026-07-01T21:00:00Z,3.0866682,140,25,19,1018,10000,Sem Info,No,0.0,21.416,0.69
2026-07-01T22:00:00Z,2.5722235,140,24,19,1018,10000,Sem Info,No,0.0,21.421,0.74
2026-07-01T23:00:00Z,1.0288894,140,24,18,1019,10000,Sem Info,No,0.0,21.402,0.69
2026-07-02T00:00:00Z,1.0288894,140,22,18,1019,10000,Sem Info,No,0.0,21.38,0.78
2026-07-02T01:00:00Z,1.5433341,360,23,20,1019,10000,Sem Info,No,0.0,21.348,0.83
2026-07-02T02:00:00Z,1.0288894,30,22,20,1019,10000,Sem Info,No,0.0,21.306,0.88
2026-07-02T03:00:00Z,1.0288894,30,21,19,1019,10000,Sem Info,No,0.0,21.254,0.88
2026-07-02T04:00:00Z,1.0288894,30,20,18,1019,10000,Sem Info,No,0.0,21.196,0.88
2026-07-02T05:00:00Z,1.0288894,30,20,18,1019,10000,Sem Info,No,0.0,21.134,0.88
2026-07-02T06:00:00Z,1.5433341,10,20,19,1019,10000,Sem Info,No,0.0,21.068,0.94
2026-07-02T07:00:00Z,1.5433341,70,19,18,1018,10000,Sem Info,No,0.0,20.999,0.94
2026-07-02T08:00:00Z,1.0288894,70,18,17,1018,10000,Sem Info,No,0.0,20.928,0.94
2026-07-02T09:00:00Z,1.0288894,70,18,17,1019,10000,Sem Info,No,0.0,20.857,0.94
2026-07-02T10:00:00Z,1.0288894,70,18,17,1019,7000,Sem Info,No,0.0,20.789,0.94
2026-07-02T11:00:00Z,1.0288894,300,22,20,1020,7000,Sem Info,No,0.0,20.759,0.88
2026-07-02T12:00:00Z,1.5433341,300,24,18,1020,6000,Sem Info,No,0.0,20.804,0.69
2026-07-02T13:00:00Z,2.0577788,350,26,18,1021,5000,Haze,No,0.0,20.904,0.61
2026-07-02T14:00:00Z,1.5433341,20,27,20,1020,7000,Sem Info,No,0.0,21.041,0.66
