datetime,Dew point temperature (HTGL),Geopotential height (0DEG),Geopotential height (CEIL),Geopotential height (HTFL),Geopotential height (SFC),High level cloud cover,Low level cloud cover,Mean sea level pressure (ETA model),Mid level cloud cover,Parcel lifted index (to 500 hPa),Precipitable water,Pressure,Probability of precipitation,Relative humidity (HTGL),Relative humidity (HYBL),Specific humidity (HTGL),Specific humidity (HYBL),Specific humidity (SPDY),Surface lifted index,Surface roughness,Temperature (HTGL),Temperature (SFC),Temperature - sea Temperature,Total cloud cover,Total column-integrated cloud water,Water temperature,u-component of wind (HTGL),u-component of wind (SPDY),v-component of wind (HTGL),v-component of wind (SPDY),wind_angle,wind_speed
2026-06-01 00:00:00+00:00,17.60870179544242,,,,4.089154243469238,0.0,0.5518835449218749,1020.0509874302816,0.4460379028320314,,29.003047943115234,1016.5090625,,85.62864,85.62864,,,,,,293.2674255371094,297.1534118652344,294.0038146972656,0.5518835449218749,,0.0,1.9177899360656736,1.9270867109298704,-0.4069310128688812,-0.4090007543563843,281.9797668457031,1.9604874849319456
2026-06-01 01:00:00+00:00,17.26961921238691,,,,4.089154243469238,0.0,0.8365576171875002,1019.66629612261,0.5461663818359375,,30.149259567260746,1016.1234375,,84.14264,84.14264,,,,,,293.64959716796875,293.74542236328125,294.0038146972656,0.8365576171875002,,0.0,1.735035061836243,2.218979358673096,-1.0277501344680786,-1.3150558471679688,300.64044189453125,2.0165855884552
2026-06-01 02:00:00+00:00,17.30903598724931,,,,4.089154243469238,0.0,1.0,1019.7236648050392,0.6973236083984373,,30.79612922668457,1016.18375,,86.45853,86.45853,,,,,,293.2511291503906,293.3427429199219,294.0038146972656,1.0,,0.0,1.7862496376037598,2.286848545074463,-1.1217681169509888,-1.4362037181854248,302.12890625,2.1092774868011475
2026-06-01 03:00:00+00:00,17.174276962347385,,,,4.089154243469238,0.0,1.0,1019.851654254737,0.8101071166992186,,31.17173194885254,1016.311796875,,85.755135,85.755135,,,,,,293.27099609375,293.4183959960937,294.0038146972656,1.0,,0.0,1.7054100036621094,2.169628858566284,-1.0469952821731567,-1.3315805196762085,301.5468444824219,2.001155376434326
2026-06-01 04:00:00+00:00,17.177745020735482,,,,4.089154243469238,0.0,0.9895867919921876,1019.2989933356656,0.8302609252929689,,30.913166046142575,1015.762109375,,86.4986,86.4986,,,,,,293.0090026855469,292.9205017089844,294.0038146972656,0.9895867919921876,,0.0,1.7345644235610962,2.3030030727386475,-1.2513434886932373,-1.6628532409667969,305.80731201171875,2.1388254165649414
2026-06-01 05:00:00+00:00,17.272989734693876,,,,4.089154243469238,0.0,1.0,1019.0260566190896,0.8111703491210935,,30.79129981994629,1015.490546875,,87.73032,87.73032,,,,,,292.8819580078125,292.7979736328125,294.0038146972656,1.0,,0.0,1.6011645793914795,2.131410360336304,-1.1800506114959717,-1.570075750350952,306.3900451660156,1.989031791687012
2026-06-01 06:00:00+00:00,17.16827941436078,,,,4.089154243469238,0.0,0.9776403808593752,1018.6850082026772,0.8894268798828127,,30.764055252075195,1015.152578125,,87.66367,87.66367,,,,,,292.84307861328125,292.8486633300781,294.0038146972656,0.9776403808593752,,0.0,1.796885967254639,2.328495979309082,-1.2894282341003418,-1.6683622598648071,305.6628723144531,2.2116565704345703
2026-06-01 07:00:00+00:00,17.063516984264574,,,,4.089154243469238,0.0,0.8750039672851564,1018.9812346207192,0.5735546875000002,,30.054244995117188,1015.451328125,,88.20013,88.20013,,,,,,292.5278625488281,292.38043212890625,294.0038146972656,0.8750039672851564,,0.0,1.496174693107605,2.051090240478516,-1.0819556713104248,-1.483402967453003,305.8724975585937,1.8463928699493408
2026-06-01 08:00:00+00:00,16.89790574440542,,,,4.089154243469238,0.0,0.8410739135742187,1018.8335129428622,0.3301712036132813,,29.824352264404297,1015.307421875,,88.16349,88.16349,,,,,,292.357177734375,292.1888122558594,294.0038146972656,0.8410739135742187,,0.0,1.8198575973510744,2.4698286056518555,-1.1394407749176023,-1.5452744960784912,302.0513000488281,2.147139310836792
2026-06-01 09:00:00+00:00,16.760371142774844,,,,4.089154243469238,0.0,0.7551000976562499,1018.9702919353444,0.2867864990234374,,29.215900421142575,1015.44546875,,87.55189,87.55189,,,,,,292.2837829589844,292.04962158203125,294.0038146972656,0.7551000976562499,,0.0,2.237060546875,3.047290563583374,-0.9046647548675536,-1.2314211130142212,292.0183410644531,2.413059949874878
2026-06-01 10:00:00+00:00,16.613710779958524,,,,4.089154243469238,0.0,0.6711773681640625,1019.5377199120304,0.0,,28.49605941772461,1016.010546875,,86.338524,86.338524,,,,,,292.5365905761719,292.5826721191406,294.0038146972656,0.6711773681640625,,0.0,1.7401198148727417,2.2306056022644043,-0.4606190621852875,-0.5893672108650208,284.8264465332031,1.8000519275665283
2026-06-01 11:00:00+00:00,16.47901467975289,,,,4.089154243469238,0.0,0.6710247802734375,1019.8485450060566,0.0,,27.83110809326172,1016.309140625,,79.80166,79.80166,,,,,,294.0897216796875,295.4906616210937,294.0038146972656,0.6710247802734375,,0.0,2.1218278408050537,2.614248991012573,0.2750494480133056,0.3401292562484741,262.614013671875,2.139580726623535
2026-06-01 12:00:00+00:00,16.768586507047704,,,,4.089154243469238,0.0,0.5890979003906249,1020.359260354972,0.0,,27.23664283752441,1016.8053125,,74.78821,74.78821,,,,,,295.7429504394531,298.9185791015625,294.0038146972656,0.5890979003906249,,0.0,1.3895291090011597,1.6817971467971802,0.6176068782806396,0.7472573518753052,246.03619384765625,1.5206016302108765
2026-06-01 13:00:00+00:00,16.27642404668342,,,,4.089154243469238,0.0,0.4410598754882811,1019.679013347594,0.0,,26.805402755737305,1016.11484375,,66.59376,66.59376,,,,,,297.3370056152344,302.1592102050781,294.0038146972656,0.4410598754882811,,0.0,1.0249300003051758,1.2336448431015017,0.2583526968955993,0.310954749584198,255.85226440429688,1.0569899082183838
2026-06-01 14:00:00+00:00,15.754040427784496,,,,4.089154243469238,0.0,0.5640451049804689,1019.6936645408618,0.0,,26.955026626586918,1016.116953125,,59.520405,59.520405,,,,,,298.8222045898437,304.7631530761719,294.0038146972656,0.5640451049804689,,0.0,0.9481769800186156,1.1464663743972778,0.4712623655796051,0.5714530944824219,243.5717315673828,1.0588332414627075
2026-06-01 15:00:00+00:00,15.488822749907532,,,,4.089154243469238,0.0,0.9675140380859376,1018.787837471838,0.0,,27.11601829528809,1015.20859375,,54.971764,54.971764,,,,,,299.9326477050781,306.3515319824219,294.0038146972656,0.9675140380859376,,0.0,0.6338569521903992,0.764183521270752,-0.3966467380523681,-0.4754309058189392,302.0369873046875,0.7477321028709412
2026-06-01 16:00:00+00:00,16.554748017541918,,,,4.089154243469238,0.0,1.0,1018.4027940352548,0.9918405151367188,,29.04133033752441,1014.829296875,,60.962845,60.962845,,,,,,299.6017150878906,305.9659118652344,294.0038146972656,1.0,,0.0,-2.6635007858276367,-3.285242080688477,2.016955852508545,2.4960250854492188,127.13510131835938,3.3410098552703857
2026-06-01 17:00:00+00:00,16.58607440179162,,,,4.089154243469238,0.0,0.7806109619140624,1018.0157656699035,0.0,,27.123516082763672,1014.43984375,,59.98056,59.98056,,,,,,299.7449035644531,305.1293029785156,294.0038146972656,0.7806109619140624,,0.0,1.6435328722000122,2.031686544418335,2.80267596244812,3.463575839996338,210.38803100585935,3.2490296363830566
2026-06-01 18:00:00+00:00,16.777935109466725,,,,4.089154243469238,0.0,0.7509143066406252,1017.5397604974384,0.0,,27.446542739868164,1013.973828125,,63.571205,63.571205,,,,,,298.8784484863281,303.43316650390625,294.0038146972656,0.7509143066406252,,0.0,2.0977671146392822,2.611459255218506,3.4566144943237305,4.304105758666992,211.2529296875,4.043366432189941
2026-06-01 19:00:00+00:00,17.444473936148377,,,,4.089154243469238,0.0,1.0,1018.2721245027918,0.1621057128906251,,29.10934066772461,1014.7103125,,70.5073,70.5073,,,,,,297.5478210449219,300.4875793457031,294.0038146972656,1.0,,0.0,2.188985586166382,2.748008251190185,3.754095315933228,4.711479187011719,210.24615478515625,4.345674991607666
2026-06-01 20:00:00+00:00,17.926470922033,,,,4.089154243469238,0.0,0.9183392333984376,1018.3090182853688,0.3168826293945312,,30.702396392822266,1014.74953125,,76.68258,76.68258,,,,,,296.3236389160156,297.8753356933594,294.0038146972656,0.9183392333984376,,0.0,1.7710644006729126,2.240010023117065,3.75896430015564,4.753893852233887,205.2278289794922,4.155295848846436
2026-06-01 21:00:00+00:00,18.52532006143233,,,,4.089154243469238,0.0,1.0,1019.5331239564904,0.7959304809570313,,32.816287994384766,1015.971328125,,81.60468,81.60468,,,,,,295.7463684082031,296.66558837890625,294.0038146972656,1.0,,0.0,1.6709496974945068,2.114767551422119,2.997129440307617,3.794326543807984,209.1403961181641,3.4314513206481934
2026-06-01 22:00:00+00:00,18.43072640734425,,,,4.089154243469238,0.0,0.9346386718750002,1019.8642193685146,1.0,,35.08858108520508,1016.3009375,,81.37976,81.37976,,,,,,295.6160583496094,296.3073425292969,294.0038146972656,1.0,,0.0,1.4290945529937744,1.7883343696594238,1.7707453966140747,2.2133405208587646,218.90554809570312,2.275489091873169
2026-06-01 23:00:00+00:00,18.388204190431612,,,,4.089154243469238,0.0,0.8359942626953125,1020.3588312371209,0.923694763183594,,35.7253532409668,1016.79453125,,81.83897,81.83897,,,,,,295.32373046875,295.5812683105469,294.0038146972656,0.923694763183594,,0.0,1.0026068687438965,1.2552932500839231,1.1026103496551514,1.378159523010254,222.28033447265625,1.490291953086853
2026-06-02 00:00:00+00:00,18.650341663444973,,,,4.089154243469238,0.0,0.8796112060546877,1020.801144305034,1.0,,36.275535583496094,1017.236796875,,84.150276,84.150276,,,,,,295.10662841796875,295.2781982421875,294.0038146972656,1.0,,0.0,1.1761618852615356,1.4699902534484863,0.4413465559482574,0.5553159713745117,249.43174743652344,1.256241798400879
2026-06-02 00:00:00+00:00,18.175208315316212,,,,4.089154243469238,0.0,0.6764282226562499,1021.2651288013508,0.6049533081054688,,34.960411071777344,1017.71203125,,87.66481,87.66481,,,,,,293.4739990234375,297.1534118652344,294.25799560546875,0.6764282226562499,,0.0,1.038164496421814,1.040149211883545,0.485852986574173,0.466736227273941,244.92076110839844,1.1462279558181765
2026-06-02 01:00:00+00:00,17.685881692937716,,,,4.089154243469238,0.0,0.9307565307617188,1021.0254453816108,0.7098764038085936,,36.09230422973633,1017.4690625,,84.217384,84.217384,,,,,,294.0753479003906,294.1924743652344,294.25799560546875,0.9307565307617188,,0.0,1.2231667041778564,1.540540099143982,0.5063600540161133,0.6363010406494141,247.51168823242188,1.3238343000411987
2026-06-02 02:00:00+00:00,17.435514610863375,,,,4.089154243469238,0.0,0.9913427734375002,1021.253313875615,0.9358261108398436,,34.73674774169922,1017.699453125,,84.41245,84.41245,,,,,,293.7867126464844,293.91943359375,294.25799560546875,0.9913427734375002,,0.0,1.707119345664978,2.1658029556274414,0.3459293842315674,0.438821792602539,258.54473876953125,1.741816163063049
2026-06-02 03:00:00+00:00,17.197937123244415,,,,4.089154243469238,0.0,0.8065039062500001,1021.4602029846704,0.8629470825195313,,34.005340576171875,1017.910859375,,83.83458,83.83458,,,,,,293.6005249023437,293.6361083984375,294.25799560546875,0.8629470825195313,,0.0,2.121498346328736,2.7378969192504883,-0.0757195129990577,-0.1008915901184082,272.0440979003906,2.122849225997925
2026-06-02 04:00:00+00:00,17.23911272340084,,,,4.089154243469238,0.0,0.8841174316406248,1021.2445714396204,0.7934866333007813,,34.32680130004883,1017.696953125,,85.92814,85.92814,,,,,,293.2434387207031,293.261962890625,294.25799560546875,0.8841174316406248,,0.0,0.9536285400390624,1.2138464450836182,-0.5937196016311646,-0.759039044380188,301.9059753417969,1.1233478784561155
2026-06-02 05:00:00+00:00,17.35873236245011,,,,4.089154243469238,0.0,0.9009414672851564,1020.833717397178,0.695615234375,,33.618431091308594,1017.291640625,,89.037895,89.037895,,,,,,292.82000732421875,292.879150390625,294.25799560546875,0.9009414672851564,,0.0,1.2935563325881958,1.6515021324157717,-1.0666909217834473,-1.3630110025405884,309.5096435546875,1.6766387224197388
2026-06-02 06:00:00+00:00,17.462892956735775,,,,4.089154243469238,0.0,0.967845458984375,1020.3935379392312,0.8405984497070311,,33.53118896484375,1016.854609375,,90.480515,90.480515,,,,,,292.6880187988281,292.7824401855469,294.25799560546875,0.967845458984375,,0.0,1.144502878189087,1.4454712867736816,-0.8535733819007874,-1.07893705368042,306.7156677246094,1.427751541137695
2026-06-02 07:00:00+00:00,17.40956604562959,,,,4.089154243469238,0.0,1.0,1020.741100871906,1.0,,35.02550506591797,1017.201171875,,90.27596,90.27596,,,,,,292.7494201660156,293.0541381835937,294.25799560546875,1.0,,0.0,1.1330180168151855,1.398017168045044,-0.7039622664451599,-0.8736553192138672,301.85333251953125,1.333901286125183
2026-06-02 08:00:00+00:00,17.314247043790576,,,,4.089154243469238,0.0,1.0,1020.8789218891304,0.8979940795898438,,36.0197868347168,1017.336953125,,89.12336,89.12336,,,,,,292.8133850097656,292.9981384277344,294.25799560546875,1.0,,0.0,1.5403938293457031,1.9404993057250977,-0.7116115689277649,-0.8944380283355713,294.7953796386719,1.6968218088150024
2026-06-02 09:00:00+00:00,17.328236855865462,,,,4.089154243469238,0.0,0.923900146484375,1021.238708319047,0.9461566162109376,,34.4927978515625,1017.69734375,,89.72235,89.72235,,,,,,292.67333984375,292.7472839355469,294.25799560546875,0.9461566162109376,,0.0,1.0209245681762695,1.2923667430877686,-0.8502451181411743,-1.06872820854187,309.7881774902344,1.3286097049713137
2026-06-02 10:00:00+00:00,17.328276196815228,,,,4.089154243469238,0.0,1.0,1021.9986553372556,0.9856118774414062,,37.19251251220703,1018.45203125,,88.005844,88.005844,,,,,,293.0208740234375,293.186279296875,294.25799560546875,1.0,,0.0,2.173475980758667,2.767733097076416,0.0701687559485435,0.0908452570438385,268.1509094238281,2.1746084690093994
2026-06-02 11:00:00+00:00,17.156457707163767,,,,4.089154243469238,0.0,1.0,1022.665764960164,1.0,,36.45058441162109,1019.113671875,,86.15119,86.15119,,,,,,293.2450866699219,293.562744140625,294.25799560546875,1.0,,0.0,1.201245903968811,1.509573221206665,1.873654127120972,2.373906135559082,212.66493225097656,2.2256619930267334
2026-06-02 12:00:00+00:00,15.737894784577,,,,4.089154243469238,0.0,1.0,1023.7230179597308,1.0,,33.943355560302734,1020.167578125,,77.05087,77.05087,,,,,,293.7774963378906,294.9122314453125,294.25799560546875,1.0,,0.0,-0.7243871688842773,-0.8857665061950684,1.234595537185669,1.5027602910995483,149.59812927246094,1.431419849395752
2026-06-02 13:00:00+00:00,15.060986751499476,,,,4.089154243469238,0.0,1.0,1023.3331453433024,0.9474798583984376,,34.015357971191406,1019.7684375,,68.65367,68.65367,,,,,,295.32940673828125,298.7411499023437,294.25799560546875,1.0,,0.0,-0.7967288494110107,-0.9618447422981262,0.472653716802597,0.5708388090133667,120.67823791503906,0.9263792037963868
2026-06-02 14:00:00+00:00,15.767991591230556,,,,4.089154243469238,0.0,0.9001910400390627,1023.437651265015,0.7869873046875,,33.79038619995117,1019.86578125,,69.39451,69.39451,,,,,,296.0904846191406,300.4873046875,294.25799560546875,0.9001910400390627,,0.0,-0.8460063338279724,-1.0220600366592407,0.8037936687469482,0.9725600481033324,133.53431701660156,1.1669665575027466
2026-06-02 15:00:00+00:00,15.18136284609823,,,,4.089154243469238,0.0,0.9168585205078124,1022.7392447658444,0.9222586059570316,,32.39756774902344,1019.167421875,,64.56275,64.56275,,,,,,296.9315185546875,302.5599975585937,294.25799560546875,0.9222586059570316,,0.0,-2.0434818267822266,-2.487471103668213,0.3833076357841491,0.4656952619552612,100.62384796142578,2.079120635986328
2026-06-02 16:00:00+00:00,15.808733994301978,,,,4.089154243469238,0.0,1.0,1022.3423623226496,1.0,,31.791061401367188,1018.77,,67.383026,67.383026,,,,,,296.96600341796875,302.5518798828125,294.25799560546875,1.0,,0.0,0.8764535784721375,1.0718365907669067,2.5514976978302,3.1279330253601074,198.9578857421875,2.6978344917297363
2026-06-02 17:00:00+00:00,15.332289316148758,,,,4.089154243469238,0.0,0.9589077758789064,1021.8639089829558,0.9658184814453126,,31.499868392944336,1018.29265625,,63.93644,63.93644,,,,,,296.8667907714844,300.5789794921875,294.25799560546875,0.9658184814453126,,0.0,0.5140473246574402,0.6230988502502441,1.0523908138275146,1.2763266563415527,206.03350830078125,1.1712262630462646
2026-06-02 18:00:00+00:00,15.698506509853244,,,,4.089154243469238,0.1127601623535157,1.0,1021.2524353471364,1.0,,32.59795379638672,1017.675859375,,62.960037,62.960037,,,,,,297.6149597167969,301.2914123535156,294.25799560546875,1.0,,0.0,-1.4041374921798706,-1.7484906911849976,1.7026586532592771,2.086063861846924,140.48849487304688,2.2069544792175293
2026-06-02 19:00:00+00:00,16.303924522777237,,,,4.089154243469238,0.2056167602539063,1.0,1021.8334953558414,1.0,,32.734474182128906,1018.269296875,,72.012985,72.012985,,,,,,295.77178955078125,297.86767578125,294.25799560546875,1.0,,0.0,0.5209236741065979,0.6511284112930298,2.8730740547180176,3.5636720657348637,190.2767791748047,2.919917106628418
2026-06-02 20:00:00+00:00,16.337524502302866,,,,4.089154243469238,0.341425323486328,0.6115032958984377,1021.74880828029,0.9588650512695313,,31.46323013305664,1018.176875,,69.8703,69.8703,,,,,,295.935791015625,297.0164794921875,294.25799560546875,0.9588650512695313,,0.0,0.4640211760997772,0.5576927065849304,0.3156079351902008,0.3834461569786072,235.7780914306641,0.5611808896064758
2026-06-02 21:00:00+00:00,16.924547656995866,,,,4.089154243469238,0.3458969116210937,0.7387701416015626,1022.6004625865662,0.6749169921874998,,32.95681381225586,1019.027265625,,74.277534,74.277534,,,,,,295.4269714355469,295.8290405273437,294.25799560546875,0.7387701416015626,,0.0,-0.7633844017982483,-0.9623414278030396,2.1248817443847656,2.6829752922058105,160.23867797851562,2.257848024368286
2026-06-02 22:00:00+00:00,17.906739240309776,,,,4.089154243469238,0.3094446182250976,0.6692797851562502,1023.1837914084672,0.6685482788085939,,34.67937469482422,1019.61421875,,83.29913,83.29913,,,,,,294.5847473144531,294.9555969238281,294.25799560546875,0.6692797851562502,,0.0,-1.6959030628204346,-2.143771171569824,1.5111489295959473,1.9116092920303345,131.70291137695312,2.2714881896972656
2026-06-02 23:00:00+00:00,16.7660964018358,,,,4.089154243469238,0.2305416107177733,1.0,1023.6634858351656,0.6273129272460936,,34.8246955871582,1020.09703125,,77.85096,77.85096,,,,,,294.4313049316406,294.6594543457031,294.25799560546875,1.0,,0.0,-1.1458773612976074,-1.446065902709961,1.4425495862960815,1.8198961019515991,141.53842163085938,1.842276930809021
2026-06-03 00:00:00+00:00,16.378023462962886,,,,4.089154243469238,0.0265436172485351,0.8277081298828124,1024.1051453595817,0.665396728515625,,34.67495346069336,1020.538671875,,76.259636,76.259636,,,,,,294.2234191894531,294.2042541503906,294.25799560546875,0.8277081298828124,,0.0,0.0180376712232828,0.028271559625864,0.3605847358703613,0.5375233888626099,182.86373901367188,0.3610356152057647
2026-06-03 00:00:00+00:00,17.635373353653364,,,,4.089154243469238,0.0,0.6060595703125,1024.686285973209,0.5723364257812502,,33.42981719970703,1021.13046875,,91.32019,91.32019,,,,,,292.2655639648437,297.1534118652344,292.52587890625,0.6060595703125,,0.0,0.3962166607379913,0.38300222158432,-0.58225017786026,-0.5916558504104614,325.7650146484375,0.7042747139930725
2026-06-03 01:00:00+00:00,17.516001800112132,,,,4.089154243469238,0.0,0.8146194458007812,1024.3145894287934,0.485107421875,,33.32107925415039,1020.762421875,,93.59082,93.59082,,,,,,292.285400390625,292.58868408203125,292.52587890625,0.8146194458007812,,0.0,-0.0413503758609294,-0.0504238493740558,-1.3827983140945437,-1.7079064846038818,1.7128283977508545,1.3834164142608645
2026-06-03 02:00:00+00:00,17.482220997475494,,,,4.089154243469238,0.0,0.9548654174804688,1024.5313514273626,0.6360781860351561,,33.424110412597656,1020.976796875,,92.99159,92.99159,,,,,,292.2821044921875,292.40740966796875,292.52587890625,0.9548654174804688,,0.0,1.007393479347229,1.2510952949523926,-0.2345573157072067,-0.2901015281677246,283.10699462890625,1.0343397855758667
2026-06-03 03:00:00+00:00,17.206243115308343,,,,4.089154243469238,0.0,0.7941830444335936,1024.804763483984,0.7041003417968752,,32.69142532348633,1021.251328125,,91.54223,91.54223,,,,,,292.1874084472656,292.1812438964844,292.52587890625,0.7941830444335936,,0.0,0.981795608997345,1.2626826763153076,0.040468581020832,0.0516800656914711,267.6396789550781,0.9826292991638184
2026-06-03 04:00:00+00:00,16.992859725703955,,,,4.089154243469238,0.0,0.8298388671875001,1024.435409431469,0.6045104980468752,,32.393341064453125,1020.887890625,,92.45464,92.45464,,,,,,291.8479919433594,291.9109802246094,292.52587890625,0.8298388671875001,,0.0,0.2824887037277221,0.3559079170227051,-1.0970335006713867,-1.3799846172332764,345.5599060058594,1.1328204870224
2026-06-03 05:00:00+00:00,16.650283935097395,,,,4.089154243469238,0.0,0.7370443725585938,1024.127095396081,0.5755752563476562,,31.94096565246582,1020.58484375,,92.14435,92.14435,,,,,,291.5635070800781,291.65972900390625,292.52587890625,0.7370443725585938,,0.0,0.5155723094940186,0.6397062540054321,-0.7559892535209656,-0.9358550310134888,325.7066650390625,0.9150598645210266
2026-06-03 06:00:00+00:00,16.541006729125034,,,,4.089154243469238,0.0,0.7758212280273438,1023.707009819559,0.5660336303710936,,31.64683151245117,1020.169296875,,92.82753,92.82753,,,,,,291.3343505859375,291.4361267089844,292.52587890625,0.7758212280273438,,0.0,0.4311616420745849,0.5275265574455261,-0.5172387957572937,-0.6335081458091736,320.1859741210937,0.6733767986297607
2026-06-03 07:00:00+00:00,16.47909392355318,,,,4.089154243469238,0.0,0.7656808471679688,1023.99566380464,0.5111917114257811,,31.44455337524414,1020.456796875,,92.48383,92.48383,,,,,,291.279052734375,291.2732238769531,292.52587890625,0.7656808471679688,,0.0,0.6393128037452698,0.8171249628067017,-0.2528162598609924,-0.3226795494556427,291.5763244628906,0.687485933303833
2026-06-03 08:00:00+00:00,16.387328601390028,,,,4.089154243469238,0.0,0.7396502685546875,1023.9036722940554,0.4445843505859375,,30.80784797668457,1020.367734375,,93.67146,93.67146,,,,,,291.0175170898437,291.073486328125,292.52587890625,0.7396502685546875,,0.0,0.1900734901428222,0.2355246990919113,-0.7706953287124634,-0.9577311277389526,346.1458435058594,0.7937878966331482
2026-06-03 09:00:00+00:00,16.107543699088925,,,,4.089154243469238,0.0,0.7245446777343751,1023.9615708186604,0.2546798706054689,,29.833614349365234,1020.4284375,,92.79855,92.79855,,,,,,290.86260986328125,290.8870544433594,292.52587890625,0.7245446777343751,,0.0,0.2655272185802459,0.3342386484146118,-0.769956648349762,-0.9672582149505616,340.9727478027344,0.8144556283950806
2026-06-03 10:00:00+00:00,15.840138596160282,,,,4.089154243469238,0.0,0.6956402587890627,1024.5484057385984,0.1533389282226562,,29.28325843811035,1021.013984375,,90.9779,90.9779,,,,,,290.9976806640625,291.3868713378906,292.52587890625,0.6956402587890627,,0.0,0.3572169542312622,0.4236282706260681,-0.2972327172756195,-0.351637065410614,309.7631225585937,0.4647055566310882
2026-06-03 11:00:00+00:00,15.635936066942376,,,,4.089154243469238,0.0,0.6918081665039062,1025.0930103645962,0.1833828735351561,,29.19356155395508,1021.5453125,,83.04085,83.04085,,,,,,292.5482482910156,294.3321838378906,292.52587890625,0.6918081665039062,,0.0,0.7869574427604675,0.9410176873207092,-0.3945384621620178,-0.4711449146270752,296.6267395019531,0.8803195953369141
2026-06-03 12:00:00+00:00,15.73028195674981,,,,4.089154243469238,0.0,0.6749569702148439,1025.953960266664,0.2900143432617188,,29.32852935791016,1022.387421875,,76.34485,76.34485,,,,,,294.271728515625,297.7497253417969,292.52587890625,0.6749569702148439,,0.0,0.6614312529563904,0.7904365062713623,-0.0217081531882286,-0.0257871896028518,271.8797607421875,0.6617873907089233
2026-06-03 13:00:00+00:00,15.567645299075227,,,,4.089154243469238,0.0,0.5867343139648438,1025.3995477099234,0.2751721191406249,,28.864646911621094,1021.822421875,,69.701805,69.701805,,,,,,295.8209533691406,300.87957763671875,292.52587890625,0.5867343139648438,,0.0,0.4020566940307617,0.4802151918411255,0.2064131945371627,0.2489770352840423,242.8243408203125,0.451946884393692
2026-06-03 14:00:00+00:00,15.092106339996482,,,,4.089154243469238,0.0,0.6355740356445314,1025.2491977233303,0.1873703002929687,,28.803974151611328,1021.661796875,,62.774082,62.774082,,,,,,297.1861572265625,302.9969482421875,292.52587890625,0.6355740356445314,,0.0,-0.6508059501647949,-0.7845649719238281,0.4832574427127838,0.5805603265762329,126.59581756591795,0.8106085062026978
2026-06-03 15:00:00+00:00,14.942684486600928,,,,4.089154243469238,0.0,0.8780728149414063,1024.4414719275624,0.0159588623046875,,29.276338577270508,1020.851953125,,59.42343,59.42343,,,,,,298.15533447265625,304.7881164550781,292.52587890625,0.8780728149414063,,0.0,-1.7273881435394287,-2.103995084762573,0.2164028733968734,0.2694002389907837,97.1406707763672,1.740890622138977
2026-06-03 16:00:00+00:00,14.56490315818392,,,,4.089154243469238,0.0,0.5180581665039061,1024.0973474563373,0.0259213256835937,,28.655298233032227,1020.513984375,,58.032887,58.032887,,,,,,298.2433166503906,304.9106750488281,292.52587890625,0.5180581665039061,,0.0,-2.2899370193481445,-2.807823657989502,1.4865976572036743,1.8211472034454343,122.9911117553711,2.7301619052886963
2026-06-03 17:00:00+00:00,15.699446825596649,,,,4.089154243469238,0.0132659912109374,0.8218719482421877,1023.4945062138376,0.0,,29.6120662689209,1019.9090625,,62.482666,62.482666,,,,,,298.2103576660156,304.180419921875,292.52587890625,0.8218719482421877,,0.0,-0.3674741387367248,-0.4157740771770477,3.292405605316162,4.071831703186035,173.6314239501953,3.312849521636963
2026-06-03 18:00:00+00:00,15.656581929280575,,,,4.089154243469238,0.1080547332763672,0.5886160278320314,1023.050285875373,0.5566113281249998,,30.1787166595459,1019.471015625,,63.4321,63.4321,,,,,,297.67852783203125,302.7284851074219,292.52587890625,0.5886160278320314,,0.0,0.6996182203292847,0.8548260927200317,2.279332160949707,2.78635835647583,197.06333923339844,2.3842861652374268
2026-06-03 19:00:00+00:00,15.098935607099564,,,,4.089154243469238,0.1790216445922852,1.0,1023.5676273404708,0.6002209472656248,,30.837949752807617,1019.985546875,,60.35443,60.35443,,,,,,297.5915832519531,300.5428466796875,292.52587890625,1.0,,0.0,-3.0674471855163574,-3.832046031951904,2.246908664703369,2.810567140579224,126.22281646728516,3.802345514297485
2026-06-03 20:00:00+00:00,16.349664724510834,,,,4.089154243469238,0.1936256408691405,0.7117401123046876,1023.9540006448968,0.4320080566406248,,30.582075119018555,1020.3759375,,69.65713,69.65713,,,,,,296.20458984375,297.6762390136719,292.52587890625,0.7117401123046876,,0.0,-2.4392547607421875,-3.0669541358947754,2.5292136669158936,3.182793140411377,136.0372772216797,3.5138134956359863
2026-06-03 21:00:00+00:00,17.030754988619385,,,,4.089154243469238,0.1497526168823242,0.3152178955078124,1024.9846122874733,0.6133551025390624,,28.97597885131836,1021.4059375,,75.55423,75.55423,,,,,,295.3764343261719,296.1170349121094,292.52587890625,0.6133551025390624,,0.0,-1.961297631263733,-2.476401329040528,2.2289321422576904,2.8146557807922363,138.6545867919922,2.968977451324463
2026-06-03 22:00:00+00:00,17.51259176726967,,,,4.089154243469238,0.1516553878784179,0.6441253662109374,1025.4842998363254,0.5496997070312499,,29.63545608520508,1021.90515625,,79.45897,79.45897,,,,,,294.9404296875,295.3240051269531,292.52587890625,0.6441253662109374,,0.0,-1.5001723766326904,-1.892467737197876,1.6422293186187744,2.0710368156433105,137.58837890625,2.22428297996521
2026-06-03 23:00:00+00:00,17.98466696196466,,,,4.089154243469238,0.0,0.7603231811523439,1026.1409740640745,0.5163400268554685,,30.6124267578125,1022.558359375,,83.55623,83.55623,,,,,,294.5436706542969,294.7388000488281,292.52587890625,0.7603231811523439,,0.0,-1.9627412557601929,-2.498023509979248,0.9534404277801514,1.2115578651428225,115.9090805053711,2.182063579559326
2026-06-04 00:00:00+00:00,17.516751138579412,,,,4.089154243469238,0.0,0.8983636474609376,1026.386935706754,0.3152352905273439,,30.216466903686523,1022.8159375,,86.83182,86.83182,,,,,,293.5348815917969,293.9831848144531,292.52587890625,0.8983636474609376,,0.0,-1.220115303993225,-1.5114631652832031,-1.1306370496749878,-1.4050440788269043,47.17983627319336,1.6634366512298584
2026-06-04 00:00:00+00:00,17.52438138466705,,,,4.089154243469238,0.0,0.7593765258789062,1026.8955095515184,0.7159921264648439,,32.9096794128418,1023.33390625,,90.6843,90.6843,,,,,,292.2626953125,297.1534118652344,292.5723571777344,0.7593765258789062,,0.0,-1.1791359186172483,-1.1882448196411133,-0.1048928052186966,-0.0882617831230163,84.91650390625,1.183792233467102
2026-06-04 01:00:00+00:00,17.400722821728213,,,,4.089154243469238,0.0,0.8256277465820312,1026.6671110849627,0.8632977294921873,,33.62959671020508,1023.100859375,,88.42164,88.42164,,,,,,292.93267822265625,292.9223937988281,292.5723571777344,0.8632977294921873,,0.0,-0.5054565072059631,-0.6491889953613281,0.3449275493621826,0.4417362213134765,124.3099365234375,0.6119324564933777
2026-06-04 02:00:00+00:00,17.298836378168797,,,,4.089154243469238,0.0,0.7698931884765625,1026.6663046595231,0.856778869628906,,33.42792892456055,1023.101953125,,89.43883,89.43883,,,,,,292.6136474609375,292.5623474121094,292.5723571777344,0.856778869628906,,0.0,-1.1564874649047852,-1.569624900817871,-0.2945055365562439,-0.3976705074310303,75.71299743652344,1.1933971643447876
2026-06-04 03:00:00+00:00,16.901793255072825,,,,4.089154243469238,0.0,0.7771969604492188,1026.8084643548923,0.7603945922851563,,32.98152542114258,1023.24890625,,90.01242,90.01242,,,,,,292.1587829589844,292.18267822265625,292.5723571777344,0.7771969604492188,,0.0,-1.1882468461990356,-1.5141406059265137,-0.3795295059680938,-0.484035313129425,72.28636932373047,1.2473865747451782
2026-06-04 04:00:00+00:00,17.039919777129786,,,,4.089154243469238,0.0,0.7321343994140626,1026.6672301104377,0.6342340087890626,,32.402496337890625,1023.1121875,,93.37938,93.37938,,,,,,291.7533874511719,291.85797119140625,292.5723571777344,0.7321343994140626,,0.0,-0.5826189517974854,-0.7180805206298828,-0.5603129863739014,-0.6902718544006348,46.11806869506836,0.8083288073539734
2026-06-04 05:00:00+00:00,17.277439257305385,,,,4.089154243469238,0.0,0.5900241088867189,1026.1695189572945,0.3465335083007814,,31.489086151123047,1022.620703125,,97.301216,97.301216,,,,,,291.3663330078125,291.5364074707031,292.5723571777344,0.5900241088867189,,0.0,-0.3839258849620819,-0.4675929546356201,-0.609724223613739,-0.7434060573577881,32.197444915771484,0.7205294966697693
2026-06-04 06:00:00+00:00,17.148697538391914,,,,4.089154243469238,0.0,0.6917922973632811,1025.745333423161,0.209708251953125,,31.43667221069336,1022.2059375,,100.0,100.0,,,,,,290.7274475097656,291.16461181640625,292.5723571777344,0.6917922973632811,,0.0,-0.4076012670993805,-0.4921215772628784,-0.5896784663200378,-0.7113230228424072,34.65324783325195,0.7168399095535278
2026-06-04 07:00:00+00:00,17.059839676532953,,,,4.089154243469238,0.0,0.8584689331054687,1026.1899112421045,0.3757308959960936,,31.897127151489254,1022.648828125,,100.0,100.0,,,,,,290.6845092773437,291.3392028808594,292.5723571777344,0.8584689331054687,,0.0,-0.5881707668304443,-0.704776406288147,0.2377285212278366,0.2834652662277221,112.0077133178711,0.6343970894813538
2026-06-04 08:00:00+00:00,16.135049414051025,,,,4.089154243469238,0.0,0.7261907958984377,1026.1108901628704,0.8091595458984373,,31.95967674255371,1022.58515625,,100.0,100.0,,,,,,289.8956298828125,291.0350646972656,292.5723571777344,0.8091595458984373,,0.0,0.173981711268425,0.2102198153734207,-1.0898092985153198,-1.3168017864227295,350.9295959472656,1.103609561920166
2026-06-04 09:00:00+00:00,16.197960247395486,,,,4.089154243469238,0.0,0.4491653442382812,1026.3276582343292,0.5340997314453126,,31.05069923400879,1022.801484375,,100.0,100.0,,,,,,289.99053955078125,291.1335144042969,292.5723571777344,0.5340997314453126,,0.0,0.4740970432758331,0.5790865421295166,-1.503593921661377,-1.8324053287506104,342.4994506835937,1.5765666961669922
2026-06-04 10:00:00+00:00,16.11186294763504,,,,4.089154243469238,0.0,0.4597680664062498,1027.144027122086,0.38722900390625,,30.565017700195312,1023.61515625,,100.0,100.0,,,,,,289.85028076171875,291.3353271484375,292.5723571777344,0.4597680664062498,,0.0,0.1189257204532623,0.1395361721515655,0.1842473000288009,0.2219180762767791,212.8409423828125,0.2192952185869217
2026-06-04 11:00:00+00:00,16.073661489400983,,,,4.089154243469238,0.0,0.2682177734375002,1027.5598672321266,0.8542211914062499,,31.529586791992188,1024.0196875,,93.871346,93.871346,,,,,,291.1488037109375,293.63543701171875,292.5723571777344,0.8542211914062499,,0.0,0.6804067492485046,0.7999547123908997,0.1535283327102661,0.1903096735477447,257.2846069335937,0.6975129246711731
2026-06-04 12:00:00+00:00,15.919956700963253,,,,4.089154243469238,0.0,0.9122790527343748,1028.4094566374122,1.0,,32.65040588378906,1024.84796875,,83.891464,83.891464,,,,,,292.7163391113281,294.6475524902344,292.5723571777344,1.0,,0.0,-0.5689951777458191,-0.6798807382583618,0.6407978534698486,0.765717089176178,138.39659118652344,0.8569582104682922
2026-06-04 13:00:00+00:00,15.556432314529731,,,,4.089154243469238,0.0,0.703279724121094,1027.7758635286732,1.0,,31.397560119628903,1024.20546875,,75.45772,75.45772,,,,,,294.3153076171875,297.778564453125,292.5723571777344,1.0,,0.0,-0.6122937798500061,-0.7324050664901733,0.878598153591156,1.0539429187774658,145.12741088867188,1.0709054470062256
2026-06-04 14:00:00+00:00,15.794342000974904,,,,4.089154243469238,0.0,0.5586953735351563,1027.8546714439692,1.0,,30.59566116333008,1024.276171875,,73.208595,73.208595,,,,,,295.2118530273437,298.6094970703125,292.5723571777344,1.0,,0.0,-1.908820867538452,-2.34086012840271,1.690058708190918,2.07367205619812,131.521484375,2.5494892597198486
2026-06-04 15:00:00+00:00,16.430238184683272,,,,4.089154243469238,0.0,1.0,1026.9276066013067,1.0,,32.41288757324219,1023.341875,,72.3107,72.3107,,,,,,296.31298828125,300.6584777832031,292.5723571777344,1.0,,0.0,-2.3881046772003174,-2.94632887840271,2.2206923961639404,2.7537145614624023,132.919677734375,3.261060953140259
2026-06-04 16:00:00+00:00,15.757726983474,,,,4.089154243469238,0.0,0.6024966430664063,1026.3767623072588,1.0,,30.892831802368164,1022.78828125,,65.86819,65.86819,,,,,,297.18359375,301.6228942871094,292.5723571777344,1.0,,0.0,-2.843402624130249,-3.547999382019043,3.219975709915161,4.011096954345703,138.55384826660156,4.295716762542725
2026-06-04 17:00:00+00:00,15.754776546080686,,,,4.089154243469238,0.0,0.5974713134765626,1025.7881336457976,1.0,,30.66498565673828,1022.202265625,,66.08862,66.08862,,,,,,297.1664733886719,301.7400207519531,292.5723571777344,1.0,,0.0,-3.375398874282837,-4.2262468338012695,3.50814151763916,4.389745712280273,136.10475158691406,4.868302822113037
2026-06-04 18:00:00+00:00,15.067128167948484,,,,4.089154243469238,0.0,0.5051629638671873,1025.2574645394006,1.0,,29.982481002807617,1021.677109375,,63.94402,63.94402,,,,,,296.72540283203125,300.1302490234375,292.5723571777344,1.0,,0.0,-3.536840438842773,-4.450321197509766,3.5114924907684326,4.415234088897705,134.7939453125,4.983956336975098
2026-06-04 19:00:00+00:00,15.28867134661437,,,,4.089154243469238,0.0,0.3126220703125,1025.763454683694,0.8370190429687501,,29.06479835510254,1022.181640625,,66.13335,66.13335,,,,,,296.18634033203125,298.64373779296875,292.5723571777344,0.8370190429687501,,0.0,-3.612250804901123,-4.5632734298706055,3.24983811378479,4.104493141174316,131.976806640625,4.858992099761963
2026-06-04 20:00:00+00:00,15.315922834167257,,,,4.089154243469238,0.0,0.354032287597656,1025.9284614333387,0.5261718750000002,,28.724842071533203,1022.346875,,67.72581,67.72581,,,,,,295.3896789550781,296.29449462890625,292.5723571777344,0.5261718750000002,,0.0,-3.2482526302337646,-4.140798568725586,2.743706226348877,3.4975032806396484,130.18682861328125,4.251948833465576
2026-06-04 21:00:00+00:00,15.389547948102548,,,,4.089154243469238,0.0,0.3675024414062502,1026.420324952612,0.3159140014648436,,27.892852783203125,1022.83765625,,69.003235,69.003235,,,,,,294.92193603515625,295.1300354003906,292.5723571777344,0.3675024414062502,,0.0,-2.584038257598877,-3.3207268714904785,1.840249300003052,2.362157106399536,125.45695495605467,3.17234468460083
2026-06-04 22:00:00+00:00,15.964696739997017,,,,4.089154243469238,0.0,0.953746643066406,1026.3133453942137,0.3323440551757812,,28.93367576599121,1022.731796875,,73.01317,73.01317,,,,,,294.5132141113281,294.4961853027344,292.5723571777344,0.953746643066406,,0.0,-2.8248767852783203,-3.67850661277771,0.5497158765792847,0.7157300710678101,101.01203155517578,2.877866744995117
2026-06-04 23:00:00+00:00,15.719914935653442,,,,4.089154243469238,0.0,0.6009820556640624,1026.589918333189,0.5756826782226563,,28.359798431396484,1023.010859375,,73.53923,73.53923,,,,,,294.07275390625,293.9542236328125,292.5723571777344,0.6009820556640624,,0.0,-2.091599702835083,-2.804606914520264,0.3959014117717743,0.5304760336875916,100.7182388305664,2.1287384033203125
2026-06-05 00:00:00+00:00,15.758092161369415,,,,4.089154243469238,0.0,0.6998699951171874,1026.8464922114051,0.1176153564453126,,27.77267074584961,1023.269140625,,75.74765,75.74765,,,,,,293.57049560546875,293.43231201171875,292.5723571777344,0.6998699951171874,,0.0,-1.2491846084594729,-1.814934492111206,-0.4484100341796875,-0.6536355018615723,70.2537841796875,1.3272278308868408
2026-06-05 00:00:00+00:00,15.971168075162913,,,,4.089154243469238,0.0,0.7804229736328123,1027.3359476347948,0.5240420532226562,,26.655153274536133,1023.77,,83.219124,83.219124,,,,,,292.0303039550781,297.1534118652344,292.328125,0.7804229736328123,,0.0,-1.5102578401565552,-1.512495756149292,-0.4462621212005615,-0.4628353714942932,73.53825378417969,1.5748106241226196
2026-06-05 01:00:00+00:00,16.134663465283108,,,,4.089154243469238,0.0,0.940634460449219,1027.4420217006164,0.4410607910156248,,26.299978256225582,1023.879296875,,87.37419,87.37419,,,,,,291.927490234375,292.1354675292969,292.328125,0.940634460449219,,0.0,-0.607812225818634,-0.7635753750801086,-1.5996311902999878,-2.0097885131835938,20.805299758911133,1.7112146615982056
2026-06-05 02:00:00+00:00,16.410527153853554,,,,4.089154243469238,0.0,0.8245263671875,1026.7176818759451,0.4099249267578124,,25.77859878540039,1023.156875,,89.873,89.873,,,,,,291.7105407714844,291.801513671875,292.328125,0.8245263671875,,0.0,-0.4382716119289398,-0.5455952882766724,-0.91399484872818,-1.1405649185180664,25.618282318115234,1.0136412382125854
2026-06-05 03:00:00+00:00,16.765182885982565,,,,4.089154243469238,0.0,0.8610388183593751,1026.7051666350037,0.3883761596679687,,25.551193237304688,1023.14796875,,95.043915,95.043915,,,,,,291.2108764648437,291.3461303710937,292.328125,0.8610388183593751,,0.0,-0.547264575958252,-0.6832187175750732,-1.0144288539886477,-1.261030912399292,28.34599494934082,1.1526336669921875
2026-06-05 04:00:00+00:00,16.604610067382694,,,,4.089154243469238,0.0,0.9096121215820312,1026.2245999883578,0.4523168945312501,,25.503944396972656,1022.671328125,,95.151436,95.151436,,,,,,291.01287841796875,291.1183166503906,292.328125,0.9096121215820312,,0.0,-0.6492007970809937,-0.7967712879180908,-0.5340455174446106,-0.6634597182273865,50.5586051940918,0.8406344652175903
2026-06-05 05:00:00+00:00,16.22883546405913,,,,4.089154243469238,0.0,0.9663705444335936,1025.8828082919406,0.5774935913085937,,25.227771759033203,1022.334921875,,94.64621,94.64621,,,,,,290.7014465332031,290.7961730957031,292.328125,0.9663705444335936,,0.0,-0.4410852491855621,-0.5340012311935425,0.1649685204029083,0.2030813097953796,110.50609588623048,0.4709254801273346
2026-06-05 06:00:00+00:00,16.037129072619987,,,,4.089154243469238,0.0,1.0,1025.3306739197849,0.5605078125,,24.856369018554688,1021.780703125,,91.88259,91.88259,,,,,,291.07672119140625,291.4938659667969,292.328125,1.0,,0.0,-0.3836570978164673,-0.4623298943042755,-0.6962241530418396,-0.8433511257171631,28.85713768005371,0.7949345111846924
2026-06-05 07:00:00+00:00,15.97352830874178,,,,4.089154243469238,0.0,0.8038928222656252,1025.3618611938325,0.4297897338867189,,23.316295623779297,1021.81515625,,92.68516,92.68516,,,,,,290.6954040527344,290.6771545410156,292.328125,0.8038928222656252,,0.0,0.011117298156023,0.0160392299294471,-0.0068532079458236,-0.0090437997132539,301.6515808105469,0.0130598917603492
2026-06-05 08:00:00+00:00,15.853277821858663,,,,4.089154243469238,0.0,0.9309478759765626,1025.277054754007,0.2967630004882813,,22.959238052368164,1021.732109375,,93.51379,93.51379,,,,,,290.43963623046875,290.4210205078125,292.328125,0.9309478759765626,,0.0,-0.34151291847229,-0.5134417414665222,0.1667177379131317,0.2477537989616394,116.02043151855467,0.3800340592861175
2026-06-05 09:00:00+00:00,15.980609134434289,,,,4.089154243469238,0.0,0.6662728881835935,1025.2724290579902,0.1587384033203123,,22.14373016357422,1021.732421875,,97.55338,97.55338,,,,,,290.0108947753906,290.2159729003906,292.328125,0.6662728881835935,,0.0,0.1484447717666626,0.1809484958648681,-0.4847589135169983,-0.5850884914398193,342.9741516113281,0.5069783329963684
2026-06-05 10:00:00+00:00,15.623575226979217,,,,4.089154243469238,0.0,0.5087399291992187,1025.731319874356,0.0,,21.14571189880371,1022.199375,,100.0,100.0,,,,,,289.3244934082031,290.5105895996094,292.328125,0.5087399291992187,,0.0,-0.2298535704612732,-0.2709904909133911,-0.2605696320533752,-0.306321769952774,41.41614532470703,0.347461074590683
2026-06-05 11:00:00+00:00,15.259743345225738,,,,4.089154243469238,0.0,0.4259915161132812,1025.896777264847,0.0,,20.99334144592285,1022.345546875,,87.03016,87.03016,,,,,,291.40875244140625,293.34039306640625,292.328125,0.4259915161132812,,0.0,0.0794610455632209,0.0937867909669876,-0.5286683440208435,-0.6271350383758545,351.4521789550781,0.5346066355705261
2026-06-05 12:00:00+00:00,14.090826340634363,,,,4.089154243469238,0.0,0.6665100097656249,1026.39477079018,0.6729632568359376,,22.42789077758789,1022.830703125,,73.45158,73.45158,,,,,,293.15350341796875,296.6910095214844,292.328125,0.6729632568359376,,0.0,-0.2907306849956512,-0.3464156985282898,-0.3727435767650604,-0.4448366463184356,37.95334243774414,0.4727177917957306
2026-06-05 13:00:00+00:00,13.025210450714397,,,,4.089154243469238,0.0,0.7326031494140626,1025.656662030704,0.0,,22.41042709350586,1022.084375,,62.283207,62.283207,,,,,,294.8489685058594,299.0657653808594,292.328125,0.7326031494140626,,0.0,-0.5591659545898438,-0.672452449798584,-0.1178593412041664,-0.1410659253597259,78.09758758544922,0.5714520215988159
2026-06-05 14:00:00+00:00,12.454460583539342,,,,4.089154243469238,0.0,0.4437490844726564,1025.6551901150588,0.7957257080078124,,23.236343383789062,1022.07984375,,57.76681,57.76681,,,,,,295.8137512207031,301.2185974121094,292.328125,0.7957257080078124,,0.0,-1.916210651397705,-2.3410205841064453,1.3881163597106934,1.6874196529388428,125.91983795166016,2.366163730621338
2026-06-05 15:00:00+00:00,12.328258134871636,,,,4.089154243469238,0.0,0.3019003295898437,1024.7637911248776,0.9074044799804688,,23.160175323486328,1021.18671875,,55.151897,55.151897,,,,,,296.6148376464844,303.1485595703125,292.328125,0.9074044799804688,,0.0,-1.919895052909851,-2.3557467460632324,1.718329906463623,2.098222255706787,131.8289337158203,2.5765585899353027
2026-06-05 16:00:00+00:00,12.732575594023842,,,,4.089154243469238,0.0,0.7764630126953125,1024.2617133088622,0.8528930664062502,,23.0440731048584,1020.691953125,,58.61966,58.61966,,,,,,296.1331787109375,302.5815124511719,292.328125,0.8528930664062502,,0.0,-2.941368818283081,-3.62146520614624,2.067513942718506,2.54641342163086,125.10372161865234,3.595311403274536
2026-06-05 17:00:00+00:00,13.912657176171711,,,,4.089154243469238,0.0,0.9210775756835936,1023.612307422163,0.8963360595703125,,23.954439163208008,1020.040625,,62.805912,62.805912,,,,,,296.212890625,302.2626037597656,292.328125,0.9210775756835936,,0.0,-2.9608030319213867,-3.645895957946777,1.6737364530563354,2.0609469413757324,119.4793930053711,3.401139259338379
2026-06-05 18:00:00+00:00,13.467689919613164,,,,4.089154243469238,0.0,0.9040261840820314,1022.860066843138,0.7443084716796875,,24.2872257232666,1019.2878125,,59.524075,59.524075,,,,,,296.3823547363281,300.93292236328125,292.328125,0.9040261840820314,,0.0,-3.2380564212799072,-4.016343593597412,1.9786938428878784,2.457284927368164,121.42803955078124,3.794764757156372
2026-06-05 19:00:00+00:00,13.263796641428144,,,,4.089154243469238,0.0,0.7004122924804688,1023.140579612243,0.5097506713867186,,23.82359313964844,1019.57140625,,59.838497,59.838497,,,,,,295.77960205078125,298.8490600585937,292.328125,0.7004122924804688,,0.0,-3.386632442474365,-4.225549221038818,1.8462543487548828,2.3012869358062744,118.59741973876952,3.857192516326904
2026-06-05 20:00:00+00:00,13.622617891243396,,,,4.089154243469238,0.0,0.7126336669921876,1022.8729516359964,0.1835662841796876,,23.75076484680176,1019.30890625,,63.265495,63.265495,,,,,,294.83209228515625,296.1829833984375,292.328125,0.7126336669921876,,0.0,-2.79487419128418,-3.514712333679199,2.0453522205352783,2.572309970855713,126.197509765625,3.4633491039276123
2026-06-05 21:00:00+00:00,13.971369735272308,,,,4.089154243469238,0.0,0.7961874389648438,1023.3432559733102,0.2690155029296877,,23.209312438964844,1019.78015625,,66.46723,66.46723,,,,,,294.17303466796875,294.7723083496094,292.328125,0.7961874389648438,,0.0,-2.563812255859375,-3.2410597801208496,1.2696571350097656,1.6033096313476562,116.34564208984376,2.8609724044799805
2026-06-05 22:00:00+00:00,13.654087121540217,,,,4.089154243469238,0.0,1.0,1023.3214577820776,0.6627322387695314,,22.95868682861328,1019.758828125,,65.355316,65.355316,,,,,,294.1177673339844,294.7489929199219,292.328125,1.0,,0.0,-2.6306960582733154,-3.315605640411377,0.6797975897789001,0.8564973473548889,104.48883819580078,2.7171099185943604
2026-06-05 23:00:00+00:00,13.621615681964528,,,,4.089154243469238,0.0,1.0,1023.6615741049252,0.536959228515625,,22.830028533935547,1020.096875,,65.149895,65.149895,,,,,,294.03680419921875,294.3891906738281,292.328125,1.0,,0.0,-2.077322483062744,-2.6143784523010254,-0.090183787047863,-0.1193849891424179,87.51415252685547,2.0792791843414307
2026-06-06 00:00:00+00:00,14.546254484936329,,,,4.089154243469238,0.0,1.0,1023.8018637744434,0.1782513427734375,,23.35455703735352,1020.242421875,,72.8238,72.8238,,,,,,293.3320007324219,293.9867248535156,292.328125,1.0,,0.0,-1.915655374526977,-2.396552801132202,-1.3128701448440552,-1.64304518699646,55.57570266723633,2.322361707687378
2026-06-06 00:00:00+00:00,13.909222543623503,,,,4.089154243469238,0.0,0.7556140136718752,1024.0977979526083,0.3264328002929688,,21.937721252441406,1020.55609375,,77.064926,77.064926,,,,,,291.1097412109375,297.1534118652344,291.2741394042969,0.7556140136718752,,0.0,-0.7131773829460144,-0.7165917158126831,-0.9475343823432922,-0.9396086931228638,36.967552185058594,1.185935616493225
2026-06-06 01:00:00+00:00,14.277512231025025,,,,4.089154243469238,0.0,0.682381591796875,1023.8194853753243,0.1704412841796876,,22.094310760498047,1020.283203125,,82.549904,82.549904,,,,,,290.9299011230469,291.2030029296875,291.2741394042969,0.682381591796875,,0.0,0.2482439428567886,0.3154690861701965,-2.0399105548858643,-2.564398288726806,353.06158447265625,2.054959774017334
2026-06-06 02:00:00+00:00,14.144750385178254,,,,4.089154243469238,0.0,0.5248883056640623,1023.2308972958976,0.0,,21.94534492492676,1019.69625,,81.43729,81.43729,,,,,,290.8909912109375,290.9036560058594,291.2741394042969,0.5248883056640623,,0.0,0.6112452149391174,0.7675462365150452,-0.3684962093830108,-0.4650694727897644,301.08416748046875,0.713729739189148
2026-06-06 03:00:00+00:00,14.10118821883394,,,,4.089154243469238,0.0,0.43947509765625,1022.8490838112222,0.0,,21.806961059570312,1019.31765625,,82.45632,82.45632,,,,,,290.5922241210937,290.57330322265625,291.2741394042969,0.43947509765625,,0.0,0.280024379491806,0.464455634355545,-0.0372504219412803,-0.0616334304213523,277.57733154296875,0.2824911475181579
2026-06-06 04:00:00+00:00,14.078397347759411,,,,4.089154243469238,0.0,0.2746469116210939,1022.4323245978072,0.0,,21.71530532836914,1018.90609375,,83.84877,83.84877,,,,,,290.3018798828125,290.2799377441406,291.2741394042969,0.2746469116210939,,0.0,-0.2393745332956314,-0.4226356744766235,-0.2460071742534637,-0.4333440959453583,44.21711349487305,0.3432487249374389
2026-06-06 05:00:00+00:00,14.336624143625404,,,,4.089154243469238,0.0,0.6796023559570314,1021.713782442304,0.0,,21.748291015625,1018.193828125,,87.51611,87.51611,,,,,,289.9733581542969,290.0073547363281,291.2741394042969,0.6796023559570314,,0.0,-0.047602504491806,-0.0579659566283226,-0.5843209028244019,-0.7232071161270142,4.657393932342529,0.5862566828727722
2026-06-06 06:00:00+00:00,13.933269442277952,,,,4.089154243469238,0.0,0.8929940795898439,1021.2635134355749,0.0,,21.801668167114254,1017.752421875,,88.821915,88.821915,,,,,,289.4209899902344,289.7369079589844,291.2741394042969,0.8929940795898439,,0.0,0.3893218338489532,0.4731156229972839,-0.6791689395904541,-0.8191660642623901,330.17724609375,0.782842218875885
2026-06-06 07:00:00+00:00,13.78898006204838,,,,4.089154243469238,0.0,0.942959899902344,1021.3348637805208,0.0,,21.7511043548584,1017.823125,,87.82808,87.82808,,,,,,289.41119384765625,289.6094970703125,291.2741394042969,0.942959899902344,,0.0,-0.0201485268771648,-0.0252029728144407,-0.6426854729652405,-0.7795888185501099,1.795664668083191,0.6430012583732605
2026-06-06 08:00:00+00:00,13.996396383973678,,,,4.089154243469238,0.0,0.7315515136718749,1020.969522520184,0.0,,21.131059646606445,1017.4603125,,90.49743,90.49743,,,,,,289.1610107421875,289.3388671875,291.2741394042969,0.7315515136718749,,0.0,0.084042765200138,0.1042844057083129,-0.9432470798492432,-1.1592508554458618,354.9084167480469,0.9469837546348572
2026-06-06 09:00:00+00:00,12.74227083798295,,,,4.089154243469238,0.0,0.7476144409179688,1021.1077183226696,0.0,,20.60807228088379,1017.6021875,,84.02149,84.02149,,,,,,288.9937744140625,289.09185791015625,291.2741394042969,0.7476144409179688,,0.0,0.2883099913597107,0.3548730611801147,-0.798161506652832,-0.9837253093719482,340.1393737792969,0.8486368060112
2026-06-06 10:00:00+00:00,12.653314859601943,,,,4.089154243469238,0.0,0.6746997070312499,1021.448144222018,0.0,,20.4140625,1017.940859375,,83.19176,83.19176,,,,,,289.14263916015625,289.5350036621094,291.2741394042969,0.6746997070312499,,0.0,-0.0252379048615694,-0.0301725622266531,-0.7506325840950012,-0.9060189723968506,1.925683617591858,0.7510567307472229
2026-06-06 11:00:00+00:00,12.24198418239466,,,,4.089154243469238,0.0,0.5152212524414064,1021.3550050675112,0.0,,19.71661949157715,1017.836953125,,75.2385,75.2385,,,,,,290.58056640625,292.4285583496094,291.2741394042969,0.5152212524414064,,0.0,0.8267409205436707,0.9870004653930664,-0.0219449009746313,-0.0261088199913501,271.5205078125,0.8270321488380432
2026-06-06 12:00:00+00:00,12.237439303068552,,,,4.089154243469238,0.0,0.3058349609375002,1021.5245458540052,0.0,,19.10835075378418,1017.986640625,,66.544876,66.544876,,,,,,292.7407531738281,296.0704650878906,291.2741394042969,0.3058349609375002,,0.0,0.5455673336982727,0.6485751867294312,-0.4198005199432373,-0.5001544952392578,307.577392578125,0.6883866786956787
2026-06-06 13:00:00+00:00,11.906063614020786,,,,4.089154243469238,0.0,0.1471221923828123,1020.6581179414728,0.0,,18.387285232543945,1017.1128125,,60.316013,60.316013,,,,,,294.27490234375,299.1958312988281,291.2741394042969,0.1471221923828123,,0.0,-0.1807328313589096,-0.2178757786750793,-1.1413496732711792,-1.371506929397583,8.998080253601074,1.15557062625885
2026-06-06 14:00:00+00:00,11.439207924163869,,,,4.089154243469238,0.0,0.0,1020.3951231751528,0.0,,17.8429012298584,1016.841171875,,53.654686,53.654686,,,,,,295.7997741699219,301.8754577636719,291.2741394042969,0.0,,0.0,-0.2352534085512161,-0.28233602643013,-0.6234932541847229,-0.7477211952209473,20.6722469329834,0.6663993000984192
2026-06-06 15:00:00+00:00,11.579786999140028,,,,4.089154243469238,0.0,0.0,1019.4198785499976,0.0,,18.18355369567871,1015.861875,,51.161945,51.161945,,,,,,296.8841857910156,303.5427551269531,291.2741394042969,0.0,,0.0,-0.7001713514328003,-0.8484920859336853,-1.1003330945968628,-1.3292241096496582,32.469688415527344,1.304213523864746
2026-06-06 16:00:00+00:00,11.334692932711311,,,,4.089154243469238,0.0,0.0,1018.8250874107938,0.0,,17.92047119140625,1015.267734375,,48.74392,48.74392,,,,,,297.47430419921875,304.120361328125,291.2741394042969,0.0,,0.0,-1.9174729585647583,-2.330616950988769,0.3374106287956238,0.4104197025299072,99.9799575805664,1.9469331502914429
2026-06-06 17:00:00+00:00,10.713314572699872,,,,4.089154243469238,0.0,0.0,1018.0233814202956,0.0,,17.262035369873047,1014.4703125,,45.513023,45.513023,,,,,,297.8504333496094,303.7753601074219,291.2741394042969,0.0,,0.0,-2.081289052963257,-2.538224458694458,0.7758668661117554,0.9455075263977052,110.44454193115234,2.221200942993164
2026-06-06 18:00:00+00:00,11.047281127376312,,,,4.089154243469238,0.0,0.0,1017.1761374110778,0.0,,17.200170516967773,1013.62921875,,46.89073,46.89073,,,,,,297.587890625,302.33209228515625,291.2741394042969,0.0,,0.0,-2.355822801589966,-2.886667490005493,1.0812431573867798,1.3241705894470217,114.65352630615234,2.5921010971069336
2026-06-06 19:00:00+00:00,12.052924992078692,,,,4.089154243469238,0.0,0.0,1017.2351871620948,0.0,,17.422761917114258,1013.691796875,,51.322372,51.322372,,,,,,296.9233093261719,300.0263366699219,291.2741394042969,0.0,,0.0,-2.4515035152435303,-3.01815128326416,1.0728952884674072,1.3213982582092283,113.63648986816406,2.675999641418457
2026-06-06 20:00:00+00:00,13.133200567662758,,,,4.089154243469238,0.0,0.0973648071289061,1016.751989827806,0.0,,18.97591590881348,1013.21265625,,56.92707,56.92707,,,,,,295.9684143066406,297.1687927246094,291.2741394042969,0.0973648071289061,,0.0,-2.266021251678467,-2.8268637657165527,1.4052215814590454,1.753557205200195,121.8041763305664,2.6663646697998047
2026-06-06 21:00:00+00:00,13.423695241066842,,,,4.089154243469238,0.0,0.0066763305664063,1017.172565207678,0.0,,18.812427520751957,1013.637421875,,60.22953,60.22953,,,,,,295.1156311035156,295.5399475097656,291.2741394042969,0.0066763305664063,,0.0,-2.6766343116760254,-3.4099717140197754,1.5391768217086792,1.9574180841445925,119.90070343017578,3.0876264572143555
2026-06-06 22:00:00+00:00,13.442092513149973,,,,4.089154243469238,0.0,0.0,1017.1329896506768,0.0,,18.729028701782227,1013.605859375,,63.19667,63.19667,,,,,,294.2885131835937,294.5228271484375,291.2741394042969,0.0,,0.0,-2.290776252746582,-2.9163475036621094,1.021959662437439,1.30214524269104,114.0425796508789,2.508397340774536
2026-06-06 23:00:00+00:00,13.42137149787902,,,,4.089154243469238,0.0,0.0,1017.462771062746,0.0,,19.617521286010746,1013.93953125,,64.77915,64.77915,,,,,,293.7705078125,293.787841796875,291.2741394042969,0.0,,0.0,-1.930527687072754,-2.4954967498779297,0.6224763989448547,0.8030864000320435,107.8713150024414,2.0284018516540527
2026-06-07 00:00:00+00:00,12.876049861985416,,,,4.089154243469238,0.0,0.0,1017.591658329716,0.0,,20.03096008300781,1014.0771875,,64.438034,64.438034,,,,,,293.2351379394531,293.1894226074219,291.2741394042969,0.0,,0.0,-1.4217791557312012,-1.8952114582061768,0.1962929964065551,0.2628708779811859,97.86064910888672,1.4352654218673706
2026-06-07 00:00:00+00:00,13.77562240697226,,,,4.089154243469238,0.0,0.0,1018.2251300472456,0.0,,19.934289932250977,1014.71734375,,75.79605,75.79605,,,,,,291.23455810546875,297.1534118652344,291.7548828125,0.0,,0.0,-0.2270198464393615,-0.2438264787197113,-0.821365237236023,-0.8133918046951294,15.45044231414795,0.8521612882614136
2026-06-07 01:00:00+00:00,13.514298178914204,,,,4.089154243469238,0.0,0.0,1018.843429603496,0.0,,20.14586067199707,1015.339140625,,76.58838,76.58838,,,,,,291.3014221191406,291.5531311035156,291.7548828125,0.0,,0.0,0.5021981596946716,0.6240517497062683,-1.1524635553359983,-1.4191648960113523,336.4543151855469,1.257129788398743
2026-06-07 02:00:00+00:00,13.255727913628233,,,,4.089154243469238,0.0,0.0252243041992188,1018.0339846116184,0.0,,20.451345443725582,1014.53515625,,75.16988,75.16988,,,,,,291.1816711425781,291.1440734863281,291.7548828125,0.0252243041992188,,0.0,0.8234637379646301,1.152535080909729,0.0212529879063367,0.0280106887221336,268.5215759277344,0.8237379789352417
2026-06-07 03:00:00+00:00,12.937203001776536,,,,4.089154243469238,0.0,0.0386956787109373,1018.4440714172732,0.0,,19.93694496154785,1014.946953125,,75.36484,75.36484,,,,,,290.79962158203125,290.7489318847656,291.7548828125,0.0386956787109373,,0.0,0.6276589632034302,0.8677114248275757,-0.7990279793739319,-1.1077983379364014,321.849365234375,1.0160715579986572
2026-06-07 04:00:00+00:00,12.662820670454632,,,,4.089154243469238,0.0,0.0,1017.5820890836536,0.0,,19.404809951782227,1014.0934375,,76.23486,76.23486,,,,,,290.36724853515625,290.3499450683594,291.7548828125,0.0,,0.0,0.3845939040184021,0.5090699195861816,-0.7545381784439087,-0.9998469352722168,332.99169921875,0.8469004034996033
2026-06-07 05:00:00+00:00,12.90111884774202,,,,4.089154243469238,0.0,0.0,1017.2218991460612,0.0,,18.6715145111084,1013.737109375,,78.58115,78.58115,,,,,,290.0984191894531,290.03521728515625,291.7548828125,0.0,,0.0,-0.2201388627290725,-0.3042463064193725,-1.188732028007507,-1.6351563930511477,10.49163055419922,1.2089437246322632
2026-06-07 06:00:00+00:00,12.736604484308408,,,,4.089154243469238,0.0,0.0,1016.5275469033356,0.0,,18.226577758789062,1013.051171875,,80.49271,80.49271,,,,,,289.63671875,289.6860656738281,291.7548828125,0.0,,0.0,-0.0413763709366321,-0.0493966378271579,-0.7852193117141724,-0.9775347709655762,3.0163557529449463,0.7863087058067322
2026-06-07 07:00:00+00:00,12.09192719416856,,,,4.089154243469238,0.0,0.0,1016.8048493637432,0.0,,18.38898658752441,1013.325078125,,75.936195,75.936195,,,,,,289.5566711425781,289.421875,291.7548828125,0.0,,0.0,0.5739134550094604,0.7969022989273071,0.0407998338341712,0.0566320978105068,265.93365478515625,0.5753618478775024
2026-06-07 08:00:00+00:00,12.209621688594767,,,,4.089154243469238,0.0,0.0,1016.795713706078,0.0,,18.18655204772949,1013.325,,80.954,80.954,,,,,,289.02886962890625,289.1387023925781,291.7548828125,0.0,,0.0,0.033842347562313,0.040647517889738,-1.2210191488265991,-1.5244793891906738,358.4123840332031,1.2214879989624023
2026-06-07 09:00:00+00:00,11.653064685093598,,,,4.089154243469238,0.0,0.0,1016.8639990310656,0.0,,17.882709503173828,1013.397109375,,78.942535,78.942535,,,,,,288.8212585449219,288.8868408203125,291.7548828125,0.0,,0.0,0.3994074761867523,0.4988697171211242,-0.9493376612663268,-1.185413479804993,337.18243408203125,1.0299360752105713
2026-06-07 10:00:00+00:00,12.487712746857133,,,,4.089154243469238,0.0,0.0,1017.3677932512657,0.0,,17.221813201904297,1013.9053125,,87.21194,87.21194,,,,,,288.35040283203125,289.0841369628906,291.7548828125,0.0,,0.0,-0.4636608064174652,-0.5641697645187378,-1.162806749343872,-1.4141539335250854,21.73928451538086,1.2518390417099
2026-06-07 11:00:00+00:00,12.13778025077321,,,,4.089154243469238,0.0,0.0,1017.566589356084,0.0,,16.23354148864746,1014.08171875,,73.798645,73.798645,,,,,,290.7528076171875,292.2991027832031,291.7548828125,0.0,,0.0,-0.1424420475959777,-0.1702574640512466,-1.242054104804993,-1.4971163272857666,6.54224967956543,1.2501952648162842
2026-06-07 12:00:00+00:00,11.99631463252541,,,,4.089154243469238,0.0,0.0,1018.142801758261,0.0,,15.32491970062256,1014.63140625,,62.884136,62.884136,,,,,,293.36297607421875,296.2492370605469,291.7548828125,0.0,,0.0,0.4174679517745971,0.5008893013000488,-1.1235957145690918,-1.3460040092468262,339.6176452636719,1.198643684387207
2026-06-07 13:00:00+00:00,10.935938256244553,,,,4.089154243469238,0.0,0.0,1017.440334623465,0.0,,15.0007963180542,1013.90609375,,49.270077,49.270077,,,,,,296.3539428710937,300.2408447265625,291.7548828125,0.0,,0.0,1.068447470664978,1.2887566089630127,-0.8628464341163635,-1.0400118827819824,308.9233093261719,1.3733477592468262
2026-06-07 14:00:00+00:00,9.871656081406211,,,,4.089154243469238,0.0,0.0,1017.336565357754,0.0,,14.483614921569824,1013.782890625,,40.388973,40.388973,,,,,,298.66082763671875,303.4353332519531,291.7548828125,0.0,,0.0,1.7032476663589478,2.071953296661377,-0.5308004021644592,-0.6430299878120422,287.30914306640625,1.7840408086776731
2026-06-07 15:00:00+00:00,9.31491072412584,,,,4.089154243469238,0.0,0.0,1016.5937435696316,0.0,,14.42729377746582,1013.03328125,,36.429222,36.429222,,,,,,299.87261962890625,305.4467163085937,291.7548828125,0.0,,0.0,1.3383101224899292,1.6300084590911863,0.879034161567688,1.0720000267028809,236.7021331787109,1.6011792421340942
2026-06-07 16:00:00+00:00,11.728017760992682,,,,4.089154243469238,0.0,0.0,1016.4489699549728,0.0,,15.893567085266112,1012.893828125,,44.757946,44.757946,,,,,,299.36767578125,305.49127197265625,291.7548828125,0.0,,0.0,-2.561757326126098,-3.1493959426879883,1.4103586673736572,1.732546329498291,118.8346939086914,2.924330949783325
2026-06-07 17:00:00+00:00,12.08254983018907,,,,4.089154243469238,0.0,0.0,1016.1667969569144,0.0,,17.998180389404297,1012.60765625,,45.03071,45.03071,,,,,,299.5568542480469,304.9740295410156,291.7548828125,0.0,,0.0,-2.0365688800811768,-2.498206377029419,2.082744598388672,2.5672740936279297,135.64222717285156,2.912977457046509
2026-06-07 18:00:00+00:00,9.340727801170631,,,,4.089154243469238,0.0,0.0,1015.87887090862,0.0,,16.860797882080078,1012.3290625,,37.37244,37.37244,,,,,,299.390869140625,303.4849853515625,291.7548828125,0.0,,0.0,1.6953604221343994,2.111103057861328,3.352904319763184,4.169972896575928,206.8229522705078,3.757155179977417
2026-06-07 19:00:00+00:00,11.19036973146987,,,,4.089154243469238,0.0,0.0,1016.5388773717206,0.0,,15.973593711853027,1012.99,,44.49399,44.49399,,,,,,298.2720642089844,300.9775085449219,291.7548828125,0.0,,0.0,1.7831299304962158,2.219092845916748,2.8973987102508545,3.6069531440734863,211.60916137695312,3.402127504348755
2026-06-07 20:00:00+00:00,13.264334267663893,,,,4.089154243469238,0.0,0.0,1016.8496831281506,0.0,,16.22395896911621,1013.303984375,,54.968346,54.968346,,,,,,296.6617736816406,297.826904296875,291.7548828125,0.0,,0.0,0.8019110560417175,0.9949231147766112,2.204851627349853,2.7380104064941406,199.98648071289065,2.3461525440216064
2026-06-07 21:00:00+00:00,13.971878022064605,,,,4.089154243469238,0.0,0.0,1017.8745455657428,0.0,,17.580869674682617,1014.33109375,,60.626774,60.626774,,,,,,295.5918273925781,296.0429992675781,291.7548828125,0.0,,0.0,0.5976650714874268,0.7344201803207397,1.02516770362854,1.2586166858673096,210.2418670654297,1.186664342880249
2026-06-07 22:00:00+00:00,14.742736970201957,,,,4.089154243469238,0.0,0.0,1018.228550344109,0.0,,19.585783004760746,1014.6846875,,65.83043,65.83043,,,,,,294.9530639648437,295.0612487792969,291.7548828125,0.0,,0.0,0.4737492799758911,0.5790724158287048,-0.243989497423172,-0.2989329099655151,297.2492980957031,0.5328876376152039
2026-06-07 23:00:00+00:00,15.500719881648047,,,,4.089154243469238,0.0,0.0,1018.8417621437336,0.0,,19.69297981262207,1015.2990625,,72.17427,72.17427,,,,,,294.2205505371094,294.21826171875,291.7548828125,0.0,,0.0,0.4778473079204559,0.6136493682861328,-0.6561108231544495,-0.8440240621566772,323.9340515136719,0.8116769194602966
2026-06-08 00:00:00+00:00,15.699769492605276,,,,4.089154243469238,0.0,0.0362063598632813,1019.2090395740372,0.0,,19.44451904296875,1015.672890625,,77.23039,77.23039,,,,,,293.3753356933594,293.4322204589844,291.7548828125,0.0362063598632813,,0.0,0.2360265702009201,0.2941822707653045,-1.0276319980621338,-1.2961208820343018,347.06463623046875,1.0543889999389648
2026-06-08 00:00:00+00:00,14.348942645725566,,,,4.089154243469238,0.0,0.0,1019.7526737363106,0.0,,18.856204986572266,1016.237890625,,78.72038,78.72038,,,,,,291.2334899902344,297.1534118652344,291.998779296875,0.0,,0.0,0.9549490213394164,0.9477673768997192,-0.681096076965332,-0.695297122001648,305.4975280761719,1.1729533672332764
2026-06-08 01:00:00+00:00,13.98813604870296,,,,4.089154243469238,0.0,0.2059237670898439,1019.62783574399,0.0,,18.88773536682129,1016.11484375,,79.13586,79.13586,,,,,,291.35162353515625,291.7786560058594,291.998779296875,0.2059237670898439,,0.0,0.5171067714691162,0.6479074954986572,-1.9629368782043457,-2.45454740524292,345.2415771484375,2.0299065113067627
2026-06-08 02:00:00+00:00,13.734572918868084,,,,4.089154243469238,0.0,0.2275936889648435,1019.5950157967025,0.0,,18.49689292907715,1016.08265625,,77.24958,77.24958,,,,,,291.2940979003906,291.3070068359375,291.998779296875,0.2275936889648435,,0.0,1.005829691886902,1.2832515239715576,-0.3900505602359772,-0.4976850152015686,291.19580078125,1.0788108110427856
2026-06-08 03:00:00+00:00,13.827333849012128,,,,4.089154243469238,0.0,0.1900375366210935,1020.2430851929442,0.0,,18.2750301361084,1016.73078125,,79.09558,79.09558,,,,,,290.92108154296875,290.84765625,291.998779296875,0.1900375366210935,,0.0,0.8130411505699158,1.217082977294922,-0.3683227002620697,-0.5504598617553711,294.37139892578125,0.8925791382789612
2026-06-08 04:00:00+00:00,13.825420723248548,,,,4.089154243469238,0.0,0.2283047485351561,1019.303304287086,0.0,,17.555864334106445,1015.8,,81.82981,81.82981,,,,,,290.4432678222656,290.4069519042969,291.998779296875,0.2283047485351561,,0.0,0.1136446967720985,0.1587187945842743,-0.8447104692459106,-1.169486165046692,352.3376159667969,0.8523209095001221
2026-06-08 05:00:00+00:00,13.752074517309966,,,,4.089154243469238,0.0,0.1175305175781251,1019.37659227729,0.0,,17.46636962890625,1015.877578125,,84.04756,84.04756,,,,,,289.9910888671875,290.0018920898437,291.998779296875,0.1175305175781251,,0.0,0.4798848032951355,0.6104376912117004,-0.7938346266746521,-1.0082558393478394,328.8464050292969,0.9276113510131836
2026-06-08 06:00:00+00:00,13.485707125657331,,,,4.089154243469238,0.0,0.0329296874999998,1019.1732660216466,0.0,,17.389848709106445,1015.676171875,,82.79869,82.79869,,,,,,289.767578125,289.6806335449219,291.998779296875,0.0329296874999998,,0.0,-0.1037700027227401,-0.1416570991277694,-0.2516467571258545,-0.3412016034126282,22.40947532653809,0.2722027003765106
2026-06-08 07:00:00+00:00,14.03525031956847,,,,4.089154243469238,0.0,0.0,1019.0617557472096,0.0,,17.299894332885742,1015.567265625,,87.53664,87.53664,,,,,,289.5355834960937,289.4315795898437,291.998779296875,0.0,,0.0,-0.5957537889480591,-0.8523474931716919,-1.0503345727920532,-1.5081322193145752,29.56207275390625,1.207528591156006
2026-06-08 08:00:00+00:00,12.940061262689465,,,,4.089154243469238,0.0,0.0,1019.003424600473,0.0,,17.013179779052734,1015.521875,,85.92797,85.92797,,,,,,288.8812255859375,289.03973388671875,291.998779296875,0.0,,0.0,0.2344230562448501,0.2969894409179687,-1.7392175197601318,-2.190333843231201,352.3235778808594,1.754944920539856
2026-06-08 09:00:00+00:00,12.082287900377214,,,,4.089154243469238,0.0,0.0,1019.3961272323412,0.0,,16.96373748779297,1015.91671875,,81.698524,81.698524,,,,,,288.7308044433594,288.79833984375,291.998779296875,0.0,,0.0,0.4742845892906189,0.5812808275222778,-0.4302833676338196,-0.525907039642334,312.21514892578125,0.6403824090957642
2026-06-08 10:00:00+00:00,11.920628131498033,,,,4.089154243469238,0.0,0.0,1019.976707859832,0.0,,16.67430877685547,1016.49109375,,78.80313,78.80313,,,,,,289.1432189941406,289.3017578125,291.998779296875,0.0,,0.0,0.3464515507221222,0.4112292528152466,-0.1500038802623748,-0.1787843406200409,293.4112548828125,0.3775312304496765
2026-06-08 11:00:00+00:00,11.886737738094151,,,,4.089154243469238,0.0,0.0,1020.2998693270024,0.0,,16.332780838012695,1016.80109375,,72.87736,72.87736,,,,,,290.6581420898437,292.3490905761719,291.998779296875,0.0,,0.0,0.4488224983215332,0.5329846143722534,-0.6133559942245483,-0.7278191447257996,323.80523681640625,0.7600310444831848
2026-06-08 12:00:00+00:00,12.349414115145407,,,,4.089154243469238,0.0,0.0,1020.8604557154614,0.0,,16.921977996826172,1017.339609375,,66.07606,66.07606,,,,,,292.8653869628906,296.1355895996094,291.998779296875,0.0,,0.0,0.0996012836694717,0.1163487285375595,-0.1134942695498466,-0.1333239525556564,318.73016357421875,0.1510012149810791
2026-06-08 13:00:00+00:00,11.4482955188234,,,,4.089154243469238,0.0,0.0,1020.309712852009,0.0,,18.406164169311523,1016.7734375,,54.567356,54.567356,,,,,,295.2395935058594,299.8418884277344,291.998779296875,0.0,,0.0,-0.5526791214942932,-0.6579194068908691,-0.0897716283798217,-0.1057172417640686,80.7740249633789,0.559922456741333
2026-06-08 14:00:00+00:00,12.23969379079566,,,,4.089154243469238,0.0,0.0,1020.215084492374,0.0,,19.263307571411133,1016.6678125,,53.786278,53.786278,,,,,,296.5990295410156,302.5134582519531,291.998779296875,0.0,,0.0,-0.6963097453117371,-0.835999608039856,-0.8571420311927795,-1.030579686164856,39.0890998840332,1.10432767868042
2026-06-08 15:00:00+00:00,12.159364195901668,,,,4.089154243469238,0.0,0.0,1019.325347639149,0.0,,19.64311408996582,1015.77328125,,49.98333,49.98333,,,,,,297.8286437988281,304.3642883300781,291.998779296875,0.0,,0.0,-1.314370036125183,-1.5823153257369995,0.0979877561330795,0.1190724968910217,94.26358032226562,1.3180174827575684
2026-06-08 16:00:00+00:00,10.198663195306006,,,,4.089154243469238,0.0121567726135254,0.0,1018.653084085262,0.0,,19.09292221069336,1015.099765625,,40.976627,40.976627,,,,,,298.9833679199219,305.2773742675781,291.998779296875,0.0121567726135254,,0.0,-1.7443594932556152,-2.117743968963623,0.5758481621742249,0.699730396270752,108.26909637451172,1.8369516134262085
2026-06-08 17:00:00+00:00,10.825553709351553,,,,4.089154243469238,0.0243459701538086,0.0,1017.9785540047878,0.0,,19.12013816833496,1014.42859375,,42.639645,42.639645,,,,,,299.0399169921875,304.70709228515625,291.998779296875,0.0243459701538086,,0.0,-2.3426194190979004,-2.867361068725586,1.2444292306900024,1.5229270458221436,117.9778060913086,2.652634620666504
2026-06-08 18:00:00+00:00,13.2100953860207,,,,4.089154243469238,0.0,0.0,1017.21545379582,0.0,,18.823406219482425,1013.665546875,,51.21059,51.21059,,,,,,298.5041809082031,303.1114807128906,291.998779296875,0.0,,0.0,-2.543676853179932,-3.1220736503601074,1.185824632644653,1.4563937187194824,114.9942398071289,2.8065052032470703
2026-06-08 19:00:00+00:00,14.101349811505466,,,,4.089154243469238,0.0,0.0,1017.4552859999136,0.0,,19.560014724731445,1013.904609375,,54.94063,54.94063,,,,,,298.0005798339844,300.8196105957031,291.998779296875,0.0,,0.0,-2.431586503982544,-3.012712955474853,1.8763415813446045,2.3269271850585938,127.65569305419922,3.071362972259521
2026-06-08 20:00:00+00:00,14.80446161429505,,,,4.089154243469238,0.0,0.0,1017.2213205903298,0.0,,21.68231201171875,1013.679609375,,61.064854,61.064854,,,,,,296.59765625,297.69757080078125,291.998779296875,0.0,,0.0,-2.789193153381348,-3.5351734161376958,2.6344265937805176,3.337554931640625,133.36546325683594,3.836639404296875
2026-06-08 21:00:00+00:00,15.358095004680443,,,,4.089154243469238,0.0,0.0,1017.677859414366,0.0,,23.194244384765625,1014.142421875,,67.01653,67.01653,,,,,,295.4732666015625,295.9685974121094,291.998779296875,0.0,,0.0,-2.761122703552246,-3.5241641998291016,2.1076788902282715,2.6897788047790527,127.35598754882812,3.473630428314209
2026-06-08 22:00:00+00:00,15.412059170720244,,,,4.089154243469238,0.0,0.0,1017.747549470964,0.0,,23.917381286621094,1014.217109375,,69.906395,69.906395,,,,,,294.7548522949219,294.999755859375,291.998779296875,0.0,,0.0,-2.2137691974639893,-2.817908525466919,1.114357590675354,1.41841721534729,116.71957397460938,2.47842025756836
2026-06-08 23:00:00+00:00,15.703293020489394,,,,4.089154243469238,0.0,0.0,1018.0304230939588,0.0,,23.54534339904785,1014.5046875,,72.50921,72.50921,,,,,,294.3454895019531,294.32568359375,291.998779296875,0.0,,0.0,-1.2597697973251345,-1.646323561668396,0.5473863482475281,0.7173994779586792,113.4855728149414,1.3735544681549072
2026-06-09 00:00:00+00:00,15.573416430542352,,,,4.089154243469238,0.0,0.0,1018.2821065241108,0.0,,23.313270568847656,1014.75859375,,72.77594,72.77594,,,,,,293.841064453125,293.7089538574219,291.998779296875,0.0,,0.0,-0.1797113716602325,-0.3131076395511627,0.8077130317687988,1.4161872863769531,167.4563446044922,0.8274639248847961
2026-06-09 00:00:00+00:00,15.243677085303222,,,,4.089154243469238,0.0,0.0,1018.6698076314696,0.0,,20.90443229675293,1015.161953125,,79.48541,79.48541,,,,,,292.009521484375,297.1534118652344,292.40350341796875,0.0,,0.0,-1.0962345600128174,-1.1116342544555664,-0.7520224452018738,-0.734606921672821,55.5496826171875,1.3293863534927368
2026-06-09 01:00:00+00:00,14.844813861603225,,,,4.089154243469238,0.0,0.0246176147460936,1017.9620285960406,0.0,,20.841596603393555,1014.46125,,80.31723,80.31723,,,,,,291.9022216796875,292.0778503417969,292.40350341796875,0.0246176147460936,,0.0,0.4086616039276123,0.5023156404495239,-0.5991097688674927,-0.7228787541389465,325.7015380859375,0.7252150177955627
2026-06-09 02:00:00+00:00,14.753097204482811,,,,4.089154243469238,0.0,0.0550186157226564,1018.6958224004436,0.0,,20.897884368896484,1015.19265625,,79.42539,79.42539,,,,,,291.6732788085937,291.556640625,292.40350341796875,0.0550186157226564,,0.0,0.2889676690101623,0.3925853371620178,0.2414860725402832,0.3279381990432739,230.114990234375,0.3765870928764343
2026-06-09 03:00:00+00:00,14.469061411104516,,,,4.089154243469238,0.0,0.1623434448242187,1018.3187816653608,0.0,,20.387842178344727,1014.8178125,,79.46098,79.46098,,,,,,291.248779296875,291.10137939453125,292.40350341796875,0.1623434448242187,,0.0,0.8203326463699341,1.4135823249816897,-0.2839911580085754,-0.4906299114227295,289.0953674316406,0.8680994510650635
2026-06-09 04:00:00+00:00,14.591395009142854,,,,4.089154243469238,0.0,0.0,1018.1036576158524,0.0,,19.5284366607666,1014.605078125,,81.47566,81.47566,,,,,,290.8751220703125,290.6861877441406,292.40350341796875,0.0,,0.0,-0.8258841633796692,-1.3626331090927124,-0.4678466916084289,-0.7719058990478516,60.46932220458984,0.9491918683052064
2026-06-09 05:00:00+00:00,15.825486345671584,,,,4.089154243469238,0.0,0.0,1017.3323788805816,0.0,,18.666051864624023,1013.843984375,,92.83938,92.83938,,,,,,290.4336853027344,290.32147216796875,292.40350341796875,0.0,,0.0,-0.7645239233970642,-1.114640474319458,-0.8840499520301819,-1.2903146743774414,40.85315704345703,1.168777585029602
2026-06-09 06:00:00+00:00,14.68996231783134,,,,4.089154243469238,0.0,0.0,1016.801978548968,0.0,,18.407215118408203,1013.323515625,,88.03228,88.03228,,,,,,290.0481262207031,289.96337890625,292.40350341796875,0.0,,0.0,-0.2422991394996643,-0.4177917838096618,-0.6795588135719299,-1.173682689666748,19.62387466430664,0.721463143825531
2026-06-09 07:00:00+00:00,14.478634135200842,,,,4.089154243469238,0.0,0.0,1016.8635405347296,0.0,,18.60238647460937,1013.3934375,,91.166435,91.166435,,,,,,289.5010070800781,289.61480712890625,292.40350341796875,0.0,,0.0,0.1912090182304382,0.225401684641838,-0.2333332896232605,-0.2738337516784668,320.66650390625,0.3016708791255951
2026-06-09 08:00:00+00:00,15.176300184592549,,,,4.089154243469238,0.0,0.0,1016.620249408255,0.0,,18.883922576904297,1013.148046875,,94.3278,94.3278,,,,,,289.4730224609375,289.3959350585937,292.40350341796875,0.0,,0.0,-0.3774473667144775,-0.6602248549461365,-0.5662594437599182,-0.9887553453445436,33.68593978881836,0.6805264949798584
2026-06-09 09:00:00+00:00,14.87515807937649,,,,4.089154243469238,0.0081364631652831,0.0,1017.1039804771124,0.0,,19.19896507263184,1013.633125,,93.27315,93.27315,,,,,,289.3338623046875,289.2471008300781,292.40350341796875,0.0081364631652831,,0.0,-0.3206844925880432,-0.5527808666229248,-0.6640098094940186,-1.141998291015625,25.77828598022461,0.7373924255371094
2026-06-09 10:00:00+00:00,15.266219559429306,,,,4.089154243469238,0.0373089790344238,0.0,1017.3236474558548,0.0,,19.227392196655277,1013.85,,94.77563,94.77563,,,,,,289.6675109863281,289.67547607421875,292.40350341796875,0.0373089790344238,,0.0,-0.6379784941673279,-0.812814474105835,-0.692263662815094,-0.8803056478500366,42.66314315795898,0.9414061307907104
2026-06-09 11:00:00+00:00,15.252871837627078,,,,4.089154243469238,0.0645401000976562,0.0,1017.4944468228508,0.0,,18.966386795043945,1014.00828125,,87.650955,87.650955,,,,,,291.1579284667969,292.4421081542969,292.40350341796875,0.0645401000976562,,0.0,-0.3093183934688568,-0.3635958135128021,-0.4748539626598358,-0.5599731206893921,33.08009719848633,0.5667134523391724
2026-06-09 12:00:00+00:00,14.561270939322268,,,,4.089154243469238,0.1145217895507813,0.0,1017.7812403092846,0.0,,18.707380294799805,1014.276953125,,73.75886,73.75886,,,,,,293.3878173828125,296.0276794433594,292.40350341796875,0.1145217895507813,,0.0,0.3508881628513336,0.4149911999702453,-0.2701437473297119,-0.319534957408905,307.5921630859375,0.4428319633007049
2026-06-09 13:00:00+00:00,13.74494337087427,,,,4.089154243469238,0.1075113296508789,0.0,1017.001978598685,0.0,,19.067380905151367,1013.47765625,,60.27437,60.27437,,,,,,295.9570617675781,299.6388244628906,292.40350341796875,0.1075113296508789,,0.0,0.5705825090408325,0.6776146292686462,-0.2334211468696594,-0.2762000262737274,292.2491149902344,0.6164818406105042
2026-06-09 14:00:00+00:00,12.868894472578438,,,,4.089154243469238,0.1093414306640625,0.0,1016.7410251212792,0.0,,19.28024673461914,1013.196015625,,48.952007,48.952007,,,,,,298.5521240234375,302.72052001953125,292.40350341796875,0.1093414306640625,,0.0,0.8417589068412781,1.0076688528060913,-0.3189575970172882,-0.3826754093170166,290.7525939941406,0.9001622200012207
2026-06-09 15:00:00+00:00,13.452310941896467,,,,4.089154243469238,0.1195741653442383,0.0,1015.7312702454076,0.0,,18.583274841308597,1012.1703125,,45.281357,45.281357,,,,,,300.7040100097656,304.7745056152344,292.40350341796875,0.1195741653442383,,0.0,1.2016459703445437,1.477215051651001,-2.119187355041504,-2.6039299964904785,330.4454040527344,2.436166763305664
2026-06-09 16:00:00+00:00,12.18261954043682,,,,4.089154243469238,0.1188280105590819,0.0,1014.8948636730852,0.0,,19.54668617248535,1011.330703125,,38.88846,38.88846,,,,,,301.8427124023437,305.9545288085937,292.40350341796875,0.1188280105590819,,0.0,0.7856773138046265,0.9622821807861328,-1.919724702835083,-2.354252338409424,337.7424011230469,2.0742785930633545
2026-06-09 17:00:00+00:00,10.804992148945448,,,,4.089154243469238,0.0564893722534178,0.0,1014.097587910719,0.0,,19.823471069335938,1010.53640625,,34.295635,34.295635,,,,,,302.338134765625,306.3712158203125,292.40350341796875,0.0564893722534178,,0.0,0.3056307733058929,0.3731606602668762,-1.3494113683700562,-1.6495485305786133,347.23828125,1.3835899829864502
2026-06-09 18:00:00+00:00,8.997957569960063,,,,4.089154243469238,0.0,0.0,1013.203172274222,0.0,,20.765684127807617,1009.64640625,,29.300537,29.300537,,,,,,302.74835205078125,305.7531433105469,292.40350341796875,0.0,,0.0,0.9120044708251952,1.1148308515548706,-1.05351459980011,-1.2891757488250732,319.11798095703125,1.3934292793273926
2026-06-09 19:00:00+00:00,9.08532423643689,,,,4.089154243469238,0.0,0.0,1013.3868179027688,0.0,,23.30154800415039,1009.830390625,,29.175283,29.175283,,,,,,302.5385437011719,303.9227600097656,292.40350341796875,0.0,,0.0,0.5276781320571899,0.6443880796432495,-0.6291930675506592,-0.7665162086486816,320.01483154296875,0.8211748600006104
2026-06-09 20:00:00+00:00,12.638549067077316,,,,4.089154243469238,0.0,0.0,1013.2274480836912,0.0,,25.567228317260746,1009.68578125,,42.352028,42.352028,,,,,,300.0599975585937,300.4846496582031,292.40350341796875,0.0,,0.0,-1.797237753868103,-2.2546212673187256,0.6208920478820801,0.7777124643325806,109.05850219726562,1.9014652967453003
2026-06-09 21:00:00+00:00,15.66611578584195,,,,4.089154243469238,0.0,0.0,1013.9105862758169,0.0,,26.398487091064453,1010.37875,,59.04937,59.04937,,,,,,297.8199768066406,298.157958984375,292.40350341796875,0.0,,0.0,-1.8502055406570437,-2.328485012054444,0.5144146680831909,0.6479860544204712,105.53758239746094,1.9203861951828003
2026-06-09 22:00:00+00:00,14.64795148726797,,,,4.089154243469238,0.0,0.0,1014.333393523851,0.0,,27.2684268951416,1010.804921875,,56.478287,56.478287,,,,,,297.1787109375,297.00213623046875,292.40350341796875,0.0,,0.0,-0.9455841779708862,-1.287569284439087,1.886650800704956,2.586596727371216,153.38009643554688,2.1103508472442627
2026-06-09 23:00:00+00:00,17.93456304330476,,,,4.089154243469238,0.0,0.0,1015.1192149348394,0.0,,28.680889129638672,1011.584296875,,75.05591,75.05591,,,,,,296.10760498046875,296.0398864746094,292.40350341796875,0.0,,0.0,2.471498966217041,3.241284847259521,1.647017002105713,2.162123680114746,236.32034301757807,2.970012187957764
2026-06-10 00:00:00+00:00,16.99050793112722,,,,4.089154243469238,0.0,0.0,1015.9426653295092,0.1459658813476561,,30.051210403442383,1012.40984375,,72.129684,72.129684,,,,,,295.62744140625,295.3844909667969,292.40350341796875,0.1459658813476561,,0.0,2.116896152496338,2.926161050796509,0.7970348596572876,1.0985145568847656,249.3680877685547,2.261971235275269
2026-06-10 00:00:00+00:00,13.795744927526815,,,,4.089154243469238,0.0546371459960937,0.0,1016.0147785318604,0.0,,28.70597076416016,1012.515546875,,65.81481,65.81481,,,,,,293.5096130371094,297.1534118652344,293.8498840332031,0.0546371459960937,,0.0,1.2851308584213257,1.275928258895874,-0.5771094560623169,-0.5943547487258911,294.1832580566406,1.4087642431259155
2026-06-10 01:00:00+00:00,12.946764312955668,,,,4.089154243469238,0.0941226959228516,0.0,1015.860323343882,0.1208831787109376,,28.664386749267575,1012.364609375,,63.773052,63.773052,,,,,,293.5867614746094,293.7518615722656,293.8498840332031,0.1208831787109376,,0.0,1.4698967933654783,1.8524384498596191,-0.824073851108551,-1.0315771102905271,299.2764587402344,1.685139298439026
2026-06-10 02:00:00+00:00,12.845688474191189,,,,4.089154243469238,0.0063616752624511,0.0,1015.780768894712,0.3533273315429688,,27.93421173095703,1012.28890625,,64.86401,64.86401,,,,,,293.0872802734375,293.0205993652344,293.8498840332031,0.3533273315429688,,0.0,1.9258794784545896,2.553500175476074,-0.1474422067403793,-0.1975024342536926,274.3779296875,1.9315152168273928
2026-06-10 03:00:00+00:00,12.34190689590007,,,,4.089154243469238,0.0,0.0,1016.2099923938234,0.1636819458007812,,27.393798828125,1012.7165625,,63.524033,63.524033,,,,,,292.6968688964844,292.4698181152344,293.8498840332031,0.1636819458007812,,0.0,1.573844075202942,2.3108601570129395,-0.2881341874599457,-0.4228408336639404,280.3746337890625,1.6000020503997805
2026-06-10 04:00:00+00:00,12.03017732497927,,,,4.089154243469238,0.087037944793701,0.0,1015.8132155626588,0.288055419921875,,27.019115447998047,1012.32203125,,62.79976,62.79976,,,,,,292.3948059082031,292.0482788085937,293.8498840332031,0.288055419921875,,0.0,1.7777730226516724,2.686551570892334,-0.1631423681974411,-0.2486961483955383,275.24322509765625,1.7852429151535034
2026-06-10 05:00:00+00:00,11.287679014173657,,,,4.089154243469238,0.1989198684692383,0.0,1015.3049314548548,0.2853305053710939,,26.042659759521484,1011.811953125,,57.693264,57.693264,,,,,,292.2803955078125,291.7715759277344,293.8498840332031,0.2853305053710939,,0.0,1.5820964574813845,2.796201705932617,-0.1839389204978943,-0.324691504240036,276.631591796875,1.5927531719207764
2026-06-10 06:00:00+00:00,10.748094159623852,,,,4.089154243469238,0.2810609817504883,0.0,1015.133444340648,0.2187673950195314,,25.504106521606445,1011.644375,,57.251778,57.251778,,,,,,292.18634033203125,291.75323486328125,293.8498840332031,0.2810609817504883,,0.0,1.4765594005584717,2.481074094772339,-0.6604171991348267,-1.111811876296997,294.097412109375,1.617522358894348
2026-06-10 07:00:00+00:00,10.759340842615089,,,,4.089154243469238,0.3120170593261719,0.0,1015.3570514768052,0.0626251220703126,,25.617582321166992,1011.86703125,,57.156773,57.156773,,,,,,291.9737548828125,291.5747985839844,293.8498840332031,0.3120170593261719,,0.0,1.143352746963501,1.827661156654358,-0.659675657749176,-1.0549229383468628,299.9834899902344,1.3200104236602783
2026-06-10 08:00:00+00:00,11.004181962712185,,,,4.089154243469238,0.3328794479370116,0.0,1015.219292934259,0.0,,25.54524803161621,1011.7359375,,61.395397,61.395397,,,,,,291.6107482910156,291.4083557128906,293.8498840332031,0.3328794479370116,,0.0,0.4859723150730133,0.8574453592300415,-0.9443111419677734,-1.6658873558044434,332.7682189941406,1.0620229244232178
2026-06-10 09:00:00+00:00,10.784356306734312,,,,4.089154243469238,0.1877191543579102,0.0,1015.720592544458,0.0,,25.60918426513672,1012.236484375,,61.58178,61.58178,,,,,,291.27783203125,290.9432983398437,293.8498840332031,0.1877191543579102,,0.0,0.9652847647666932,1.561387062072754,-1.1851329803466797,-1.9147701263427732,320.8373718261719,1.52850079536438
2026-06-10 10:00:00+00:00,10.53342312412535,,,,4.089154243469238,0.0161986351013183,0.0,1016.4252236243452,0.0,,25.72743225097656,1012.938984375,,60.969498,60.969498,,,,,,291.39093017578125,291.27880859375,293.8498840332031,0.0161986351013183,,0.0,0.6511743664741516,1.1457176208496094,-0.451441615819931,-0.7953026294708252,304.7325134277344,0.7923557162284851
2026-06-10 11:00:00+00:00,11.632544838075756,,,,4.089154243469238,0.0,0.0,1016.9328827346332,0.0,,25.894914627075195,1013.43390625,,62.355106,62.355106,,,,,,292.768310546875,294.2333984375,293.8498840332031,0.0,,0.0,0.0136359361931681,0.0172491334378719,-0.5041208267211914,-0.5934558510780334,358.4505920410156,0.5043051838874817
2026-06-10 12:00:00+00:00,11.711506470656207,,,,4.089154243469238,0.0,0.0,1017.5547520963656,0.0,,26.15694046020508,1014.0328125,,55.520077,55.520077,,,,,,294.9532775878906,297.9515686035156,293.8498840332031,0.0,,0.0,0.1612376868724823,0.1901251673698425,-0.1972597539424896,-0.2326551228761673,320.73785400390625,0.2547724545001983
2026-06-10 13:00:00+00:00,12.05629452476818,,,,4.089154243469238,0.1071811676025391,0.0,1016.7813299676626,0.0,,26.253536224365234,1013.244609375,,51.216774,51.216774,,,,,,296.9166259765625,301.40557861328125,293.8498840332031,0.1071811676025391,,0.0,-0.0110764289274811,-0.0138530451804399,0.2059329450130462,0.2452603280544281,176.9212188720703,0.2062306106090545
2026-06-10 14:00:00+00:00,12.136927323655618,,,,4.089154243469238,0.156275177001953,0.0,1016.7577847470473,0.0,,26.543262481689453,1013.209453125,,47.532818,47.532818,,,,,,298.45538330078125,304.1203918457031,293.8498840332031,0.156275177001953,,0.0,-0.4755097925662994,-0.5696532130241394,0.1454879343509674,0.1733413934707641,107.01212310791016,0.4972688555717468
2026-06-10 15:00:00+00:00,12.144352596499791,,,,4.089154243469238,0.1528573989868165,0.0,1015.7752567374888,0.0,,26.589635848999023,1012.225625,,45.451866,45.451866,,,,,,299.4051818847656,305.7271423339844,293.8498840332031,0.1528573989868165,,0.0,-1.4706484079360962,-1.781476616859436,-0.2660544216632843,-0.3199036121368408,79.74555206298828,1.4945205450057983
2026-06-10 16:00:00+00:00,10.677099223451718,,,,4.089154243469238,0.1055711746215819,0.0,1015.1984304852322,0.0,,26.010595321655277,1011.656875,,40.960987,40.960987,,,,,,299.6132202148437,305.9998474121094,293.8498840332031,0.1055711746215819,,0.0,-2.0371079444885254,-2.4850077629089355,1.302566409111023,1.5868947505950928,122.59564208984376,2.4179511070251465
2026-06-10 17:00:00+00:00,13.254019086934797,,,,4.089154243469238,0.0,0.0,1014.548687023689,0.0,,26.95966911315918,1011.0053125,,49.495747,49.495747,,,,,,299.3279724121094,305.1928100585937,293.8498840332031,0.0,,0.0,-2.702561140060425,-3.3165292739868164,1.2303917407989502,1.5098611116409302,114.4782943725586,2.969461441040039
2026-06-10 18:00:00+00:00,14.528760313174615,,,,4.089154243469238,0.0,0.0,1013.965095936842,0.0,,29.177967071533203,1010.425234375,,55.18026,55.18026,,,,,,298.7814025878906,303.4223022460937,293.8498840332031,0.0,,0.0,-3.0849528312683105,-3.8214516639709473,2.0251593589782715,2.5095527172088623,123.28343963623048,3.690285205841065
2026-06-10 19:00:00+00:00,16.338140971998772,,,,4.089154243469238,0.1319326400756835,0.0,1014.4796255641232,0.0,,31.60422134399414,1010.943203125,,65.9646,65.9646,,,,,,297.5196228027344,300.7187805175781,293.8498840332031,0.1319326400756835,,0.0,-3.2897789478302,-4.108623504638672,2.43581771850586,3.0430307388305664,126.51698303222656,4.093391418457031
2026-06-10 20:00:00+00:00,17.59275946046725,,,,4.089154243469238,0.2735588073730468,0.0,1014.3479745547828,0.2453280639648438,,33.981224060058594,1010.818984375,,76.33353,76.33353,,,,,,296.0545959472656,297.6287841796875,293.8498840332031,0.2735588073730468,,0.0,-3.190591812133789,-4.032638549804688,2.709959983825684,3.42501163482666,130.34323120117188,4.186139106750488
2026-06-10 21:00:00+00:00,18.51601566603676,,,,4.089154243469238,0.2480918884277343,0.0,1015.3647467247188,0.7981604003906249,,36.19755554199219,1011.835078125,,84.09509,84.09509,,,,,,295.2132568359375,296.0289306640625,293.8498840332031,0.7981604003906249,,0.0,-2.838914394378662,-3.616463661193848,2.7630183696746826,3.5173540115356445,134.2238006591797,3.9615280628204346
2026-06-10 22:00:00+00:00,19.26361504325077,,,,4.089154243469238,0.2784549713134765,0.4870938110351561,1015.710227490157,1.0,,38.47641754150391,1012.175078125,,89.5853,89.5853,,,,,,294.8641052246094,295.3847961425781,293.8498840332031,1.0,,0.0,-2.641413450241089,-3.3658323287963867,2.073688745498657,2.6410346031188965,128.1343231201172,3.358161687850952
2026-06-10 23:00:00+00:00,19.480798065929378,,,,4.089154243469238,0.3946191787719726,0.7930548095703127,1016.5401845242676,1.0,,40.20915985107422,1012.9990625,,90.89666,90.89666,,,,,,294.8338928222656,295.30035400390625,293.8498840332031,1.0,,0.0,-2.1482717990875244,-2.723029136657715,1.7970123291015625,2.2781825065612797,129.91221618652344,2.800772190093994
2026-06-11 00:00:00+00:00,19.57828423292554,,,,4.089154243469238,0.4220611572265624,0.9740188598632812,1016.931889008429,0.9298214721679688,,40.924598693847656,1013.3871875,,91.87437,91.87437,,,,,,294.5946350097656,294.6488342285156,293.8498840332031,0.9740188598632812,,0.0,-1.748841404914856,-2.254180669784546,1.48652982711792,1.9159458875656128,130.3648223876953,2.295259714126587
2026-06-11 00:00:00+00:00,17.797546109636837,,,,4.089154243469238,0.2118316650390626,0.62450927734375,1017.8119675610571,0.3585156249999999,,38.90642547607422,1014.28234375,,86.69152,86.69152,,,,,,293.264892578125,297.1534118652344,293.86346435546875,0.62450927734375,,0.0,0.3452413380146026,0.3333176374435425,0.4881865084171295,0.4810215830802917,215.2676239013672,0.5979278087615967
2026-06-11 01:00:00+00:00,17.63341246664633,,,,4.089154243469238,0.264310073852539,0.8403350830078127,1017.5030343274664,0.440865783691406,,40.00261688232422,1013.974765625,,86.70971,86.70971,,,,,,293.57568359375,293.7612609863281,293.86346435546875,0.8403350830078127,,0.0,0.3144266307353973,0.3875558972358703,-0.864154577255249,-1.0658073425292969,340.005859375,0.9195799231529236
2026-06-11 02:00:00+00:00,16.91808082933074,,,,4.089154243469238,0.4277505874633789,1.0,1016.8526787221424,0.6647326660156252,,40.94171524047852,1013.331796875,,84.58323,84.58323,,,,,,293.259521484375,293.5041809082031,293.86346435546875,1.0,,0.0,1.050995707511902,1.298414707183838,-0.4236583709716797,-0.5238819718360901,291.9544677734375,1.133171796798706
2026-06-11 03:00:00+00:00,16.465125192184086,,,,4.089154243469238,0.5646408081054686,1.0,1018.0715752798958,0.7659988403320312,,41.74104690551758,1014.549765625,,82.852486,82.852486,,,,,,293.0967712402344,293.2714538574219,293.86346435546875,1.0,,0.0,1.2341887950897217,1.5398821830749512,-0.4395886361598968,-0.5469302535057068,289.60467529296875,1.3101375102996826
2026-06-11 04:00:00+00:00,16.399635660899417,,,,4.089154243469238,0.4908742904663086,0.888205261230469,1016.7443802149464,0.5105383300781252,,40.79275894165039,1013.2278125,,83.273636,83.273636,,,,,,292.900146484375,292.9745788574219,293.86346435546875,0.888205261230469,,0.0,-0.0732022523880004,-0.091210588812828,-0.6787115931510925,-0.8373990058898926,6.155824661254883,0.6826477646827698
2026-06-11 05:00:00+00:00,16.55849715088392,,,,4.089154243469238,0.6217203140258789,0.8162741088867187,1016.7719722585592,0.4071432495117189,,40.5788459777832,1013.258203125,,85.42882,85.42882,,,,,,292.6719665527344,292.7784729003906,293.86346435546875,0.8162741088867187,,0.0,-0.0879125595092773,-0.1064143329858779,-0.6860032677650452,-0.8404620885848999,7.302753925323486,0.6916133761405945
2026-06-11 06:00:00+00:00,16.504391156241244,,,,4.089154243469238,0.6762866973876953,0.76822998046875,1016.404055698188,0.4959344482421874,,41.68154144287109,1012.8915625,,85.90862,85.90862,,,,,,292.53045654296875,292.7200927734375,293.86346435546875,0.76822998046875,,0.0,-0.0832653641700744,-0.0975901558995246,0.0448280423879623,0.0526859983801841,118.29693603515624,0.094565711915493
2026-06-11 07:00:00+00:00,16.531334637229858,,,,4.089154243469238,0.7091798782348633,0.8656124877929687,1016.725220782033,0.4613531494140623,,42.00160598754883,1013.213125,,87.411446,87.411446,,,,,,292.32177734375,292.5497436523437,293.86346435546875,0.8656124877929687,,0.0,0.0665013790130615,0.0815996751189231,-0.7829395532608032,-0.9558029174804688,355.1450500488281,0.7857587337493896
2026-06-11 08:00:00+00:00,16.220371475867616,,,,4.089154243469238,0.7413349151611328,0.8946469116210936,1017.0846089466132,0.5568045043945311,,43.09165573120117,1013.571953125,,85.26761,85.26761,,,,,,292.3907775878906,292.61541748046875,293.86346435546875,0.8946469116210936,,0.0,0.477870225906372,0.581749439239502,-0.5074422955513,-0.6161932945251465,316.7190856933594,0.6970348954200745
2026-06-11 09:00:00+00:00,16.15139229392119,,,,4.089154243469238,0.7520681381225587,0.9535308837890626,1017.5039080989468,0.9424072265625,,44.434112548828125,1013.98765625,,83.37705,83.37705,,,,,,292.59967041015625,292.6092224121094,293.86346435546875,0.9535308837890626,,0.0,0.5827320218086243,0.7314794063568115,-0.2501550912857055,-0.3134610652923584,293.2328796386719,0.6341562867164612
2026-06-11 10:00:00+00:00,16.37699700339692,,,,4.089154243469238,0.7659969329833984,0.988125915527344,1018.4794030950916,1.0,,45.49848937988281,1014.95609375,,83.4029,83.4029,,,,,,292.8294372558594,292.8494567871094,293.86346435546875,1.0,,0.0,1.1190720796585083,1.4285321235656738,-0.4563220143318176,-0.5857133865356445,292.18408203125,1.2085330486297607
2026-06-11 11:00:00+00:00,16.572222790188757,,,,4.089154243469238,0.7771213531494139,0.915834655761719,1018.9888235269682,1.0,,45.98245620727539,1015.465703125,,85.33643,85.33643,,,,,,292.7929992675781,293.1407775878906,293.86346435546875,1.0,,0.0,1.092545747756958,1.3420124053955078,-0.2354923337697982,-0.2884004414081573,282.1636962890625,1.1176371574401855
2026-06-11 12:00:00+00:00,16.94620897282944,,,,4.089154243469238,0.7812976837158203,0.9179983520507812,1019.7226193962337,1.0,,46.0888557434082,1016.19515625,,87.35277,87.35277,,,,,,292.8714904785156,293.4657592773437,293.86346435546875,1.0,,0.0,1.0435165166854858,1.2720102071762085,-0.066266119480133,-0.0808300822973251,273.633544921875,1.0456184148788452
2026-06-11 13:00:00+00:00,17.36636882388843,,,,4.089154243469238,0.8126953124999998,0.9204473876953124,1019.265234894572,1.0,,46.12367248535156,1015.737421875,,89.82062,89.82062,,,,,,292.9156799316406,293.6868591308594,293.86346435546875,1.0,,0.0,1.1842399835586548,1.4419074058532717,-0.065719686448574,-0.0812542587518692,273.1763916015625,1.1860620975494385
2026-06-11 14:00:00+00:00,17.551039347589544,,,,4.089154243469238,0.8380468368530272,0.8671533203125001,1018.8018955436982,0.8836373901367187,,44.35918426513672,1015.277109375,,91.19947,91.19947,,,,,,292.9331359863281,294.0520324707031,293.86346435546875,0.8836373901367187,,0.0,0.2107829600572586,0.2542072534561157,-1.079161524772644,-1.3056392669677734,348.94805908203125,1.0995540618896484
2026-06-11 15:00:00+00:00,17.133347954624742,,,,4.089154243469238,0.9130861282348636,0.8606036376953123,1017.5174531563327,0.9125442504882812,,43.466041564941406,1014.003125,,88.963104,88.963104,,,,,,292.9703063964844,294.48101806640625,293.86346435546875,0.9130861282348636,,0.0,0.4224641323089599,0.5095576047897339,-0.8949117064476013,-1.0767241716384888,334.729248046875,0.9896175265312196
2026-06-11 16:00:00+00:00,16.93022524321535,,,,4.089154243469238,0.8894029617309571,0.54742431640625,1016.9051907024352,0.9025332641601564,,43.265167236328125,1013.389921875,,84.11267,84.11267,,,,,,293.6737060546875,295.4397888183594,293.86346435546875,0.9025332641601564,,0.0,0.3756019473075866,0.4423280954360962,-0.5132107734680176,-0.6085352897644043,323.80084228515625,0.6359733939170837
2026-06-11 17:00:00+00:00,16.79249998707048,,,,4.089154243469238,0.4532546997070312,0.4762811279296874,1016.0823916202908,1.0,,43.215850830078125,1012.567734375,,79.57668,79.57668,,,,,,294.5286865234375,297.1234130859375,293.86346435546875,1.0,,0.0,-0.0697772204875946,-0.0851760655641555,-0.252657949924469,-0.2983797192573547,15.438697814941406,0.2621161937713623
2026-06-11 18:00:00+00:00,16.850263392523864,,,,4.089154243469238,0.5170387268066405,0.463392333984375,1015.4076489409194,1.0,,43.08082962036133,1011.88984375,,76.905876,76.905876,,,,,,295.1272277832031,297.27838134765625,293.86346435546875,1.0,,0.0,-0.5788131952285767,-0.693869948387146,0.6852105259895325,0.8275404572486877,139.8114471435547,0.8969604969024658
2026-06-11 19:00:00+00:00,17.25152580960203,,,,4.089154243469238,0.3825401306152343,0.4140576171874999,1015.7054140783836,0.9833670043945312,,41.99407958984375,1012.185,,79.915985,79.915985,,,,,,294.9461364746094,296.9003295898437,293.86346435546875,0.9833670043945312,,0.0,-1.3543413877487185,-1.6421477794647217,0.5142598748207092,0.6227519512176514,110.7923812866211,1.448690414428711
2026-06-11 20:00:00+00:00,16.71415474523484,,,,4.089154243469238,0.0756331443786622,0.4217578125000001,1015.3434890484972,0.4429733276367189,,39.308589935302734,1011.823515625,,75.38435,75.38435,,,,,,294.9230041503906,295.234375,293.86346435546875,0.4429733276367189,,0.0,-1.2129788398742676,-1.4971429109573364,0.0221280865371227,0.0264270305633544,91.0451202392578,1.213180661201477
2026-06-11 21:00:00+00:00,17.702162748439555,,,,4.089154243469238,0.1154127120971679,0.287222900390625,1016.0577817821672,0.4055914306640624,,37.80356216430664,1012.54234375,,85.56344,85.56344,,,,,,293.8740234375,294.0992736816406,293.86346435546875,0.4055914306640624,,0.0,-0.6323699951171875,-0.7746869325637817,-0.5967513918876648,-0.7321971654891968,46.65990447998047,0.8694849014282227
2026-06-11 22:00:00+00:00,17.744195786572448,,,,4.089154243469238,0.1147581100463868,0.2533145141601562,1016.1229605591524,0.1710018920898437,,36.558631896972656,1012.61328125,,88.238075,88.238075,,,,,,293.3787536621094,293.489013671875,293.86346435546875,0.2533145141601562,,0.0,-0.4179232120513916,-0.5116355419158936,-0.5065932869911194,-0.619586706161499,39.52153778076172,0.6567317247390747
2026-06-11 23:00:00+00:00,17.63697761230814,,,,4.089154243469238,0.1120878219604493,0.2581466674804686,1016.5692981695098,0.1630895996093748,,35.49397659301758,1013.056875,,86.97844,86.97844,,,,,,293.18035888671875,293.0524597167969,293.86346435546875,0.2581466674804686,,0.0,-0.484347939491272,-0.6676634550094604,-0.0796212628483772,-0.1087104231119155,80.66471862792969,0.4908487200736999
2026-06-12 00:00:00+00:00,17.709199322809578,,,,4.089154243469238,0.0724115371704101,0.3092657470703126,1016.7294980291224,0.0,,34.545997619628906,1013.218046875,,88.729965,88.729965,,,,,,292.8544921875,292.68280029296875,293.86346435546875,0.3092657470703126,,0.0,0.0419121906161308,0.0587717741727829,-0.3808561861515045,-0.5206494331359863,353.72003173828125,0.3831554055213928
2026-06-12 00:00:00+00:00,17.87733745401544,,,,4.089154243469238,0.2904521942138671,0.2698495483398435,1017.0448359473356,0.0331781005859372,,37.8973274230957,1013.543828125,,95.12697,95.12697,,,,,,291.8658142089844,297.1534118652344,292.0477294921875,0.2904521942138671,,0.0,0.914942741394043,0.904747724533081,-0.5747100114822388,-0.5509461164474487,302.1344909667969,1.0804682970046997
2026-06-12 01:00:00+00:00,17.47863575725216,,,,4.089154243469238,0.1206060409545899,0.487762451171875,1016.8794762057556,0.0,,36.56869125366211,1013.3821875,,95.11954,95.11954,,,,,,291.8397521972656,291.80615234375,292.0477294921875,0.487762451171875,,0.0,1.2592958211898804,1.650054931640625,-1.0292949676513672,-1.3422420024871826,309.2611083984375,1.6264299154281616
2026-06-12 02:00:00+00:00,17.024124187826118,,,,4.089154243469238,0.0985469818115234,0.0743026733398437,1016.929223150702,0.0321127319335938,,35.40499496459961,1013.429765625,,91.540596,91.540596,,,,,,291.73175048828125,291.6220703125,292.0477294921875,0.0985469818115234,,0.0,0.7353604435920715,1.2678227424621582,-0.1241753175854682,-0.2164514064788818,279.584716796875,0.745771050453186
2026-06-12 03:00:00+00:00,17.019227370734257,,,,4.089154243469238,0.0918269157409668,0.0701718139648437,1016.5373109277978,0.0,,34.75333404541016,1013.041171875,,93.04926,93.04926,,,,,,291.5611572265625,291.4840393066406,292.0477294921875,0.0918269157409668,,0.0,-0.6090773344039917,-1.0741791725158691,-0.2443202584981918,-0.4338775277137756,68.14271545410156,0.6562526822090149
2026-06-12 04:00:00+00:00,16.49642422822541,,,,4.089154243469238,0.0,0.0593487548828126,1016.1126408121906,0.0,,33.80928421020508,1012.62234375,,91.25332,91.25332,,,,,,291.2921142578125,291.205078125,292.0477294921875,0.0593487548828126,,0.0,0.2165137529373169,0.3434863984584808,-0.5788377523422241,-0.9230459332466124,339.4917297363281,0.6180059313774109
2026-06-12 05:00:00+00:00,16.495126056558885,,,,4.089154243469238,0.0,0.064328918457031,1015.5205601096222,0.0,,33.57294845581055,1012.031640625,,90.68677,90.68677,,,,,,291.33331298828125,291.1051025390625,292.0477294921875,0.064328918457031,,0.0,-0.447368711233139,-0.6807225942611694,-1.3613754510879517,-2.080415725708008,18.19131088256836,1.432997465133667
2026-06-12 06:00:00+00:00,16.330472389212897,,,,4.089154243469238,0.0,0.1425039672851564,1015.026470302201,0.0,,32.92509841918945,1011.546640625,,92.79214,92.79214,,,,,,290.9938049316406,290.89178466796875,292.0477294921875,0.1425039672851564,,0.0,-0.1905080080032348,-0.2627517879009247,-1.4178048372268677,-1.9604902267456052,7.65289831161499,1.4305466413497925
2026-06-12 07:00:00+00:00,16.31998159868788,,,,4.089154243469238,0.0,0.0418258666992188,1015.0663467984187,0.0,,32.21842956542969,1011.595625,,97.47064,97.47064,,,,,,290.3793640136719,290.57037353515625,292.0477294921875,0.0418258666992188,,0.0,-0.136266678571701,-0.1672486960887909,-0.9197503328323364,-1.1282079219818115,8.42741870880127,0.929789900779724
2026-06-12 08:00:00+00:00,16.17109034593432,,,,4.089154243469238,0.0,0.0579089355468749,1014.7696353481548,0.0,,31.677732467651367,1011.299765625,,95.55998,95.55998,,,,,,290.4326477050781,290.4107971191406,292.0477294921875,0.0579089355468749,,0.0,-0.07100760191679,-0.0976138338446617,-0.6136837005615234,-0.8355732560157776,6.600182056427002,0.6177780628204346
2026-06-12 09:00:00+00:00,16.332141162736903,,,,4.089154243469238,0.0,0.0410842895507812,1014.9318874426974,0.0,,31.25142478942871,1011.462578125,,97.83553,97.83553,,,,,,290.2550964355469,290.26025390625,292.0477294921875,0.0410842895507812,,0.0,-0.4521069526672363,-0.5782750844955444,-1.0013543367385864,-1.282567024230957,24.298959732055664,1.0986860990524292
2026-06-12 10:00:00+00:00,15.858880103352636,,,,4.089154243469238,0.0,0.0423828125,1015.1743083403744,0.0,,30.54383087158203,1011.71890625,,100.0,100.0,,,,,,289.5530090332031,290.64141845703125,292.0477294921875,0.0423828125,,0.0,-0.4545231461524963,-0.538263201713562,-0.610455334186554,-0.7239910364151001,36.670047760009766,0.7610827684402466
2026-06-12 11:00:00+00:00,15.837933567277616,,,,4.089154243469238,0.088564109802246,0.019104309082031,1015.2517469139792,0.0,,29.57439422607422,1011.78703125,,94.66962,94.66962,,,,,,290.6911315917969,292.9085693359375,292.0477294921875,0.088564109802246,,0.0,-0.4293595254421234,-0.5060558319091797,-0.5323461890220642,-0.6269339323043823,38.88763046264648,0.6839166879653931
2026-06-12 12:00:00+00:00,15.568547256883672,,,,4.089154243469238,0.199691390991211,0.0,1015.5640908862288,0.0,,28.93976402282715,1012.073046875,,77.47858,77.47858,,,,,,293.7553100585937,296.9686889648437,292.0477294921875,0.199691390991211,,0.0,-0.4806323647499084,-0.567872941493988,-0.4182465672492981,-0.494251012802124,48.97018814086914,0.6371323466300964
2026-06-12 13:00:00+00:00,15.54953527808039,,,,4.089154243469238,0.3072874069213867,0.0,1014.6349123607256,0.0,,28.56036758422852,1011.126015625,,67.639244,67.639244,,,,,,296.06866455078125,300.2420349121094,292.0477294921875,0.3072874069213867,,0.0,-0.3835532963275909,-0.4562033414840698,-0.3297099769115448,-0.3917647004127502,49.31699752807617,0.505788266658783
2026-06-12 14:00:00+00:00,15.15947765873544,,,,4.089154243469238,0.3888519287109375,0.0,1014.2944868917776,0.0,,28.588359832763672,1010.767578125,,57.445457,57.445457,,,,,,298.4059753417969,302.837890625,292.0477294921875,0.3888519287109375,,0.0,-0.637982964515686,-0.7613117694854736,-0.2987724542617798,-0.3536171317100525,64.90593719482422,0.7044765949249268
2026-06-12 15:00:00+00:00,15.102102481639893,,,,4.089154243469238,0.429428482055664,0.0,1012.9464150684448,0.0,,29.742340087890625,1009.408359375,,50.99092,50.99092,,,,,,300.4539794921875,305.4845886230469,292.0477294921875,0.429428482055664,,0.0,-0.9156646728515624,-1.0972721576690674,0.1463517099618911,0.1753305196762085,99.08084106445312,0.927286684513092
2026-06-12 16:00:00+00:00,14.751580337601728,,,,4.089154243469238,0.6051219940185546,0.0,1012.3642660927214,0.0,,31.54047203063965,1008.825546875,,47.71824,47.71824,,,,,,301.0560302734375,304.976806640625,292.0477294921875,0.6051219940185546,,0.0,-0.9848124384880066,-1.1862969398498535,0.313154399394989,0.3797589838504791,107.63982391357422,1.033402681350708
2026-06-12 17:00:00+00:00,15.04656840842064,,,,4.089154243469238,0.703775978088379,0.0,1011.7130252931328,0.0,,33.48129653930664,1008.18046875,,49.319515,49.319515,,,,,,300.6434326171875,303.2109069824219,292.0477294921875,0.703775978088379,,0.0,-1.295179843902588,-1.5712523460388184,0.567904531955719,0.6889036893844604,113.67626953125,1.4142158031463623
2026-06-12 18:00:00+00:00,15.482395524410208,,,,4.089154243469238,0.5425121307373049,0.0,1011.1520659793166,0.0,,35.28376388549805,1007.6175,,49.43311,49.43311,,,,,,301.08514404296875,303.4400329589844,292.0477294921875,0.5425121307373049,,0.0,-1.5440945625305176,-1.888922452926636,0.9310063123703004,1.139167547225952,121.08772277832033,1.8030531406402588
2026-06-12 19:00:00+00:00,17.221951980919698,,,,4.089154243469238,0.5666751861572266,0.0,1011.6057559637582,0.1298474121093749,,37.07221221923828,1008.074765625,,58.368015,58.368015,,,,,,300.1176147460937,301.9604797363281,292.0477294921875,0.5666751861572266,,0.0,-1.955737829208374,-2.414653778076172,1.150862455368042,1.4208886623382568,120.47486877441406,2.269227743148804
2026-06-12 20:00:00+00:00,18.100676470061973,,,,4.089154243469238,0.7570899963378905,0.0,1011.6096873392748,0.248360900878906,,40.1560173034668,1008.086953125,,65.66639,65.66639,,,,,,298.7587280273437,299.35455322265625,292.0477294921875,0.7570899963378905,,0.0,-1.888945460319519,-2.362661838531494,1.0104399919509888,1.2652299404144287,118.14334106445312,2.142219305038452
2026-06-12 21:00:00+00:00,18.26830736268058,,,,4.089154243469238,0.7658384323120115,0.0,1011.8729967996576,0.682994384765625,,40.88120269775391,1008.353984375,,68.10535,68.10535,,,,,,298.1989440917969,298.4268493652344,292.0477294921875,0.7658384323120115,,0.0,-1.860198140144348,-2.3513665199279785,0.2183828502893448,0.2734983265399933,96.69573974609376,1.872973084449768
2026-06-12 22:00:00+00:00,18.46832655205329,,,,4.089154243469238,0.705317497253418,0.0,1011.6239800518664,0.4688275146484373,,40.7949333190918,1008.10921875,,71.27246,71.27246,,,,,,297.5799255371094,297.6248474121094,292.0477294921875,0.705317497253418,,0.0,-1.3496201038360596,-1.7319183349609375,0.7974217534065247,1.022111415863037,120.57667541503906,1.567595601081848
2026-06-12 23:00:00+00:00,18.035595825720247,,,,4.089154243469238,0.3406358718872071,0.0,1012.2317200596914,1.0,,42.25209426879883,1008.71265625,,67.85112,67.85112,,,,,,297.3368835449219,297.1084289550781,292.0477294921875,1.0,,0.0,-0.6507694125175476,-1.0488678216934204,0.7506504654884338,1.205495834350586,139.07666015625,0.9934671521186828
2026-06-13 00:00:00+00:00,17.892365970092403,,,,4.089154243469238,0.2276128768920897,0.0,1012.2471082571656,0.7793463134765624,,42.47109603881836,1008.726328125,,64.8436,64.8436,,,,,,297.10699462890625,296.5096435546875,292.0477294921875,0.7793463134765624,,0.0,-0.7451174259185791,-1.262678861618042,1.462122678756714,2.472700357437134,152.99600219726562,1.641037106513977
2026-06-13 00:00:00+00:00,18.645953641080457,,,,4.089154243469238,0.466473388671875,0.0,1013.330106706581,0.1280981445312501,,37.33662033081055,1009.826640625,,83.13435,83.13435,,,,,,294.8238830566406,297.1534118652344,294.9454345703125,0.466473388671875,,0.0,1.344493389129639,1.331570386886597,-0.772308886051178,-0.7530930042266846,299.87408447265625,1.5505236387252808
2026-06-13 01:00:00+00:00,18.337332187654244,,,,4.089154243469238,0.4644172668457031,0.0,1012.6310373999904,0.0572494506835936,,36.64802169799805,1009.128125,,82.57381,82.57381,,,,,,295.0548400878906,295.1421813964844,294.9454345703125,0.4644172668457031,,0.0,1.4820317029953003,1.900840401649475,-1.2582757472991943,-1.6080687046051023,310.3319396972656,1.9441388845443728
2026-06-13 02:00:00+00:00,18.003223989644926,,,,4.089154243469238,0.3135826110839843,0.0,1013.0544567907018,0.0,,34.28001403808594,1009.552109375,,79.438065,79.438065,,,,,,294.87371826171875,294.6716003417969,294.9454345703125,0.3135826110839843,,0.0,0.0912412256002426,0.1202631294727325,-0.2044627368450164,-0.2825244665145874,335.95123291015625,0.2238972336053848
2026-06-13 03:00:00+00:00,17.89668418366345,,,,4.089154243469238,0.2708599090576171,0.0,1013.021968347517,0.0,,32.98206329345703,1009.519921875,,78.74436,78.74436,,,,,,294.49078369140625,294.0879211425781,294.9454345703125,0.2708599090576171,,0.0,0.1505192369222641,0.2042343318462371,0.1651666164398193,0.2269214540719986,222.3434600830078,0.2234637588262558
2026-06-13 04:00:00+00:00,16.899517945512684,,,,4.089154243469238,0.1938249588012695,0.0,1012.6274707530008,0.0,,35.06723403930664,1009.12046875,,69.12247,69.12247,,,,,,294.5314025878906,293.6404724121094,294.9454345703125,0.1938249588012695,,0.0,0.5858421921730042,0.8100254535675049,1.2132360935211182,1.6764947175979614,205.77476501464844,1.3472760915756226
2026-06-13 05:00:00+00:00,16.18196605481561,,,,4.089154243469238,0.2031007766723633,0.0,1012.3161424815312,0.0945346069335939,,35.94818878173828,1008.7940625,,58.313534,58.313534,,,,,,296.1413879394531,294.3581848144531,294.9454345703125,0.2031007766723633,,0.0,2.5373122692108154,4.212460994720459,-1.8269236087799072,-3.039590835571289,305.7547607421875,3.126596212387085
2026-06-13 06:00:00+00:00,16.158259084229936,,,,4.089154243469238,0.0454770088195801,0.0,1012.2315996012215,0.7484326171875,,37.29890060424805,1008.700859375,,55.61866,55.61866,,,,,,297.0767517089844,295.0787048339844,294.9454345703125,0.7484326171875,,0.0,3.007730722427368,4.77009391784668,-1.8391764163970947,-2.91527795791626,301.445068359375,3.5254807472229004
2026-06-13 07:00:00+00:00,16.109371914021494,,,,4.089154243469238,0.0,0.0,1012.5361637300616,0.4588989257812499,,37.05327606201172,1009.0034375,,54.81448,54.81448,,,,,,296.55694580078125,294.7381591796875,294.9454345703125,0.4588989257812499,,0.0,2.498927354812622,4.372673511505127,-1.5833518505096436,-2.7720165252685547,302.3588562011719,2.958317279815674
2026-06-13 08:00:00+00:00,16.06575412692622,,,,4.089154243469238,0.0,0.0,1012.3585441633892,0.6111712646484375,,37.422340393066406,1008.83671875,,58.010452,58.010452,,,,,,295.4061584472656,294.0627746582031,294.9454345703125,0.6111712646484375,,0.0,2.3720924854278564,4.007181167602539,0.3620068728923797,0.6128275394439697,261.322998046875,2.3995566368103027
2026-06-13 09:00:00+00:00,16.00161670079013,,,,4.089154243469238,0.0,0.0,1012.9285897103398,0.227467346191406,,37.44671630859375,1009.405390625,,58.399418,58.399418,,,,,,295.2360534667969,293.9029846191406,294.9454345703125,0.227467346191406,,0.0,2.265761613845825,3.797767639160156,-0.7285845875740051,-1.2242965698242188,287.82586669921875,2.380023241043091
2026-06-13 10:00:00+00:00,15.869059840846136,,,,4.089154243469238,0.0,0.0,1013.5611821913288,0.2663015747070312,,38.303409576416016,1010.030234375,,55.897797,55.897797,,,,,,295.9104919433594,294.48956298828125,294.9454345703125,0.2663015747070312,,0.0,2.226924180984497,3.9614429473876953,-1.1752455234527588,-2.094902515411377,297.82257080078125,2.5180137157440186
2026-06-13 11:00:00+00:00,15.938940712654576,,,,4.089154243469238,0.0,0.0,1014.103621495316,0.4475445556640625,,38.86213302612305,1010.567578125,,55.38033,55.38033,,,,,,298.72381591796875,298.2655029296875,294.9454345703125,0.4475445556640625,,0.0,2.7135469913482666,3.7543535232543945,-1.3247281312942505,-1.8343679904937744,296.0212097167969,3.0196425914764404
2026-06-13 12:00:00+00:00,15.977295911239736,,,,4.089154243469238,0.0110365867614745,0.0,1014.9503257690466,0.8220697021484376,,40.41716766357422,1011.40234375,,53.057655,53.057655,,,,,,300.28131103515625,301.7058410644531,294.9454345703125,0.8220697021484376,,0.0,2.5928399562835693,3.2380614280700684,-1.1640397310256958,-1.4531099796295166,294.1773986816406,2.842148303985596
2026-06-13 13:00:00+00:00,16.527687935516223,,,,4.089154243469238,0.2079706192016601,0.0,1014.3957515940856,1.0,,42.5419921875,1010.833828125,,51.695805,51.695805,,,,,,301.345458984375,303.2892761230469,294.9454345703125,1.0,,0.0,1.1030302047729492,1.3403937816619873,-0.3498163223266601,-0.4226046800613403,287.5959777832031,1.1571719646453855
2026-06-13 14:00:00+00:00,16.29893686555318,,,,4.089154243469238,0.5331544876098633,0.0771020507812498,1014.8113904460284,0.9606970214843747,,43.41199493408203,1011.2340625,,46.852386,46.852386,,,,,,302.7358703613281,304.1390686035156,294.9454345703125,0.9606970214843747,,0.0,3.747537612915039,4.756376266479492,0.1329958438873291,0.1715158522129058,267.9674987792969,3.749896764755249
2026-06-13 15:00:00+00:00,15.880293409016542,,,,4.089154243469238,0.304547119140625,0.2109085083007813,1014.8801710834146,1.0,,44.19939041137695,1011.303203125,,45.065704,45.065704,,,,,,303.2666931152344,305.9148254394531,294.9454345703125,1.0,,0.0,5.932774543762207,7.579985618591309,-0.1193137988448143,-0.1716727912425995,271.1521301269531,5.933974266052246
2026-06-13 16:00:00+00:00,18.102207884932817,,,,4.089154243469238,0.7107046127319334,0.0,1014.663496823701,1.0,,45.30434799194336,1011.11828125,,64.03809,64.03809,,,,,,299.543701171875,301.30889892578125,294.9454345703125,1.0,,0.0,2.400998115539551,3.037036895751953,3.776774883270264,4.794158458709717,212.4452209472656,4.475357055664063
2026-06-13 17:00:00+00:00,18.6313163328824,,,,4.089154243469238,0.3740360260009765,0.3734442138671876,1014.727590741528,0.3462231445312498,,44.27815246582031,1011.181953125,,70.90849,70.90849,,,,,,298.61578369140625,301.2122802734375,294.9454345703125,0.3740360260009765,,0.0,2.3905293941497803,2.9783740043640137,2.512305736541748,3.130519151687622,223.57717895507807,3.4678971767425537
2026-06-13 18:00:00+00:00,17.65652629716747,,,,4.089154243469238,0.2002592086791992,0.5798699951171873,1014.2651499088053,0.4705957031249999,,44.31193542480469,1010.720703125,,66.74937,66.74937,,,,,,298.828369140625,302.4668884277344,294.9454345703125,0.5798699951171873,,0.0,2.685856819152832,3.358015775680542,3.28995418548584,4.112423896789551,219.22755432128903,4.247072696685791
2026-06-13 19:00:00+00:00,16.66994784684871,,,,4.089154243469238,0.0173361778259277,1.0,1015.518671958995,0.1834835815429687,,43.24224090576172,1011.979453125,,66.99936,66.99936,,,,,,297.4774169921875,300.0707702636719,294.9454345703125,1.0,,0.0,2.358060359954834,2.96030068397522,3.519204616546631,4.417557716369629,213.82424926757807,4.236183166503906
2026-06-13 20:00:00+00:00,15.904875932474432,,,,4.089154243469238,0.0271501541137695,1.0,1016.0698605281226,0.4953213500976563,,42.738563537597656,1012.532109375,,66.32271,66.32271,,,,,,296.5254211425781,297.9761962890625,294.9454345703125,1.0,,0.0,2.2943003177642822,2.8873419761657715,2.7202160358428955,3.419561624526977,220.1451416015625,3.558565616607666
2026-06-13 21:00:00+00:00,15.370979603430229,,,,4.089154243469238,0.0675308227539062,1.0,1017.259114959856,0.5507772827148436,,42.218868255615234,1013.718125,,65.49546,65.49546,,,,,,295.9962463378906,296.8899841308594,294.9454345703125,1.0,,0.0,2.677375555038452,3.392998695373535,2.414098262786865,3.059921264648437,227.9600982666016,3.605025768280029
2026-06-13 22:00:00+00:00,15.331408189225204,,,,4.089154243469238,0.0,1.0,1017.824891869571,0.7646405029296877,,40.633907318115234,1014.2809375,,66.14313,66.14313,,,,,,295.7216186523437,296.40106201171875,294.9454345703125,1.0,,0.0,2.7231853008270264,3.4590139389038086,2.083376169204712,2.6450750827789307,232.5821685791016,3.428730726242065
2026-06-13 23:00:00+00:00,15.18364896387156,,,,4.089154243469238,0.0,1.0,1018.3885762367784,0.7202331542968752,,39.85885238647461,1014.8421875,,65.99276,65.99276,,,,,,295.5463256835937,296.06103515625,294.9454345703125,1.0,,0.0,2.087759017944336,2.640642642974853,1.780781626701355,2.2539024353027344,229.53704833984372,2.744070053100586
2026-06-14 00:00:00+00:00,15.271061567676057,,,,4.089154243469238,0.0,1.0,1018.9222152949616,0.7455902099609375,,40.29471206665039,1015.3746875,,66.85883,66.85883,,,,,,295.3728332519531,295.73712158203125,294.9454345703125,1.0,,0.0,1.8718634843826292,2.3728106021881104,1.641926646232605,2.080267429351806,228.74400329589844,2.489938974380493
2026-06-14 00:00:00+00:00,18.233530524897866,,,,4.089154243469238,0.0,1.0,1018.641798719631,0.7409335327148439,,39.76242065429688,1015.0909375,,80.94497,80.94497,,,,,,294.8230895996094,297.1534118652344,295.80181884765625,1.0,,0.0,0.5545319318771362,0.557860255241394,0.9634547233581544,0.9745914340019226,209.92327880859372,1.1116431951522827
2026-06-14 01:00:00+00:00,17.695287064545134,,,,4.089154243469238,0.0,1.0,1017.8973364684346,0.6773910522460938,,38.66936874389648,1014.351953125,,79.61509,79.61509,,,,,,295.0454406738281,295.31610107421875,295.80181884765625,1.0,,0.0,0.6298359632492065,0.7761746048927307,0.7611797451972961,0.9357513189315796,219.60595703125,0.9879716038703918
2026-06-14 02:00:00+00:00,17.814142688496695,,,,4.089154243469238,0.0,1.0,1018.324359070757,0.6459503173828125,,37.39746856689453,1014.7771875,,80.845726,80.845726,,,,,,294.9363708496094,295.23272705078125,295.80181884765625,1.0,,0.0,0.9762490391731262,1.209129810333252,0.6733269691467285,0.8326898813247681,235.40565490722656,1.185930609703064
2026-06-14 03:00:00+00:00,17.8422267857913,,,,4.089154243469238,0.0,1.0,1018.5014094558144,1.0,,37.839481353759766,1014.956796875,,82.66404,82.66404,,,,,,294.63409423828125,294.997802734375,295.80181884765625,1.0,,0.0,1.4186209440231323,1.7656810283660889,0.7236965894699097,0.9016451239585876,242.97201538085935,1.5925520658493042
2026-06-14 04:00:00+00:00,17.77346522410063,,,,4.089154243469238,0.0581718444824219,1.0,1018.5245743440904,1.0,,36.17910385131836,1014.981640625,,83.42616,83.42616,,,,,,294.41339111328125,294.7754211425781,295.80181884765625,1.0,,0.0,1.377982497215271,1.715127944946289,0.7728756070137024,0.9623902440071106,240.7130279541016,1.5799280405044556
2026-06-14 05:00:00+00:00,17.653767604469348,,,,4.089154243469238,0.1927057266235352,1.0,1017.9738033041992,0.7271459960937499,,33.958370208740234,1014.432578125,,83.0702,83.0702,,,,,,294.3312072753906,294.6252746582031,295.80181884765625,1.0,,0.0,1.3707354068756104,1.7070083618164062,0.5066590905189514,0.632519006729126,249.71438598632807,1.461375713348389
2026-06-14 06:00:00+00:00,17.38570215323446,,,,4.089154243469238,0.0432691574096679,1.0,1017.5524581374068,0.502585144042969,,33.5422248840332,1014.015078125,,82.34706,82.34706,,,,,,294.1147155761719,294.207763671875,295.80181884765625,1.0,,0.0,1.1719703674316406,1.4706645011901855,-0.0300266835838556,-0.0386604443192482,271.4676208496094,1.1723549365997314
2026-06-14 07:00:00+00:00,17.25753686905124,,,,4.089154243469238,0.0627470016479492,1.0,1017.9491932733628,0.5110040283203126,,33.2584342956543,1014.410859375,,81.66828,81.66828,,,,,,294.139892578125,294.295654296875,295.80181884765625,1.0,,0.0,1.0303776264190674,1.2795214653015137,-0.1409098654985427,-0.1738785207271576,277.7872009277344,1.0399681329727173
2026-06-14 08:00:00+00:00,17.063050603096645,,,,4.089154243469238,0.2208919525146484,1.0,1018.1540169967352,0.3958981323242185,,33.31025314331055,1014.61609375,,81.049416,81.049416,,,,,,294.0744934082031,294.2581481933594,295.80181884765625,1.0,,0.0,1.3949308395385742,1.747844099998474,0.3377763926982879,0.4232935309410095,256.3880920410156,1.435243844985962
2026-06-14 09:00:00+00:00,17.11087653415909,,,,4.089154243469238,0.2182046890258788,1.0,1018.597919731166,0.1873321533203125,,33.62807083129883,1015.05828125,,81.26911,81.26911,,,,,,294.0494079589844,294.1597900390625,295.80181884765625,1.0,,0.0,1.1010798215866089,1.379425048828125,0.4703676700592041,0.5898030996322632,246.8684234619141,1.1973397731781006
2026-06-14 10:00:00+00:00,17.316442113619633,,,,4.089154243469238,0.0526477813720702,1.0,1019.0572689334228,0.1655020141601562,,33.581172943115234,1015.51296875,,82.33282,82.33282,,,,,,294.09210205078125,294.34002685546875,295.80181884765625,1.0,,0.0,0.6357475519180298,0.771481990814209,0.2145744860172271,0.2617493867874145,251.34967041015625,0.6709822416305542
2026-06-14 11:00:00+00:00,17.07070559711368,,,,4.089154243469238,0.0,0.9846820068359374,1019.2578596272892,0.1276928710937501,,33.461151123046875,1015.708828125,,78.87442,78.87442,,,,,,294.77740478515625,296.26348876953125,295.80181884765625,0.9846820068359374,,0.0,0.0259244572371244,0.0306113753467798,-0.0527654439210891,-0.0626168325543403,333.8344116210937,0.0587900467216968
2026-06-14 12:00:00+00:00,17.346025882632492,,,,4.089154243469238,0.0,0.9697488403320312,1019.6411669156008,0.1567010498046874,,33.4946174621582,1016.086015625,,77.315475,77.315475,,,,,,295.7676696777344,299.0833740234375,295.80181884765625,0.9697488403320312,,0.0,-0.3462885022163391,-0.4141868948936462,-0.6594889760017395,-0.7923874258995056,27.703340530395508,0.7448768019676208
2026-06-14 13:00:00+00:00,17.538819842215986,,,,4.089154243469238,0.0,0.8139596557617188,1018.8630326378856,0.0,,33.34101104736328,1015.30828125,,75.45312,75.45312,,,,,,296.6866455078125,301.86895751953125,295.80181884765625,0.8139596557617188,,0.0,-0.527494490146637,-0.6355196237564087,-1.047773003578186,-1.2596416473388672,26.722671508789062,1.1730637550354004
2026-06-14 14:00:00+00:00,17.135917697848523,,,,4.089154243469238,0.0,0.7291793823242188,1018.4785943368902,0.0,,33.45612335205078,1014.919296875,,68.46893,68.46893,,,,,,298.0209655761719,304.275390625,295.80181884765625,0.7291793823242188,,0.0,-1.269375920295715,-1.5312302112579346,-0.4638823866844177,-0.5592114925384521,69.92560577392578,1.3514814376831057
2026-06-14 15:00:00+00:00,17.470132679765,,,,4.089154243469238,0.0,0.6435797119140627,1017.5711478623044,0.0,,34.24424743652344,1014.0096875,,67.17116,67.17116,,,,,,298.869140625,305.6067199707031,295.80181884765625,0.6435797119140627,,0.0,-1.8413891792297363,-2.2412233352661133,1.1320821046829224,1.3787193298339844,121.58311462402344,2.1615560054779053
2026-06-14 16:00:00+00:00,16.378480361500486,,,,4.089154243469238,0.1723291397094726,0.1949447631835936,1016.8833164443917,0.0,,33.92790222167969,1013.324296875,,60.15826,60.15826,,,,,,299.53961181640625,306.0521850585937,295.80181884765625,0.1949447631835936,,0.0,-2.0436220169067383,-2.497276306152344,1.46015727519989,1.7841730117797852,125.5456085205078,2.511662721633911
2026-06-14 17:00:00+00:00,17.38993165914563,,,,4.089154243469238,0.2856828689575195,0.0161740112304689,1016.1094540987882,0.0,,34.94322967529297,1012.554765625,,64.810524,64.810524,,,,,,299.2894897460937,304.9682922363281,295.80181884765625,0.2856828689575195,,0.0,-2.45877456665039,-3.0115437507629395,0.9820351600646972,1.2025048732757568,111.77178192138672,2.647634029388428
2026-06-14 18:00:00+00:00,17.90223624546111,,,,4.089154243469238,0.3364763259887695,0.015330810546875,1015.1362352880031,0.0,,36.75550842285156,1011.582734375,,66.580795,66.580795,,,,,,299.2362976074219,303.8451232910156,295.80181884765625,0.3364763259887695,,0.0,-2.4715001583099365,-3.036248683929444,1.268393635749817,1.559905767440796,117.1672592163086,2.777973175048828
2026-06-14 19:00:00+00:00,17.988861526414283,,,,4.089154243469238,0.3281169891357423,0.3496127319335937,1015.3757865774312,0.0,,39.972930908203125,1011.82546875,,67.99601,67.99601,,,,,,298.6279602050781,301.2834777832031,295.80181884765625,0.3496127319335937,,0.0,-2.2085208892822266,-2.743229866027832,2.2344181537628174,2.7773470878601074,135.33396911621094,3.141685724258423
2026-06-14 20:00:00+00:00,18.00348526727768,,,,4.089154243469238,0.3039691925048828,0.4843954467773437,1015.2252096523348,0.0764492797851561,,43.13941955566406,1011.688125,,72.15102,72.15102,,,,,,297.3525390625,298.7279663085937,295.80181884765625,0.4843954467773437,,0.0,-2.4578516483306885,-3.102038860321045,2.768753290176392,3.4933643341064453,138.40419006347656,3.702300548553467
2026-06-14 21:00:00+00:00,18.28552886893401,,,,4.089154243469238,0.3343696594238281,0.5667318725585937,1015.913358253808,0.260384826660156,,45.20588684082031,1012.377734375,,75.9428,75.9428,,,,,,296.63427734375,297.4543151855469,295.80181884765625,0.5667318725585937,,0.0,-2.6861572265625,-3.4193897247314453,2.7335762977600098,3.4808969497680664,135.50128173828125,3.83247709274292
2026-06-14 22:00:00+00:00,18.167726607562933,,,,4.089154243469238,0.3568286895751953,0.6549066162109374,1016.1116285294308,0.8245809936523436,,47.47021865844727,1012.578515625,,76.902245,76.902245,,,,,,296.2216796875,296.7860412597656,295.80181884765625,0.8245809936523436,,0.0,-2.332504749298096,-2.9618098735809326,2.0501961708068848,2.6024062633514404,131.31442260742188,3.1054601669311523
2026-06-14 23:00:00+00:00,18.589084272834235,,,,4.089154243469238,0.5321474075317383,0.5298104858398438,1016.5862482911962,1.0,,48.39113998413086,1013.048984375,,78.30342,78.30342,,,,,,296.26007080078125,296.5342102050781,295.80181884765625,1.0,,0.0,-2.038262128829956,-2.590257167816162,1.12728750705719,1.4309873580932615,118.9453582763672,2.3292250633239746
2026-06-15 00:00:00+00:00,17.98685800223497,,,,4.089154243469238,0.3888223648071289,0.6071319580078125,1016.46191482111,0.9170578002929686,,48.10418319702149,1012.932421875,,75.62889,75.62889,,,,,,296.140625,296.2782592773437,295.80181884765625,0.9170578002929686,,0.0,-1.8839359283447263,-2.397676467895508,0.3406479954719543,0.4336138963699341,100.24932098388672,1.9144856929779053
2026-06-15 00:00:00+00:00,19.12073309661216,,,,4.089154243469238,0.2459924697875977,0.5767028808593748,1017.8987731104036,0.539114990234375,,42.73454284667969,1014.366015625,,88.8836,88.8836,,,,,,294.22705078125,297.1534118652344,294.69952392578125,0.5767028808593748,,0.0,-0.7879642844200134,-0.8025156259536743,0.3549201190471649,0.356692373752594,114.2480697631836,0.8642082810401917
2026-06-15 01:00:00+00:00,19.00086419044333,,,,4.089154243469238,0.3725193023681641,0.5915841674804687,1017.315981247636,0.5648721313476561,,44.37277603149414,1013.782109375,,87.06096,87.06096,,,,,,294.9183959960937,295.1230163574219,294.69952392578125,0.5915841674804687,,0.0,-0.1068319156765937,-0.1349102258682251,0.5390260815620422,0.6511717438697815,168.78958129882812,0.5495108366012573
2026-06-15 02:00:00+00:00,18.93441615068336,,,,4.089154243469238,0.3398157119750977,0.7407867431640627,1017.5818525620774,0.544485778808594,,44.99092102050781,1014.049921875,,87.47509,87.47509,,,,,,294.7121276855469,294.739501953125,294.69952392578125,0.7407867431640627,,0.0,0.9736626148223876,1.2269692420959473,-0.3000387847423553,-0.3766982555389404,287.1269226074219,1.0188435316085815
2026-06-15 03:00:00+00:00,18.82111073504697,,,,4.089154243469238,0.4308521270751952,0.7890893554687501,1017.1221743757166,0.6606674194335938,,45.22394180297852,1013.59546875,,87.79808,87.79808,,,,,,294.3439636230469,294.2455444335937,294.69952392578125,0.7890893554687501,,0.0,0.6898459792137146,1.1378569602966309,0.44429412484169,0.7335020303726196,237.2165069580078,0.8205392956733704
2026-06-15 04:00:00+00:00,18.60034603683599,,,,4.089154243469238,0.5965341567993163,0.8233676147460938,1016.3640267098392,0.6157684326171875,,46.489871978759766,1012.84265625,,88.55179,88.55179,,,,,,294.080322265625,293.99090576171875,294.69952392578125,0.8233676147460938,,0.0,1.2303571701049805,1.699035882949829,-0.6004546880722046,-0.8300015926361084,296.0138854980469,1.3690598011016846
2026-06-15 05:00:00+00:00,18.28181231134184,,,,4.089154243469238,0.4931579589843751,0.8178271484374999,1016.5130792281489,0.9777932739257812,,46.62125015258789,1012.994296875,,87.95086,87.95086,,,,,,293.82275390625,293.755859375,294.69952392578125,0.9777932739257812,,0.0,0.5733852386474609,0.9196200966835022,-0.4213525354862213,-0.672558069229126,306.3103332519531,0.7115536332130432
2026-06-15 06:00:00+00:00,18.35204042931293,,,,4.089154243469238,0.2369991302490235,0.7222079467773437,1016.0286364272754,0.7523406982421874,,45.94166946411133,1012.512578125,,88.84102,88.84102,,,,,,293.70562744140625,293.6468811035156,294.69952392578125,0.7523406982421874,,0.0,0.3917545080184936,0.6929391622543335,-0.402420699596405,-0.7202979922294617,315.7694702148437,0.5616173148155212
2026-06-15 07:00:00+00:00,18.42398279477626,,,,4.089154243469238,0.0,0.6952160644531249,1015.9249689375732,0.5245431518554686,,45.02207946777344,1012.406953125,,90.75964,90.75964,,,,,,293.4532775878906,293.3321228027344,294.69952392578125,0.6952160644531249,,0.0,0.9926135540008544,1.4293057918548584,0.8071972727775574,1.1634743213653564,230.88185119628903,1.279394030570984
2026-06-15 08:00:00+00:00,18.466548916477407,,,,4.089154243469238,0.0,0.7809103393554686,1015.9111356750562,0.6085668945312501,,45.12533187866211,1012.391171875,,90.722336,90.722336,,,,,,293.26220703125,293.10845947265625,294.69952392578125,0.7809103393554686,,0.0,0.5176339149475098,0.7653546333312988,0.504677414894104,0.7456845045089722,225.7261199951172,0.7229413390159607
2026-06-15 09:00:00+00:00,18.503868966770117,,,,4.089154243469238,0.0,0.7667138671874998,1016.3405147138512,0.6138037109374999,,44.91020965576172,1012.8225,,92.953224,92.953224,,,,,,293.1046142578125,292.95001220703125,294.69952392578125,0.7667138671874998,,0.0,1.0099931955337524,1.495406150817871,-0.8304829001426697,-1.2309887409210205,309.4292907714844,1.3075886964797974
2026-06-15 10:00:00+00:00,18.48227006629195,,,,4.089154243469238,0.0,0.7368035888671876,1016.8202686963402,0.6343292236328124,,44.36996841430664,1013.3053125,,95.51526,95.51526,,,,,,292.92578125,293.1678161621094,294.69952392578125,0.7368035888671876,,0.0,0.8754140138626099,1.0829700231552124,-0.8272273540496826,-1.0237208604812622,313.37890625,1.2044312953948977
2026-06-15 11:00:00+00:00,18.67385213454701,,,,4.089154243469238,0.0,0.6908636474609375,1017.180725396199,0.7202252197265624,,43.6909065246582,1013.649921875,,88.187195,88.187195,,,,,,294.7049865722656,296.050048828125,294.69952392578125,0.7202252197265624,,0.0,1.4672057628631592,1.7877728939056396,0.0981560796499252,0.1209867596626281,266.172607421875,1.4704854488372805
2026-06-15 12:00:00+00:00,18.1755320568584,,,,4.089154243469238,0.0,0.7859756469726564,1017.8200227513678,0.9410171508789062,,43.56601333618164,1014.276953125,,79.83954,79.83954,,,,,,296.11431884765625,298.9394226074219,294.69952392578125,0.9410171508789062,,0.0,1.6437162160873413,1.997700929641724,0.4338859915733337,0.5276108980178833,255.21311950683597,1.7000176906585691
2026-06-15 13:00:00+00:00,17.309447766000076,,,,4.089154243469238,0.0,0.7890902709960939,1017.2418719714286,0.8475369262695311,,43.17028427124024,1013.686171875,,67.894035,67.894035,,,,,,298.1155090332031,302.281005859375,294.69952392578125,0.8475369262695311,,0.0,1.6722229719161987,2.0366618633270264,0.7678146362304688,0.9352631568908693,245.33740234375,1.840073108673096
2026-06-15 14:00:00+00:00,17.619836147178663,,,,4.089154243469238,0.0,0.7909182739257812,1017.1865702408317,0.860626220703125,,43.44318389892578,1013.62046875,,65.96818,65.96818,,,,,,299.179931640625,304.78759765625,294.69952392578125,0.860626220703125,,0.0,1.54328191280365,1.8814918994903564,1.3598854541778564,1.6589009761810305,228.61463928222656,2.056941270828247
2026-06-15 15:00:00+00:00,17.907023804772948,,,,4.089154243469238,0.0,1.0,1016.3752444602678,0.91608154296875,,43.20773315429688,1012.80453125,,64.51569,64.51569,,,,,,299.7192687988281,304.0513000488281,294.69952392578125,1.0,,0.0,1.0713212490081787,1.3200316429138184,2.3139772415161133,2.8473267555236816,204.84310913085935,2.549945116043091
2026-06-15 16:00:00+00:00,18.247468490668112,,,,4.089154243469238,0.0,1.0,1016.1017750876324,1.0,,42.83654022216797,1012.535703125,,67.27766,67.27766,,,,,,299.2825927734375,302.8206787109375,294.69952392578125,1.0,,0.0,1.9587479829788208,2.432347536087036,2.6716525554656982,3.3141770362854004,216.2473602294922,3.3127663135528564
2026-06-15 17:00:00+00:00,18.24772274116494,,,,4.089154243469238,0.0,1.0,1015.8266440302044,1.0,,43.03821563720703,1012.26234375,,68.56499,68.56499,,,,,,298.90478515625,302.0792236328125,294.69952392578125,1.0,,0.0,0.9661690592765808,1.191213846206665,3.539483070373535,4.4212422370910645,195.26800537109372,3.668981313705444
2026-06-15 18:00:00+00:00,19.181272475194167,,,,4.089154243469238,0.0,1.0,1015.6730770581594,0.984385986328125,,42.829986572265625,1012.1225,,81.6896,81.6896,,,,,,296.7432556152344,298.8214416503906,294.69952392578125,1.0,,0.0,-2.186851978302002,-2.77602767944336,4.742395401000977,6.026365280151367,155.24424743652344,5.222321033477783
2026-06-15 19:00:00+00:00,18.91673142511232,,,,4.089154243469238,0.0,1.0,1016.3082500132764,0.9325082397460936,,41.45933151245117,1012.7603125,,82.28478,82.28478,,,,,,296.2951354980469,298.18865966796875,294.69952392578125,1.0,,0.0,-3.635642290115357,-4.635333061218262,4.319097995758057,5.509320259094238,139.91067504882812,5.645573616027832
2026-06-15 20:00:00+00:00,19.043441560479728,,,,4.089154243469238,0.0,0.9053527832031252,1016.5537077002948,0.7584396362304688,,40.92594528198242,1013.00765625,,84.5156,84.5156,,,,,,295.6861877441406,296.59881591796875,294.69952392578125,0.9053527832031252,,0.0,-4.157086849212647,-5.352350234985352,4.288321971893311,5.521552085876465,135.8902587890625,5.972527027130127
2026-06-15 21:00:00+00:00,18.869814017215884,,,,4.089154243469238,0.0,1.0,1017.4880565658964,0.8185720825195313,,40.68569946289063,1013.9384375,,83.63903,83.63903,,,,,,295.5348205566406,295.9947509765625,294.69952392578125,1.0,,0.0,-3.708109855651856,-4.780491828918457,2.977320671081543,3.837303638458252,128.76171875,4.755472183227539
2026-06-15 22:00:00+00:00,18.753538932680677,,,,4.089154243469238,0.0,1.0,1017.7035975306832,0.933807678222656,,40.21592330932617,1014.151484375,,83.153404,83.153404,,,,,,295.4189147949219,295.6329650878906,294.69952392578125,1.0,,0.0,-3.390831232070923,-4.375603675842285,2.234790802001953,2.8911807537078857,123.38762664794922,4.061037540435791
2026-06-15 23:00:00+00:00,18.758942867099588,,,,4.089154243469238,0.0115820884704589,1.0,1018.307823908244,1.0,,40.16918182373047,1014.75203125,,83.01265,83.01265,,,,,,295.4316101074219,295.5850830078125,294.69952392578125,1.0,,0.0,-2.524726629257202,-3.254513740539551,1.9323182106018064,2.493017673492432,127.42890167236328,3.179323434829712
2026-06-16 00:00:00+00:00,19.016938191849835,,,,4.089154243469238,0.0301432609558105,1.0,1018.9678547557546,1.0,,40.183876037597656,1015.41265625,,86.327965,86.327965,,,,,,295.0623779296875,295.2050476074219,294.69952392578125,1.0,,0.0,-1.4185446500778198,-1.815300464630127,2.277461051940918,2.933232069015503,148.08277893066406,2.6831133365631104
2026-06-16 00:00:00+00:00,20.11341634799202,,,,4.089154243469238,0.1962688446044922,1.0,1018.8598170810671,1.0,,44.08421325683594,1015.315859375,,98.55535,98.55535,,,,,,293.5769958496094,297.1534118652344,294.0417175292969,1.0,,0.0,0.5902122259140015,0.5829719305038452,1.4284980297088623,1.3934574127197266,202.4489288330078,1.54562509059906
2026-06-16 01:00:00+00:00,19.126955017395357,,,,4.089154243469238,0.3034456253051758,1.0,1017.92787817091,1.0,,42.455867767333984,1014.38703125,,91.97927,91.97927,,,,,,294.2498779296875,294.6390075683594,294.0417175292969,1.0,,0.0,0.1945840567350387,0.2454091012477874,1.7960690259933472,2.2465925216674805,186.1832427978516,1.8065787553787231
2026-06-16 02:00:00+00:00,18.8739212661996,,,,4.089154243469238,0.2565015792846679,1.0,1018.6796443435628,1.0,,43.10515594482422,1015.13984375,,90.76741,90.76741,,,,,,294.1715393066406,294.47393798828125,294.0417175292969,1.0,,0.0,0.6779050827026367,0.8508875370025635,1.744312763214111,2.1964640617370605,201.2379913330078,1.8714118003845213
2026-06-16 03:00:00+00:00,19.278370682526344,,,,4.089154243469238,0.2755807876586913,1.0,1018.380555823602,0.9807037353515624,,41.93083190917969,1014.839921875,,94.55486,94.55486,,,,,,293.9691772460937,294.38885498046875,294.0417175292969,1.0,,0.0,0.2766834497451782,0.3466224074363708,1.6874020099639893,2.103737592697144,189.3119354248047,1.709935426712036
2026-06-16 04:00:00+00:00,18.74502130933029,,,,4.089154243469238,0.2153255462646484,1.0,1017.9715022844484,1.0,,41.37384796142578,1014.429921875,,89.06408,89.06408,,,,,,294.2666931152344,294.38055419921875,294.0417175292969,1.0,,0.0,-0.1770592480897903,-0.2221195995807647,1.6673219203948977,2.1168651580810547,173.93826293945312,1.6766968965530396
2026-06-16 05:00:00+00:00,18.518363644862703,,,,4.089154243469238,0.1116615295410157,1.0,1017.2413743450402,1.0,,40.63793563842773,1013.70453125,,89.12273,89.12273,,,,,,294.0755310058594,294.3225402832031,294.0417175292969,1.0,,0.0,0.8289273977279663,1.0318385362625122,1.04669988155365,1.299830675125122,218.3772430419922,1.3351783752441406
2026-06-16 06:00:00+00:00,18.28188567956252,,,,4.089154243469238,0.0855803489685058,1.0,1016.7872796868654,1.0,,40.29249954223633,1013.25140625,,87.11315,87.11315,,,,,,294.1394348144531,294.2367248535156,294.0417175292969,1.0,,0.0,0.7083830237388611,0.8867157697677612,0.6247022747993469,0.77675461769104,228.5918731689453,0.9444890022277832
2026-06-16 07:00:00+00:00,18.48321871198003,,,,4.089154243469238,0.1153326034545898,1.0,1017.2691454817548,1.0,,39.40052795410156,1013.7296875,,88.3481,88.3481,,,,,,294.1427917480469,294.2828063964844,294.0417175292969,1.0,,0.0,1.576975703239441,2.0020673274993896,0.3287892639636993,0.4170799255371094,258.222900390625,1.6108863353729248
2026-06-16 08:00:00+00:00,18.489438030138203,,,,4.089154243469238,0.2112552642822265,1.0,1016.9713969261624,1.0,,39.80118179321289,1013.434296875,,88.6147,88.6147,,,,,,294.0918273925781,294.2205810546875,294.0417175292969,1.0,,0.0,1.356970191001892,1.7078814506530762,0.8257110118865967,1.0466973781585691,238.67965698242188,1.58844792842865
2026-06-16 09:00:00+00:00,18.53035562817361,,,,4.089154243469238,0.1748800277709961,1.0,1017.6103629013852,1.0,,39.250370025634766,1014.07015625,,89.63621,89.63621,,,,,,293.96649169921875,294.1340637207031,294.0417175292969,1.0,,0.0,1.5315065383911133,1.9364135265350344,0.9764975905418396,1.2301275730133057,237.47817993164065,1.816331386566162
2026-06-16 10:00:00+00:00,18.593753752027784,,,,4.089154243469238,0.2891574859619141,1.0,1017.9270529443472,1.0,,38.1008415222168,1014.385234375,,89.469185,89.469185,,,,,,294.0389709472656,294.1575012207031,294.0417175292969,1.0,,0.0,2.211797952651977,2.8338727951049805,0.8370296955108643,1.0761951208114624,249.27142333984372,2.364882469177246
2026-06-16 11:00:00+00:00,18.439449123358067,,,,4.089154243469238,0.2613431930541992,1.0,1018.4076769528896,1.0,,37.7139892578125,1014.861328125,,88.187485,88.187485,,,,,,294.2919311523437,294.87652587890625,294.0417175292969,1.0,,0.0,2.50982403755188,3.1651997566223145,0.9920074343681335,1.250774383544922,248.43359375,2.698758125305176
2026-06-16 12:00:00+00:00,17.24454269256305,,,,4.089154243469238,0.2834598541259765,1.0,1019.001194529716,1.0,,36.99247741699219,1015.453125,,79.378204,79.378204,,,,,,294.8800354003906,295.8993225097656,294.0417175292969,1.0,,0.0,2.256307363510132,2.804842472076416,0.4419986009597778,0.5486546754837036,258.9164123535156,2.299192428588867
2026-06-16 13:00:00+00:00,17.687887032468105,,,,4.089154243469238,0.2399921417236328,1.0,1018.6254125065932,1.0,,36.935333251953125,1015.076875,,81.496895,81.496895,,,,,,295.0362243652344,296.4580078125,294.0417175292969,1.0,,0.0,2.7373878955841064,3.409109115600586,0.0952793881297111,0.1216360628604888,268.00653076171875,2.7390456199646
2026-06-16 14:00:00+00:00,17.441080016808954,,,,4.089154243469238,0.1538030624389648,1.0,1018.824538938556,0.9963223266601564,,36.12919616699219,1015.271328125,,78.30055,78.30055,,,,,,295.57440185546875,297.67236328125,294.0417175292969,1.0,,0.0,2.1629552841186523,2.66298508644104,0.717052698135376,0.880195140838623,251.6588592529297,2.278714656829834
2026-06-16 15:00:00+00:00,16.24885483741114,,,,4.089154243469238,0.0552870750427245,1.0,1017.97740180068,0.9685479736328126,,34.70023727416992,1014.421953125,,68.44315,68.44315,,,,,,296.8147277832031,300.3313293457031,294.0417175292969,1.0,,0.0,2.0054845809936523,2.464054107666016,1.6074904203414917,1.9747661352157595,231.2861785888672,2.5702128410339355
2026-06-16 16:00:00+00:00,17.103383953166272,,,,4.089154243469238,0.0748422622680664,1.0,1017.5575466879504,0.9057015991210936,,34.072513580322266,1014.000390625,,72.5967,72.5967,,,,,,297.00006103515625,301.9046936035156,294.0417175292969,1.0,,0.0,-1.9387707710266116,-2.371599674224853,1.689073920249939,2.0670108795166016,131.0626678466797,2.571342706680298
2026-06-16 17:00:00+00:00,17.018288865981265,,,,4.089154243469238,0.1088678359985351,1.0,1017.1114045736113,1.0,,34.02897644042969,1013.556015625,,71.476875,71.476875,,,,,,296.8588256835937,300.1137084960937,294.0417175292969,1.0,,0.0,-1.6774027347564695,-2.059699296951294,1.646181583404541,2.0231411457061768,134.4617919921875,2.3502326011657715
2026-06-16 18:00:00+00:00,17.291555025991666,,,,4.089154243469238,0.0,1.0,1016.8577652298476,1.0,,33.95790481567383,1013.30890625,,75.12993,75.12993,,,,,,296.20806884765625,298.6769714355469,294.0417175292969,1.0,,0.0,-2.205202102661133,-2.7349085807800293,2.058265924453736,2.552412748336792,133.02613830566406,3.016516923904419
2026-06-16 19:00:00+00:00,17.988555177391856,,,,4.089154243469238,0.0,1.0,1017.4364958135744,1.0,,34.32909393310547,1013.8846875,,80.30845,80.30845,,,,,,295.717529296875,297.6121826171875,294.0417175292969,1.0,,0.0,-2.149399995803833,-2.672971248626709,2.0437631607055664,2.5412819385528564,133.55686950683594,2.9659547805786133
2026-06-16 20:00:00+00:00,18.489145627800166,,,,4.089154243469238,0.0,1.0,1017.4887612121298,1.0,,35.17526626586914,1013.94078125,,84.28394,84.28394,,,,,,295.2181396484375,296.2444763183594,294.0417175292969,1.0,,0.0,-2.314803123474121,-2.90984320640564,2.0639841556549072,2.603822469711304,131.72164916992188,3.1013455390930176
2026-06-16 21:00:00+00:00,18.37040702153994,,,,4.089154243469238,0.0,1.0,1018.41027876692,0.934071350097656,,34.23557662963867,1014.860625,,85.6736,85.6736,,,,,,294.74462890625,295.49957275390625,294.0417175292969,1.0,,0.0,-1.9082517623901367,-2.403965473175049,2.2374579906463623,2.8201749324798584,139.54026794433594,2.940687417984009
2026-06-16 22:00:00+00:00,18.793282479856398,,,,4.089154243469238,0.0,1.0,1018.7558438434564,0.8951824951171874,,34.13569641113281,1015.21125,,92.80535,92.80535,,,,,,293.9541320800781,294.9045715332031,294.0417175292969,1.0,,0.0,-2.5890085697174072,-3.268070697784424,2.2257730960845947,2.8052611351013184,130.68568420410156,3.4142394065856934
2026-06-16 23:00:00+00:00,18.20576841632109,,,,4.089154243469238,0.0,1.0,1019.2282027004488,1.0,,33.13505172729492,1015.68125,,87.43927,87.43927,,,,,,294.1135559082031,294.5126953125,294.0417175292969,1.0,,0.0,-3.246144294738769,-4.170186996459961,2.2905802726745605,2.937781810760498,125.2079849243164,3.972934722900391
2026-06-17 00:00:00+00:00,18.50152804152373,,,,4.089154243469238,0.0,1.0,1019.7888805673246,0.9030987548828128,,33.150001525878906,1016.239765625,,90.64621,90.64621,,,,,,293.8992614746094,294.4472351074219,294.0417175292969,1.0,,0.0,-2.9653780460357666,-3.753995656967163,0.5169702768325806,0.6525834798812866,99.88928985595705,3.010103940963745
2026-06-17 00:00:00+00:00,18.23431438578494,,,,4.089154243469238,0.0,0.9894024658203128,1020.538889031507,0.9268576049804688,,28.58405113220215,1016.994609375,,95.86543,95.86543,,,,,,292.1024475097656,297.1534118652344,292.4300537109375,0.9894024658203128,,0.0,-0.5720145106315613,-0.5771503448486328,1.1696398258209229,1.1356371641159058,153.93896484375,1.3020206689834597
2026-06-17 01:00:00+00:00,17.94684100405081,,,,4.089154243469238,0.0,1.0,1019.740280570137,0.6963153076171875,,27.796222686767575,1016.1953125,,93.623856,93.623856,,,,,,292.60675048828125,292.634521484375,292.4300537109375,1.0,,0.0,-0.0812394842505455,-0.1003823280334472,0.6986325979232788,0.8691522479057312,173.3672332763672,0.7033401727676392
2026-06-17 02:00:00+00:00,17.37537565084816,,,,4.089154243469238,0.0,1.0,1020.1236768718944,0.2952648925781251,,27.22491455078125,1016.57796875,,88.84289,88.84289,,,,,,292.8643798828125,292.9115600585937,292.4300537109375,1.0,,0.0,0.1296898424625396,0.1616670936346054,0.9301431179046632,1.1667335033416748,187.9375762939453,0.9391409158706664
2026-06-17 03:00:00+00:00,16.956806403220963,,,,4.089154243469238,0.0,0.97945068359375,1019.7999769328798,0.1782659912109374,,26.340415954589844,1016.258359375,,87.2152,87.2152,,,,,,292.6827697753906,292.6583251953125,292.4300537109375,0.97945068359375,,0.0,0.4963343143463135,0.6677359342575073,0.5812572836875916,0.7805202603340149,220.4939422607422,0.7643348574638367
2026-06-17 04:00:00+00:00,16.86717538569053,,,,4.089154243469238,0.0,1.0,1019.5536129885868,0.3059368896484375,,26.07398223876953,1016.0140625,,87.53285,87.53285,,,,,,292.26983642578125,292.15338134765625,292.4300537109375,1.0,,0.0,0.5423462986946106,0.8221282958984375,0.3809228539466858,0.5770772099494934,234.91729736328125,0.662753164768219
2026-06-17 05:00:00+00:00,16.782041909632213,,,,4.089154243469238,0.0,0.8554464721679689,1019.1045859433034,0.5260449218750001,,25.985509872436523,1015.568984375,,87.2111,87.2111,,,,,,292.2314147949219,292.0872802734375,292.4300537109375,0.8554464721679689,,0.0,0.3026053607463836,0.4117296934127807,-0.3187623023986816,-0.4349181950092315,316.4894714355469,0.4395217895507812
2026-06-17 06:00:00+00:00,16.81467121936111,,,,4.089154243469238,0.0,0.8565325927734375,1019.0813065722896,0.3457754516601561,,25.544397354125977,1015.547890625,,89.50354,89.50354,,,,,,291.8182678222656,291.6742858886719,292.4300537109375,0.8565325927734375,,0.0,0.8655676245689392,1.5347514152526855,-0.1983843445777893,-0.3523536920547485,282.90899658203125,0.88801109790802
2026-06-17 07:00:00+00:00,16.530019085360728,,,,4.089154243469238,0.0,0.93723388671875,1019.1718001044215,0.3021862792968748,,25.53697967529297,1015.640234375,,89.59181,89.59181,,,,,,291.6449279785156,291.5589294433594,292.4300537109375,0.93723388671875,,0.0,0.641766369342804,1.1295199394226074,-0.288518875837326,-0.5097911953926086,294.2072448730469,0.7036385536193848
2026-06-17 08:00:00+00:00,16.534153734354057,,,,4.089154243469238,0.0,0.9280358886718753,1019.1045723333366,0.7552230834960936,,26.723369598388672,1015.5753125,,90.67626,90.67626,,,,,,291.498779296875,291.3795471191406,292.4300537109375,0.9280358886718753,,0.0,0.9797031879425048,1.4863455295562744,-0.4444828629493713,-0.6746232509613037,294.40338134765625,1.075817584991455
2026-06-17 09:00:00+00:00,16.822643751513016,,,,4.089154243469238,0.0,1.0,1019.6958197174656,1.0,,27.159744262695312,1016.16390625,,92.632,92.632,,,,,,291.66705322265625,291.7835998535156,292.4300537109375,1.0,,0.0,1.0311769247055054,1.286790370941162,-0.3284004628658294,-0.4078067541122436,287.6651916503906,1.0822073221206665
2026-06-17 10:00:00+00:00,16.542456376449497,,,,4.089154243469238,0.0,1.0,1020.3614739980052,0.8588128662109376,,26.80759620666504,1016.824609375,,89.85532,89.85532,,,,,,291.8139038085937,291.8323059082031,292.4300537109375,1.0,,0.0,1.793075442314148,2.310287952423096,-0.3865077793598175,-0.4971916079521179,282.164306640625,1.8342595100402832
2026-06-17 11:00:00+00:00,16.533690194636765,,,,4.089154243469238,0.0,1.0,1020.8123309539192,0.7672415161132813,,27.03749656677246,1017.271171875,,87.09232,87.09232,,,,,,292.729248046875,294.1734619140625,292.4300537109375,1.0,,0.0,1.3550688028335571,1.6511833667755127,-0.7860555648803711,-0.9568802118301392,300.1174011230469,1.5665550231933594
2026-06-17 12:00:00+00:00,16.084969080513158,,,,4.089154243469238,0.0,0.9379339599609376,1021.698920167608,0.6402975463867189,,27.69161796569824,1018.143671875,,79.10506,79.10506,,,,,,294.021728515625,296.59674072265625,292.4300537109375,0.9379339599609376,,0.0,1.3724100589752195,1.6678813695907593,-0.4103725254535675,-0.4935173988342285,286.6474914550781,1.4324506521224976
2026-06-17 13:00:00+00:00,15.483019169610392,,,,4.089154243469238,0.0,0.8856210327148437,1021.2343944004476,0.7838900756835936,,26.938461303710938,1017.675390625,,72.0119,72.0119,,,,,,295.31768798828125,299.88311767578125,292.4300537109375,0.8856210327148437,,0.0,2.141721248626709,2.60915207862854,-0.3947157859802246,-0.4787863492965698,280.4423522949219,2.1777901649475098
2026-06-17 14:00:00+00:00,14.787810463382602,,,,4.089154243469238,0.0,0.7768118286132815,1021.3595955648,0.7572836303710937,,25.65104866027832,1017.79328125,,64.8665,64.8665,,,,,,296.4130249023437,301.93603515625,292.4300537109375,0.7768118286132815,,0.0,2.0534846782684326,2.494835138320923,0.0645698308944702,0.0747688710689544,268.198974609375,2.054499626159668
2026-06-17 15:00:00+00:00,14.345239477466876,,,,4.089154243469238,0.0,0.8606768798828126,1020.6829795834582,0.6448501586914062,,25.237993240356445,1017.114140625,,60.210297,60.210297,,,,,,297.2411193847656,303.7499084472656,292.4300537109375,0.8606768798828126,,0.0,1.2491265535354614,1.5124318599700928,0.7797272801399231,0.9446827173233032,238.0268402099609,1.4725120067596436
2026-06-17 16:00:00+00:00,16.095107677145283,,,,4.089154243469238,0.0,1.0,1020.5548891235068,1.0,,27.079206466674805,1016.993984375,,72.6661,72.6661,,,,,,296.2334899902344,302.51177978515625,292.4300537109375,1.0,,0.0,-0.1447885483503341,-0.1886630058288574,3.8309011459350586,4.711475372314453,177.83554077148438,3.833636283874512
2026-06-17 17:00:00+00:00,14.250368196033042,,,,4.089154243469238,0.0,1.0,1019.9884356657512,0.1614816284179685,,24.617151260375977,1016.4184375,,58.67049,58.67049,,,,,,297.189208984375,300.4023132324219,292.4300537109375,1.0,,0.0,1.4870600700378418,1.854753017425537,3.125886917114258,3.893099784851074,205.44155883789065,3.461577177047729
2026-06-17 18:00:00+00:00,14.54059989566584,,,,4.089154243469238,0.0,0.6750155639648439,1019.7397813168072,0.2521603393554685,,23.582077026367188,1016.1746875,,60.920696,60.920696,,,,,,297.0633544921875,301.06365966796875,292.4300537109375,0.6750155639648439,,0.0,1.9791568517684937,2.46658992767334,3.4315338134765625,4.2733154296875,209.9744415283203,3.961374282836914
2026-06-17 19:00:00+00:00,15.616610042017308,,,,4.089154243469238,0.0,0.7943933105468748,1020.457831976488,0.0731359863281251,,24.261098861694336,1016.893828125,,68.358955,68.358955,,,,,,296.07672119140625,298.8574523925781,292.4300537109375,0.7943933105468748,,0.0,2.0462114810943604,2.570833206176758,3.905698537826538,4.90758752822876,207.6502227783203,4.409247398376465
2026-06-17 20:00:00+00:00,15.384574984184216,,,,4.089154243469238,0.0,0.8570394897460938,1020.6906918707364,0.5330334472656251,,24.880577087402344,1017.13359375,,70.42764,70.42764,,,,,,294.9422302246094,296.20391845703125,292.4300537109375,0.8570394897460938,,0.0,2.0551252365112305,2.608928680419922,3.812203884124756,4.838947772979736,208.32872009277344,4.330870151519775
2026-06-17 21:00:00+00:00,15.19061352089371,,,,4.089154243469238,0.0,1.0,1021.6493704603208,0.8760858154296876,,24.37318229675293,1018.09296875,,71.19144,71.19144,,,,,,294.37847900390625,295.0512084960937,292.4300537109375,1.0,,0.0,1.908150315284729,2.4289917945861816,3.205410957336426,4.080630302429199,210.7649383544922,3.730374813079834
2026-06-17 22:00:00+00:00,14.62425320360424,,,,4.089154243469238,0.0,1.0,1022.1074089107352,0.8117739868164064,,23.29033851623535,1018.55,,69.13673,69.13673,,,,,,294.2326354980469,294.837646484375,292.4300537109375,1.0,,0.0,1.397582769393921,1.762969732284546,2.4070427417755127,3.037195205688477,210.14041137695312,2.783360004425049
2026-06-17 23:00:00+00:00,14.372562073279902,,,,4.089154243469238,0.0,0.7555523681640626,1022.7608467531298,0.2256719970703127,,22.560794830322266,1019.201484375,,68.846596,68.846596,,,,,,293.8019714355469,293.822021484375,292.4300537109375,0.7555523681640626,,0.0,1.0885828733444214,1.405935764312744,1.6134296655654907,2.0833802223205566,214.0075836181641,1.9463216066360476
2026-06-18 00:00:00+00:00,15.193652253121046,,,,4.089154243469238,0.0,0.3674649047851561,1023.3762421760788,0.0284124755859376,,22.02021598815918,1019.814609375,,74.42678,74.42678,,,,,,293.3529357910156,293.2754821777344,292.4300537109375,0.3674649047851561,,0.0,1.103387713432312,1.4751232862472534,1.4210084676742554,1.899137616157532,217.8287048339844,1.799091339111328
2026-06-18 00:00:00+00:00,16.02895672488409,,,,4.089154243469238,0.0,0.810738525390625,1023.5452412170029,0.0,,21.74971008300781,1019.9953125,,86.97057,86.97057,,,,,,291.390380859375,297.1534118652344,291.7793884277344,0.810738525390625,,0.0,1.3836818933486938,1.3919973373413086,1.0799747705459597,1.0515384674072266,232.02767944335935,1.7552552223205566
2026-06-18 01:00:00+00:00,15.66115671775418,,,,4.089154243469238,0.0,0.9082046508789064,1023.4456759074476,0.0,,21.241846084594727,1019.890078125,,83.19195,83.19195,,,,,,291.9853820800781,291.89434814453125,291.7793884277344,0.9082046508789064,,0.0,0.8559300303459167,1.326385498046875,0.2853723764419555,0.4423858523368835,251.5612945556641,0.9022492170333862
2026-06-18 02:00:00+00:00,14.666549488772135,,,,4.089154243469238,0.0,0.6357653808593748,1023.609848595982,0.0,,19.62175750732422,1020.056484375,,78.28871,78.28871,,,,,,291.6158447265625,291.43902587890625,291.7793884277344,0.6357653808593748,,0.0,0.859732985496521,1.337984561920166,0.0570208020508289,0.0855990499258041,266.2054748535156,0.8616218566894531
2026-06-18 03:00:00+00:00,14.784385837122487,,,,4.089154243469238,0.0,0.2821466064453126,1023.6212938090764,0.0,,18.546979904174805,1020.0678125,,79.904274,79.904274,,,,,,291.261474609375,291.0193176269531,291.7793884277344,0.2821466064453126,,0.0,0.458084762096405,0.7603756189346313,-0.96880841255188,-1.6067277193069458,334.69366455078125,1.0716489553451538
2026-06-18 04:00:00+00:00,13.680525654136362,,,,4.089154243469238,0.0,0.1988082885742188,1023.4329971157368,0.0,,17.257530212402344,1019.878984375,,73.011986,73.011986,,,,,,291.11297607421875,290.67926025390625,291.7793884277344,0.1988082885742188,,0.0,0.5185739994049072,0.7909473776817322,-1.1898417472839355,-1.8197650909423828,336.4507751464844,1.2979377508163452
2026-06-18 05:00:00+00:00,15.328055254062336,,,,4.089154243469238,0.0,0.2831134033203124,1023.596628292932,0.0,,16.502717971801758,1020.0496875,,89.07983,89.07983,,,,,,290.39208984375,290.2621459960937,291.7793884277344,0.2831134033203124,,0.0,0.4807861447334289,0.7029339075088501,-0.4507193565368652,-0.6597226858139038,313.1512756347656,0.6590169072151184
2026-06-18 06:00:00+00:00,14.86184255015672,,,,4.089154243469238,0.0,0.4095123291015623,1023.1868808156892,0.0,,16.16691017150879,1019.6459375,,88.91155,88.91155,,,,,,290.0267028808594,289.9264831542969,291.7793884277344,0.4095123291015623,,0.0,0.2817593514919281,0.4938623905181885,-0.7182910442352295,-1.258492350578308,338.58172607421875,0.7715765237808228
2026-06-18 07:00:00+00:00,14.434282217614586,,,,4.089154243469238,0.0,0.821188659667969,1023.4798748045918,0.0,,16.889633178710938,1019.937421875,,86.1102,86.1102,,,,,,289.8847045898437,289.7015075683594,291.7793884277344,0.821188659667969,,0.0,0.7847978472709656,1.3788385391235352,-0.5983631014823914,-1.052276611328125,307.32342529296875,0.9868870377540588
2026-06-18 08:00:00+00:00,13.770905346896548,,,,4.089154243469238,0.0,0.4738534545898436,1023.504285061402,0.0,,16.558977127075195,1019.9653125,,82.95839,82.95839,,,,,,289.9493713378906,289.6668395996094,291.7793884277344,0.4738534545898436,,0.0,1.423312067985535,2.0522375106811523,-1.2227520942687988,-1.7630842924118042,310.66552734375,1.876416802406311
2026-06-18 09:00:00+00:00,13.479927361129713,,,,4.089154243469238,0.0,0.6943392944335938,1023.697212915304,0.0,,16.87796401977539,1020.1578125,,80.868416,80.868416,,,,,,289.9966125488281,289.5906677246094,291.7793884277344,0.6943392944335938,,0.0,1.755030393600464,2.470336437225342,-1.6958993673324585,-2.387474298477173,314.0183410644531,2.4405341148376465
2026-06-18 10:00:00+00:00,13.139145058682422,,,,4.089154243469238,0.0,0.7055096435546875,1024.4395178303432,0.0,,17.379281997680664,1020.903359375,,81.34569,81.34569,,,,,,289.850341796875,289.8336181640625,291.7793884277344,0.7055096435546875,,0.0,1.2325226068496704,1.6030683517456057,-1.314118504524231,-1.7064316272735596,316.8351745605469,1.801671266555786
2026-06-18 11:00:00+00:00,13.000873967383308,,,,4.089154243469238,0.0,0.4506481933593749,1024.9964516123896,0.0,,17.483150482177734,1021.447265625,,74.22046,74.22046,,,,,,291.546630859375,292.68280029296875,291.7793884277344,0.4506481933593749,,0.0,1.845814108848572,2.2865090370178223,-1.362900733947754,-1.6876749992370603,306.4411926269531,2.2944560050964355
2026-06-18 12:00:00+00:00,13.429075091754536,,,,4.089154243469238,0.0,0.3229879760742187,1025.8042962928705,0.0,,18.888540267944336,1022.239453125,,69.974335,69.974335,,,,,,293.286376953125,295.9769897460937,291.7793884277344,0.3229879760742187,,0.0,2.031662702560425,2.4900012016296387,-0.9435279369354248,-1.15588116645813,294.91070556640625,2.2400665283203125
2026-06-18 13:00:00+00:00,12.754844746989797,,,,4.089154243469238,0.0,0.5350665283203124,1025.0709160280148,0.0,,18.009017944335938,1021.498828125,,62.852898,62.852898,,,,,,294.5824890136719,298.93951416015625,291.7793884277344,0.5350665283203124,,0.0,1.842236876487732,2.246654748916626,-0.960369884967804,-1.1701185703277588,297.5333251953125,2.0775339603424072
2026-06-18 14:00:00+00:00,12.076877487943133,,,,4.089154243469238,0.0,0.95835205078125,1024.9068877174543,0.0,,20.84915542602539,1021.33046875,,56.18445,56.18445,,,,,,295.7962646484375,301.46630859375,291.7793884277344,0.95835205078125,,0.0,1.236218810081482,1.4998708963394165,-0.3344300091266632,-0.3987720012664795,285.1376953125,1.2806562185287476
2026-06-18 15:00:00+00:00,12.09947110365001,,,,4.089154243469238,0.0,1.0,1024.0933492192023,0.5722860717773437,,22.349687576293945,1020.516953125,,53.597607,53.597607,,,,,,296.4896240234375,301.445068359375,291.7793884277344,1.0,,0.0,0.2799069881439209,0.3347141444683075,1.1785414218902588,1.45712149143219,193.36038208007807,1.2113248109817505
2026-06-18 16:00:00+00:00,13.596993844636902,,,,4.089154243469238,0.0,1.0,1024.1349674444882,1.0,,23.10482788085937,1020.56828125,,64.94541,64.94541,,,,,,294.57586669921875,297.3793640136719,291.7793884277344,1.0,,0.0,-0.5519290566444397,-0.6595285534858704,-0.7032800316810608,-0.8511236906051636,38.12456512451172,0.8939958214759827
2026-06-18 17:00:00+00:00,13.129786646192343,,,,4.089154243469238,0.0,1.0,1023.7133595940164,0.0226522827148438,,22.31596946716309,1020.136796875,,58.640488,58.640488,,,,,,296.0030822753906,300.0415344238281,291.7793884277344,1.0,,0.0,-0.8868553638458252,-1.0807665586471558,1.0895494222640991,1.3332860469818115,140.85560607910156,1.4048595428466797
2026-06-18 18:00:00+00:00,12.897632420468645,,,,4.089154243469238,0.0,0.9491107177734376,1023.2185353808588,0.0,,21.549131393432617,1019.644609375,,57.044884,57.044884,,,,,,296.17510986328125,299.7823791503906,291.7793884277344,0.9491107177734376,,0.0,-1.5804364681243896,-1.9325259923934937,1.0888274908065796,1.330270767211914,124.5645523071289,1.919198989868164
2026-06-18 19:00:00+00:00,12.230823161039533,,,,4.089154243469238,0.0,0.7131359863281248,1023.669985858511,0.0,,21.10369873046875,1020.096640625,,54.372025,54.372025,,,,,,296.02752685546875,298.4660949707031,291.7793884277344,0.7131359863281248,,0.0,-2.144805431365967,-2.6386232376098637,0.7729684114456177,0.9526742100715636,109.8187026977539,2.2798399925231934
2026-06-18 20:00:00+00:00,12.379105887391232,,,,4.089154243469238,0.0,0.9217123413085936,1023.7349421262898,0.0,,21.092994689941406,1020.162734375,,56.17575,56.17575,,,,,,295.30047607421875,296.2643737792969,291.7793884277344,0.9217123413085936,,0.0,-0.3485177457332611,-0.4405286014080047,2.6413698196411133,3.3121230602264404,172.4834747314453,2.6642632484436035
2026-06-18 21:00:00+00:00,12.880342357376945,,,,4.089154243469238,0.0704924583435058,0.7511798095703126,1024.4639245000835,0.0,,19.56206321716309,1020.898125,,61.80327,61.80327,,,,,,294.088134765625,294.4244079589844,291.7793884277344,0.7511798095703126,,0.0,-0.9777444005012512,-1.239504098892212,2.252613067626953,2.85403823852539,156.5367889404297,2.4556567668914795
2026-06-18 22:00:00+00:00,12.826132980074584,,,,4.089154243469238,0.1863658905029297,0.5714343261718748,1024.6898187965876,0.0,,18.869409561157227,1021.12625,,62.81986,62.81986,,,,,,293.6127624511719,293.6006774902344,291.7793884277344,0.5714343261718748,,0.0,-0.7746788859367371,-1.0068271160125732,1.3381751775741575,1.7381675243377686,149.9331512451172,1.5462342500686646
2026-06-18 23:00:00+00:00,13.192305577570004,,,,4.089154243469238,0.2149276733398437,0.4959768676757812,1025.0647185620833,0.0,,20.39626121520996,1021.50203125,,65.660416,65.660416,,,,,,293.0746459960937,292.9569091796875,291.7793884277344,0.4959768676757812,,0.0,-0.5597555637359619,-0.9530637264251708,0.6631606221199036,1.1291723251342771,139.8332061767578,0.8678181171417236
2026-06-19 00:00:00+00:00,15.12129851210607,,,,4.089154243469238,0.18458251953125,0.1856735229492185,1025.4930692343598,0.0,,18.41403007507324,1021.93640625,,81.01794,81.01794,,,,,,292.07159423828125,292.26348876953125,291.7793884277344,0.1856735229492185,,0.0,-0.7879363298416138,-0.9860692024230956,-1.2614052295684814,-1.5801661014556885,31.99094581604004,1.487275004386902
2026-06-19 00:00:00+00:00,13.16721757292266,,,,4.089154243469238,0.2817739486694335,0.6839770507812499,1025.7566386368426,0.0,,19.675960540771484,1022.211796875,,74.44413,74.44413,,,,,,290.8812866210937,297.1534118652344,291.3805847167969,0.6839770507812499,,0.0,-0.4553652107715606,-0.4647687971591949,-1.1286545991897583,-1.1389024257659912,21.97202682495117,1.2170532941818235
2026-06-19 01:00:00+00:00,13.572865358339294,,,,4.089154243469238,0.0795512199401855,0.6056506347656252,1025.6374091923224,0.0,,19.7188777923584,1022.09875,,80.38817,80.38817,,,,,,290.6247253417969,290.91778564453125,291.3805847167969,0.6056506347656252,,0.0,0.114532858133316,0.1473297327756881,-2.331562042236328,-2.9435391426086426,357.187744140625,2.3343734741210938
2026-06-19 02:00:00+00:00,13.656912964313264,,,,4.089154243469238,0.169158935546875,0.4586761474609373,1025.4658587628292,0.0,,19.192392349243164,1021.9290625,,81.82336,81.82336,,,,,,290.3719482421875,290.5306091308594,291.3805847167969,0.4586761474609373,,0.0,0.163556233048439,0.202781468629837,-0.8289015293121338,-1.015039563179016,348.83795166015625,0.8448836803436279
2026-06-19 03:00:00+00:00,13.646238717485147,,,,4.089154243469238,0.1792583465576172,0.3540951538085939,1024.9306131769986,0.0,,19.147235870361328,1021.396015625,,82.1212,82.1212,,,,,,290.236083984375,290.2350158691406,291.3805847167969,0.3540951538085939,,0.0,-0.6729793548583984,-0.8620412349700928,0.3975655734539032,0.5095059275627136,120.57266235351562,0.781639039516449
2026-06-19 04:00:00+00:00,13.958497501010962,,,,4.089154243469238,0.2269374847412109,0.2284878540039061,1024.7617729548112,0.0,,19.57512664794922,1021.2315625,,85.541336,85.541336,,,,,,289.9451599121094,289.98779296875,291.3805847167969,0.2284878540039061,,0.0,-0.3892208337783813,-0.4840675890445709,-0.7043867707252502,-0.8793731927871704,28.923587799072266,0.8047692775726318
2026-06-19 05:00:00+00:00,14.427710257937912,,,,4.089154243469238,0.1807405471801757,0.2568527221679688,1024.3435035778532,0.0,,18.53378295898437,1020.8171875,,89.88698,89.88698,,,,,,289.66571044921875,289.7538757324219,291.3805847167969,0.2568527221679688,,0.0,-0.1602392941713333,-0.1924384832382202,-0.4193528890609741,-0.5078070759773254,20.912399291992188,0.4489248096942901
2026-06-19 06:00:00+00:00,14.361431021209013,,,,4.089154243469238,0.0,0.1250692749023438,1023.7594169310166,0.0,,17.616764068603516,1020.240078125,,92.28734,92.28734,,,,,,289.1994323730469,289.32086181640625,291.3805847167969,0.1250692749023438,,0.0,0.1420555263757705,0.1706276386976242,-0.477977842092514,-0.5762242078781128,343.447998046875,0.4986407458782196
2026-06-19 07:00:00+00:00,13.755024377473818,,,,4.089154243469238,0.0,0.0,1023.4751637902872,0.0,,17.783462524414062,1019.96125,,89.888405,89.888405,,,,,,288.9686584472656,289.0498352050781,291.3805847167969,0.0,,0.0,-0.1990896165370941,-0.2377717196941375,-0.1970086693763733,-0.2330393195152282,45.30100631713867,0.2800876498222351
2026-06-19 08:00:00+00:00,13.965718133537722,,,,4.089154243469238,0.047161865234375,0.0,1022.692437250099,0.0,,17.84214210510254,1019.183046875,,90.636856,90.636856,,,,,,288.9227905273437,288.8760681152344,291.3805847167969,0.047161865234375,,0.0,-0.3198584616184234,-0.4512050747871399,0.1377404034137725,0.1938670873641967,113.29812622070312,0.348255455493927
2026-06-19 09:00:00+00:00,13.899515286169056,,,,4.089154243469238,0.0949724197387695,0.0,1022.9650642018332,0.0,,17.287614822387695,1019.461484375,,93.63789,93.63789,,,,,,288.50567626953125,288.6158142089844,291.3805847167969,0.0949724197387695,,0.0,-0.28407683968544,-0.3508968949317932,-0.7775896787643433,-0.9572307467460632,20.06876564025879,0.8278558850288391
2026-06-19 10:00:00+00:00,13.482687929656846,,,,4.089154243469238,0.1114564895629883,0.0,1023.3468361452516,0.0,,17.498193740844727,1019.842109375,,91.31832,91.31832,,,,,,288.53521728515625,288.8490295410156,291.3805847167969,0.1114564895629883,,0.0,0.3209996819496155,0.3899408876895904,-0.772518515586853,-0.9373666644096376,337.4359741210937,0.8365558385848999
2026-06-19 11:00:00+00:00,12.988719775426397,,,,4.089154243469238,0.0,0.1002951049804687,1023.3392990539428,0.0,,17.409351348876953,1019.82453125,,80.525856,80.525856,,,,,,290.2200927734375,291.8058166503906,291.3805847167969,0.1002951049804687,,0.0,0.4272209107875824,0.5058610439300537,0.3377543985843658,0.4029003381729126,231.67063903808597,0.5446060299873352
2026-06-19 12:00:00+00:00,12.2061226973869,,,,4.089154243469238,0.0,0.0,1023.3662610938388,0.0,,16.313724517822266,1019.84015625,,68.67556,68.67556,,,,,,292.1365051269531,295.3321838378906,291.3805847167969,0.0,,0.0,0.06796595454216,0.0792000219225883,-0.0998438149690628,-0.1186157763004303,325.7559814453125,0.1207814514636993
2026-06-19 13:00:00+00:00,12.162935526206873,,,,4.089154243469238,0.005940818786621,0.0,1022.1881566573376,0.0,,16.119068145751953,1018.651484375,,61.68732,61.68732,,,,,,294.0154113769531,298.7287292480469,291.3805847167969,0.005940818786621,,0.0,0.0851854756474495,0.0996717363595962,-0.2051588147878646,-0.2421866655349731,337.450927734375,0.2221411764621734
2026-06-19 14:00:00+00:00,11.369951182295177,,,,4.089154243469238,0.0001418113708495,0.0,1021.7215434795364,0.0,,16.929561614990234,1018.16953125,,52.19701,52.19701,,,,,,296.0299072265625,301.68292236328125,291.3805847167969,0.0001418113708495,,0.0,-0.5524687170982361,-0.6557753682136536,0.2503044903278351,0.2938637733459472,114.3736343383789,0.6065261960029602
2026-06-19 15:00:00+00:00,10.52296219219947,,,,4.089154243469238,0.0418629646301269,0.0,1020.5906131679176,0.0,,16.543621063232422,1017.034140625,,45.713608,45.713608,,,,,,297.4401550292969,303.6073913574219,291.3805847167969,0.0418629646301269,,0.0,-0.672906219959259,-0.8094701766967773,-0.9719167947769164,-1.1700847148895264,34.69677734375,1.1821273565292358
2026-06-19 16:00:00+00:00,10.556720988073211,,,,4.089154243469238,0.0964257240295409,0.0,1019.8123455671348,0.0,,16.94485855102539,1016.250625,,42.66281,42.66281,,,,,,298.6203918457031,304.7276916503906,291.3805847167969,0.0964257240295409,,0.0,-0.6337079405784607,-0.7641156911849976,-0.9479975700378418,-1.143484354019165,33.76153945922852,1.1403005123138428
2026-06-19 17:00:00+00:00,10.56243595632934,,,,4.089154243469238,0.0701525688171387,0.0,1018.915517983172,0.0,,17.453542709350586,1015.351796875,,40.746,40.746,,,,,,299.3365173339844,304.7320251464844,291.3805847167969,0.0701525688171387,,0.0,-1.2100465297698977,-1.46494722366333,-0.6776841878890991,-0.8225442171096802,60.74907684326172,1.3868916034698486
2026-06-19 18:00:00+00:00,10.737611184121237,,,,4.089154243469238,0.1067296981811523,0.0,1017.9117356939964,0.0,,17.388572692871094,1014.35171875,,40.536915,40.536915,,,,,,299.4537353515625,303.5811462402344,291.3805847167969,0.1067296981811523,,0.0,-1.564100742340088,-1.9064247608184812,-0.3398677110671997,-0.4052219092845917,77.7406234741211,1.600600242614746
2026-06-19 19:00:00+00:00,12.25956673885223,,,,4.089154243469238,0.0032554626464844,0.0,1017.9266473191614,0.0,,17.189937591552734,1014.3725,,46.319412,46.319412,,,,,,298.70703125,301.2538146972656,291.3805847167969,0.0032554626464844,,0.0,-2.2577078342437744,-2.779073715209961,0.656152069568634,0.8055951595306396,106.205322265625,2.351123094558716
2026-06-19 20:00:00+00:00,14.427035878078415,,,,4.089154243469238,0.0,0.0,1017.4889730767914,0.0,,17.523582458496094,1013.937578125,,55.37464,55.37464,,,,,,297.6703491210937,298.3865661621094,291.3805847167969,0.0,,0.0,-1.9519190788269043,-2.4425506591796875,1.2146137952804563,1.522904396057129,121.89261627197266,2.2989726066589355
2026-06-19 21:00:00+00:00,15.396936080438117,,,,4.089154243469238,0.0,0.0,1017.809979432221,0.0,,19.99911117553711,1014.2603125,,60.906567,60.906567,,,,,,296.8360595703125,296.7832946777344,291.3805847167969,0.0,,0.0,-1.417738914489746,-1.8816351890563965,1.02008855342865,1.3541617393493652,125.7356948852539,1.7465864419937134
2026-06-19 22:00:00+00:00,15.160583291554286,,,,4.089154243469238,0.0,0.0,1017.8857534201657,0.0,,20.89321517944336,1014.348125,,63.7076,63.7076,,,,,,295.800537109375,295.6842041015625,291.3805847167969,0.0,,0.0,-1.237849473953247,-1.6782376766204834,1.400879979133606,1.90264105796814,138.5354461669922,1.869421362876892
2026-06-19 23:00:00+00:00,14.096952964510464,,,,4.089154243469238,0.0,0.0,1018.1702054200535,0.0,,21.11058807373047,1014.648671875,,62.524315,62.524315,,,,,,294.9793395996094,294.8473205566406,291.3805847167969,0.0,,0.0,-2.809051513671875,-3.7212119102478023,-0.3711130917072296,-0.4941765069961548,82.47405242919922,2.833459854125977
2026-06-20 00:00:00+00:00,13.495802393815206,,,,4.089154243469238,0.0,0.0,1018.5576972636528,0.0,,20.95236015319824,1015.043828125,,62.61154,62.61154,,,,,,294.2501525878906,294.0873107910156,291.3805847167969,0.0,,0.0,-1.5319974422454834,-2.150313377380371,-0.6478313207626343,-0.9109059572219848,67.07809448242188,1.663340449333191
2026-06-20 00:00:00+00:00,13.804851222000748,,,,4.089154243469238,0.0896408081054687,0.0,1018.9921264824122,0.0,,18.785009384155277,1015.48984375,,73.574524,73.574524,,,,,,291.7364501953125,297.1534118652344,291.9164123535156,0.0896408081054687,,0.0,-0.5907360315322876,-0.6050870418548584,-1.3113244771957395,-1.2913227081298828,24.250995635986328,1.4382423162460327
2026-06-20 01:00:00+00:00,13.568191119386723,,,,4.089154243469238,0.03896484375,0.0,1018.0152530843854,0.0,,18.72715759277344,1014.523125,,74.9801,74.9801,,,,,,291.5685729980469,291.5467529296875,291.9164123535156,0.03896484375,,0.0,-0.0238201562315225,-0.0322915129363536,-1.057990789413452,-1.390498399734497,1.289769172668457,1.058258891105652
2026-06-20 02:00:00+00:00,13.448798717739653,,,,4.089154243469238,0.1137826919555664,0.0,1018.2641817704016,0.0,,19.100418090820312,1014.773828125,,75.7175,75.7175,,,,,,291.2379150390625,291.1591186523437,291.9164123535156,0.1137826919555664,,0.0,-0.8244609236717224,-1.1443846225738523,0.9429585933685304,1.3063724040985107,138.835693359375,1.252560019493103
2026-06-20 03:00:00+00:00,13.499046492760016,,,,4.089154243469238,0.0687545776367186,0.0,1018.4751264484204,0.0,,19.329050064086918,1014.987109375,,76.576485,76.576485,,,,,,290.8554992675781,290.6947326660156,291.9164123535156,0.0687545776367186,,0.0,0.4743727445602417,0.6468217372894287,-0.2132241278886795,-0.2916413247585296,294.2032775878906,0.5200904011726379
2026-06-20 04:00:00+00:00,13.989619295621909,,,,4.089154243469238,0.1117637634277344,0.0,1017.6786891506052,0.0,,18.284242630004883,1014.19625,,81.747116,81.747116,,,,,,290.424560546875,290.3266296386719,291.9164123535156,0.1117637634277344,,0.0,-0.4672535955905914,-0.7155881524085999,-0.4171529114246368,-0.640773594379425,48.242279052734375,0.6263724565505981
2026-06-20 05:00:00+00:00,14.680861435050412,,,,4.089154243469238,0.1113983154296875,0.0,1016.8872883131864,0.0,,18.088573455810547,1013.4075,,85.25093,85.25093,,,,,,290.3121643066406,290.1129150390625,291.9164123535156,0.1113983154296875,,0.0,-0.5355802178382874,-0.7247375249862671,-0.1212464869022369,-0.1583374142646789,77.24419403076172,0.5491328239440918
2026-06-20 06:00:00+00:00,14.313523915372684,,,,4.089154243469238,0.1107595443725586,0.0,1016.1174961680916,0.0,,18.43097305297852,1012.64203125,,83.17131,83.17131,,,,,,290.17694091796875,289.9203491210937,291.9164123535156,0.1107595443725586,,0.0,-0.7776778340339661,-1.091510534286499,-0.1741393506526947,-0.2461898922920227,77.37840270996094,0.7969362139701843
2026-06-20 07:00:00+00:00,13.458469504634428,,,,4.089154243469238,0.1102867126464843,0.0,1016.0153805811664,0.0,,18.480133056640625,1012.5309375,,72.657394,72.657394,,,,,,290.4272766113281,289.6748962402344,291.9164123535156,0.1102867126464843,,0.0,-0.6248899102210999,-0.8469396829605103,-0.0650229752063751,-0.085286796092987,84.05946350097656,0.6282637715339661
2026-06-20 08:00:00+00:00,13.919672596420533,,,,4.089154243469238,0.111856460571289,0.0,1015.5485344802548,0.0,,19.113082885742188,1012.073046875,,78.62898,78.62898,,,,,,290.05865478515625,289.5491638183594,291.9164123535156,0.111856460571289,,0.0,-1.1478562355041504,-1.6746768951416016,-0.5682355761528015,-0.8308610916137695,63.662715911865234,1.2808066606521606
2026-06-20 09:00:00+00:00,13.067111510678666,,,,4.089154243469238,0.110440444946289,0.0,1015.6725319674767,0.0,,19.112150192260746,1012.1975,,72.8686,72.8686,,,,,,290.0590515136719,289.42901611328125,291.9164123535156,0.110440444946289,,0.0,-1.467911720275879,-2.3802361488342285,-0.7804707288742065,-1.2658008337020874,62.0009651184082,1.662497878074646
2026-06-20 10:00:00+00:00,12.919361842917578,,,,4.089154243469238,0.1111385345458984,0.0,1016.165012757275,0.0,,19.023046493530277,1012.696640625,,75.837944,75.837944,,,,,,290.02203369140625,289.7223815917969,291.9164123535156,0.1111385345458984,,0.0,-1.0340486764907837,-1.7276554107666016,-0.6098160743713379,-1.0180623531341553,59.47060394287109,1.2004717588424685
2026-06-20 11:00:00+00:00,12.355280645088651,,,,4.089154243469238,0.146674346923828,0.0,1016.2222156409712,0.0,,18.71915626525879,1012.746328125,,68.67384,68.67384,,,,,,291.8775329589844,292.45855712890625,291.9164123535156,0.146674346923828,,0.0,-0.7416126728057861,-0.8906899690628052,-0.186395913362503,-0.2219422161579132,75.89159393310547,0.7646782398223877
2026-06-20 12:00:00+00:00,11.69131295713201,,,,4.089154243469238,0.1730302810668944,0.0,1016.5558760663604,0.0,,18.799467086791992,1013.054375,,55.497295,55.497295,,,,,,294.72882080078125,296.3146057128906,291.9164123535156,0.1730302810668944,,0.0,-0.1226290464401245,-0.1432748734951019,-0.3054118454456329,-0.3609929084777832,21.87646102905273,0.3291113376617431
2026-06-20 13:00:00+00:00,12.6828057032322,,,,4.089154243469238,0.1998973846435547,0.0,1015.7005306922592,0.0,,19.192293167114254,1012.18046875,,52.315434,52.315434,,,,,,297.025146484375,299.9844055175781,291.9164123535156,0.1998973846435547,,0.0,0.399551659822464,0.4762619137763977,-0.4914315342903137,-0.5838623642921448,320.8876342773437,0.633361279964447
2026-06-20 14:00:00+00:00,11.787120033415258,,,,4.089154243469238,0.2432640075683594,0.0,1015.5715295283296,0.0,,19.49268913269043,1012.033359375,,43.152107,43.152107,,,,,,299.31842041015625,303.1726989746094,291.9164123535156,0.2432640075683594,,0.0,0.1917933374643325,0.2259632498025894,-0.0264506600797176,-0.0333903841674327,277.8522644042969,0.1936086863279342
2026-06-20 15:00:00+00:00,12.75408158073263,,,,4.089154243469238,0.2496179580688475,0.0,1014.5800752416772,0.0,,20.18984031677246,1011.027109375,,41.75565,41.75565,,,,,,301.1312561035156,305.62530517578125,291.9164123535156,0.2496179580688475,,0.0,0.2774326503276825,0.3336391448974609,-0.6725642085075378,-0.8055030703544617,337.5838623046875,0.727537989616394
2026-06-20 16:00:00+00:00,12.320915571518888,,,,4.089154243469238,0.253826904296875,0.0,1013.6099097532588,0.0,,20.53075790405273,1010.05015625,,37.717983,37.717983,,,,,,302.442138671875,307.04180908203125,291.9164123535156,0.253826904296875,,0.0,0.3609355688095093,0.4349135160446167,-0.8228083848953247,-0.992677628993988,336.3147277832031,0.898492157459259
2026-06-20 17:00:00+00:00,12.21796494155655,,,,4.089154243469238,0.250411605834961,0.0,1012.7158193881032,0.0,,20.768295288085938,1009.154453125,,35.898964,35.898964,,,,,,303.1376647949219,307.2976989746094,291.9164123535156,0.250411605834961,,0.0,-0.1719183027744293,-0.2090419232845306,-1.0254212617874146,-1.2453542947769165,9.517480850219728,1.0397329330444336
2026-06-20 18:00:00+00:00,11.821336739783144,,,,4.089154243469238,0.244504165649414,0.0,1011.7662468586044,0.0,,21.039405822753903,1008.212109375,,35.309624,35.309624,,,,,,302.8646850585937,306.2205810546875,291.9164123535156,0.244504165649414,,0.0,-0.6368072032928467,-0.7766947746276855,-1.3512827157974243,-1.6499242782592771,25.232685089111328,1.4938167333602903
2026-06-20 19:00:00+00:00,11.82206321645067,,,,4.089154243469238,0.1791357040405272,0.0,1011.9609878795088,0.0,,20.148576736450195,1008.410546875,,35.991978,35.991978,,,,,,302.2673645019531,304.1039428710937,291.9164123535156,0.1791357040405272,,0.0,-1.8637654781341555,-2.295970678329468,0.4682129621505737,0.5781856179237366,104.1019515991211,1.9216777086257932
2026-06-20 20:00:00+00:00,14.349256252740206,,,,4.089154243469238,0.128689956665039,0.0,1011.4153777370358,0.0,,21.07254981994629,1007.87828125,,47.3944,47.3944,,,,,,300.1103820800781,300.63623046875,291.9164123535156,0.128689956665039,,0.0,-2.5749378204345703,-3.271300792694092,1.1775397062301636,1.4963884353637695,114.5749969482422,2.831413984298706
2026-06-20 21:00:00+00:00,13.688416129248775,,,,4.089154243469238,0.0073002815246581,0.0,1011.6001415105408,0.0,,21.2221794128418,1008.0715625,,47.267014,47.267014,,,,,,298.9361572265625,298.7338562011719,291.9164123535156,0.0073002815246581,,0.0,-1.1591832637786863,-1.8163411617279053,-0.6010730266571045,-0.9481595754623412,62.59183883666992,1.3057544231414795
2026-06-20 22:00:00+00:00,13.150317841353043,,,,4.089154243469238,0.0,0.0,1011.3386860793812,0.0,,20.079532623291016,1007.835,,52.76071,52.76071,,,,,,296.88824462890625,297.0834350585937,291.9164123535156,0.0,,0.0,-0.663550853729248,-0.831823468208313,-1.117685079574585,-1.389736890792847,30.69689178466797,1.29981529712677
2026-06-20 23:00:00+00:00,14.599108096596224,,,,4.089154243469238,0.0,0.0,1011.3157658498008,0.0,,20.348295211791992,1007.81234375,,57.820015,57.820015,,,,,,296.3386535644531,296.10650634765625,291.9164123535156,0.0,,0.0,-1.0573259592056274,-1.877857208251953,0.2865453958511352,0.5106372833251953,105.1634750366211,1.0954662561416626
2026-06-21 00:00:00+00:00,13.44323108959513,,,,4.089154243469238,0.0,0.0,1012.0508590180364,0.0,,22.215478897094727,1008.547421875,,52.82711,52.82711,,,,,,295.7886657714844,295.2345275878906,291.9164123535156,0.0,,0.0,-0.0980826318264007,-0.1482914835214615,1.4810495376586914,2.3162026405334477,176.21112060546875,1.4842936992645264
2026-06-21 00:00:00+00:00,14.45937470064783,,,,4.089154243469238,0.3069061279296874,0.0,1012.484257363938,0.0,,25.26920890808105,1009.009921875,,68.86664,68.86664,,,,,,293.485595703125,297.1534118652344,293.53350830078125,0.3069061279296874,,0.0,0.7380504012107849,0.729777455329895,-1.4467629194259644,-1.439854860305786,332.9721069335937,1.6241432428359983
2026-06-21 01:00:00+00:00,14.195461869456134,,,,4.089154243469238,0.3530740737915039,0.0,1011.842947610278,0.0,,28.896568298339844,1008.372578125,,68.34588,68.34588,,,,,,293.5640563964844,293.46099853515625,293.53350830078125,0.3530740737915039,,0.0,0.5644677877426147,0.8888667821884155,-0.7199732661247253,-1.1406368017196655,321.90313720703125,0.9148690700531006
2026-06-21 02:00:00+00:00,13.795049229800526,,,,4.089154243469238,0.4007537841796875,0.0,1012.2503496417418,0.0,,31.869997024536133,1008.777734375,,66.33079,66.33079,,,,,,293.52459716796875,293.3598327636719,293.53350830078125,0.4007537841796875,,0.0,1.083719253540039,1.7422847747802734,0.2226982563734054,0.3524006605148315,258.3876953125,1.1063642501831057
2026-06-21 03:00:00+00:00,13.83053641617705,,,,4.089154243469238,0.5751182556152346,0.0,1011.9023242970328,0.0,,33.62556838989258,1008.427109375,,65.12719,65.12719,,,,,,293.5836486816406,293.3266906738281,293.53350830078125,0.5751182556152346,,0.0,-0.4032245576381683,-0.5515801310539246,-0.5561574697494507,-0.7591044902801514,35.942813873291016,0.6869506239891052
2026-06-21 04:00:00+00:00,13.012695198427174,,,,4.089154243469238,0.5074449539184571,0.0,1012.0797942972932,0.0,,33.67041015625,1008.5909375,,56.71583,56.71583,,,,,,294.4001159667969,293.5438537597656,293.53350830078125,0.5074449539184571,,0.0,1.9315353631973269,3.1035866737365723,1.369292378425598,2.197662830352783,234.6666412353516,2.367655038833618
2026-06-21 05:00:00+00:00,14.021733799673374,,,,4.089154243469238,0.5907852172851564,0.0,1012.649400704697,0.0,,31.78866958618164,1009.150859375,,60.40187,60.40187,,,,,,295.2187805175781,294.3388977050781,293.53350830078125,0.5907852172851564,,0.0,7.946500778198242,10.440912246704102,2.038651704788208,2.6743597984313965,255.6112518310547,8.203839302062988
2026-06-21 06:00:00+00:00,16.898272949106985,,,,4.089154243469238,0.2668710708618165,0.3384692382812502,1012.8440632280116,0.0,,31.739425659179688,1009.338515625,,78.2746,78.2746,,,,,,294.1091613769531,293.5863647460937,293.53350830078125,0.3384692382812502,,0.0,3.631745338439941,4.873178482055664,2.013847827911377,2.6993911266326904,240.9910888671875,4.152729034423828
2026-06-21 07:00:00+00:00,17.65705079886128,,,,4.089154243469238,0.157917594909668,0.3382989501953126,1013.6315025773802,0.0,,29.767593383789062,1010.12203125,,84.60415,84.60415,,,,,,293.5529479980469,293.0568542480469,293.53350830078125,0.3382989501953126,,0.0,2.493219375610352,3.5013198852539062,1.134101390838623,1.5938990116119385,245.5404357910156,2.7390379905700684
2026-06-21 08:00:00+00:00,17.98592034840722,,,,4.089154243469238,0.095870304107666,0.4367852783203125,1014.135415327343,0.0,,30.850255966186523,1010.621875,,87.16637,87.16637,,,,,,293.39794921875,292.8480224609375,293.53350830078125,0.4367852783203125,,0.0,2.4351959228515625,3.4035298824310303,1.731964349746704,2.420273780822754,234.5787353515625,2.988290548324585
2026-06-21 09:00:00+00:00,18.37096733656343,,,,4.089154243469238,0.0,0.7119747924804689,1015.2838370248672,0.1601147460937499,,32.10637664794922,1011.764375,,90.90785,90.90785,,,,,,293.2103576660156,292.6959533691406,293.53350830078125,0.7119747924804689,,0.0,3.131352424621582,4.238844871520996,1.9716538190841677,2.670772075653076,237.803466796875,3.700376510620117
2026-06-21 10:00:00+00:00,18.00751522702516,,,,4.089154243469238,0.0,0.6938095092773438,1016.455036260579,0.4479138183593751,,32.16718673706055,1012.928359375,,89.94667,89.94667,,,,,,293.0560913085937,292.7991638183594,293.53350830078125,0.6938095092773438,,0.0,1.7412163019180298,2.511936664581299,-0.398189514875412,-0.579322099685669,282.88116455078125,1.786166071891785
2026-06-21 11:00:00+00:00,17.791185843162424,,,,4.089154243469238,0.0,1.0,1017.440373081076,0.1942456054687498,,31.47112464904785,1013.8978125,,84.671036,84.671036,,,,,,294.3338623046875,295.1798095703125,293.53350830078125,1.0,,0.0,1.4232827425003052,1.751506805419922,0.2722275555133819,0.3365034162998199,259.1719665527344,1.4490829706192017
2026-06-21 12:00:00+00:00,17.596486595072562,,,,4.089154243469238,0.0,0.9803067016601564,1018.206486563718,0.2507366943359375,,30.711971282958984,1014.653203125,,79.67495,79.67495,,,,,,295.5357666015625,298.3410949707031,293.53350830078125,0.9803067016601564,,0.0,1.4145833253860474,1.718409776687622,0.438357263803482,0.5327926874160767,252.78260803222656,1.480946660041809
2026-06-21 13:00:00+00:00,17.22217400321083,,,,4.089154243469238,0.0,1.0,1017.7376052823864,0.4091140747070314,,30.16414833068848,1014.178515625,,74.30106,74.30106,,,,,,296.5864562988281,300.70294189453125,293.53350830078125,1.0,,0.0,1.1955283880233765,1.4625240564346311,1.8553659915924072,2.2713608741760254,212.7962188720703,2.207186222076416
2026-06-21 14:00:00+00:00,16.986018535238372,,,,4.089154243469238,0.0,1.0,1018.3081072944644,0.4394110107421873,,29.942779541015625,1014.751640625,,73.78525,73.78525,,,,,,296.4314880371094,300.0179748535156,293.53350830078125,1.0,,0.0,1.9257622957229612,2.381734609603882,2.791820764541626,3.458143711090088,214.597412109375,3.3915812969207764
2026-06-21 15:00:00+00:00,16.654868988592124,,,,4.089154243469238,0.0,1.0,1017.835997904964,0.3254739379882814,,28.90060043334961,1014.279453125,,70.80876,70.80876,,,,,,296.60418701171875,299.56256103515625,293.53350830078125,1.0,,0.0,1.5004242658615112,1.85345470905304,2.4801957607269287,3.0656371116638184,211.1723480224609,2.898731470108032
2026-06-21 16:00:00+00:00,15.985626828890558,,,,4.089154243469238,0.0,0.9857061767578124,1017.4526864514752,0.0,,27.487159729003903,1013.898984375,,66.71834,66.71834,,,,,,297.1595153808594,301.6502990722656,293.53350830078125,0.9857061767578124,,0.0,2.199958562850952,2.705310821533203,2.1172046661376958,2.606973648071289,226.09814453125,3.0532562732696533
2026-06-21 17:00:00+00:00,16.00652528537961,,,,4.089154243469238,0.0,1.0,1017.0589259337128,0.0,,26.58596992492676,1013.496640625,,63.83854,63.83854,,,,,,297.78778076171875,301.7001342773437,293.53350830078125,1.0,,0.0,1.6873934268951416,2.077101945877075,2.102243661880493,2.587282419204712,218.7527313232422,2.6956863403320312
2026-06-21 18:00:00+00:00,16.904236949413747,,,,4.089154243469238,0.0,1.0,1016.5614147825564,0.0,,27.06667900085449,1013.003359375,,70.02397,70.02397,,,,,,297.0545654296875,299.955810546875,293.53350830078125,1.0,,0.0,1.6568024158477783,2.061002254486084,2.710172176361084,3.365960121154785,211.43858337402344,3.176480293273926
2026-06-21 19:00:00+00:00,16.31973020439674,,,,4.089154243469238,0.0,1.0,1017.174166114807,0.0,,26.49163818359375,1013.617734375,,68.10435,68.10435,,,,,,296.7027587890625,298.9172058105469,293.53350830078125,1.0,,0.0,1.1243436336517334,1.3884999752044678,2.1782150268554688,2.6882498264312744,207.30172729492188,2.451279163360596
2026-06-21 20:00:00+00:00,16.306361003728053,,,,4.089154243469238,0.0,1.0,1017.1541931324994,0.0,,26.11355209350586,1013.6003125,,69.515625,69.515625,,,,,,296.09283447265625,297.44647216796875,293.53350830078125,1.0,,0.0,0.1797569394111633,0.2161863148212433,1.2852654457092283,1.568596363067627,187.96173095703125,1.2977749109268188
2026-06-21 21:00:00+00:00,16.2317732324891,,,,4.089154243469238,0.0,0.9358334350585936,1018.0270730279176,0.0,,26.53602409362793,1014.4778125,,71.83333,71.83333,,,,,,295.2611389160156,295.74810791015625,293.53350830078125,0.9358334350585936,,0.0,0.2326683551073074,0.2902020514011383,1.4536689519882202,1.799612045288086,189.0933990478516,1.472171187400818
2026-06-21 22:00:00+00:00,16.263926874013677,,,,4.089154243469238,0.0,1.0,1018.0462304907232,0.0,,27.233007431030277,1014.5,,73.89425,73.89425,,,,,,294.8212585449219,295.3686828613281,293.53350830078125,1.0,,0.0,-0.2503386735916137,-0.3029650747776031,0.62224942445755,0.7515126466751099,158.08445739746094,0.6707188487052917
2026-06-21 23:00:00+00:00,16.382156907355238,,,,4.089154243469238,0.0,1.0,1018.455270907776,0.0686166381835935,,28.36483764648437,1014.91109375,,76.03512,76.03512,,,,,,294.3944396972656,294.6114501953125,293.53350830078125,1.0,,0.0,-0.7711776494979858,-0.9443166255950928,0.0949638709425926,0.1161199212074279,97.0201416015625,0.7770026326179504
2026-06-22 00:00:00+00:00,17.02323582226348,,,,4.089154243469238,0.0,1.0,1018.8261690168644,0.1617330932617187,,27.957618713378903,1015.28,,81.39517,81.39517,,,,,,294.0843200683594,294.5856628417969,293.53350830078125,1.0,,0.0,-2.008532762527466,-2.513225078582764,-0.0911434218287468,-0.1129860430955886,87.40180969238281,2.0105996131896973
2026-06-22 00:00:00+00:00,17.07428481823316,,,,4.089154243469238,0.0,0.6578503417968751,1019.1444835355096,0.0,,26.210264205932617,1015.61796875,,90.871216,90.871216,,,,,,291.769287109375,297.1534118652344,292.14776611328125,0.6578503417968751,,0.0,0.0342351272702217,0.0304960180073976,-1.040632963180542,-1.0494444370269775,358.1157531738281,1.0411959886550903
2026-06-22 01:00:00+00:00,17.156168572875078,,,,4.089154243469238,0.0,0.6748498535156249,1018.7301198543634,0.0,,25.61028289794922,1015.209921875,,94.48954,94.48954,,,,,,291.73687744140625,291.9472351074219,292.14776611328125,0.6748498535156249,,0.0,0.2749993801116943,0.3425859212875366,-1.3757160902023315,-1.7103509902954102,348.6958312988281,1.4029324054718018
2026-06-22 02:00:00+00:00,17.218390312430888,,,,4.089154243469238,0.0,0.5528952026367189,1017.8705279778192,0.0,,25.0897274017334,1014.358515625,,95.36006,95.36006,,,,,,291.5699768066406,291.5980224609375,292.14776611328125,0.5528952026367189,,0.0,0.2785753905773163,0.3423539996147156,-0.3671175837516784,-0.4474623799324035,322.8081359863281,0.4608465731143951
2026-06-22 03:00:00+00:00,17.135286347618162,,,,4.089154243469238,0.0,0.7063507080078124,1018.697558519752,0.0,,25.42301368713379,1015.184375,,95.05022,95.05022,,,,,,291.3691101074219,291.29351806640625,292.14776611328125,0.7063507080078124,,0.0,0.0932623371481895,0.1270329654216766,0.3241511881351471,0.4426701068878174,196.0511932373047,0.3373008370399475
2026-06-22 04:00:00+00:00,16.998732278678055,,,,4.089154243469238,0.0,0.8046719360351564,1018.4798145341867,0.0,,25.661590576171875,1014.968359375,,95.26942,95.26942,,,,,,291.1195678710937,291.0284729003906,292.14776611328125,0.8046719360351564,,0.0,-0.0270102862268686,-0.0406692065298557,0.6031513810157776,0.930393934249878,177.43589782714844,0.6037558913230896
2026-06-22 05:00:00+00:00,17.049977895681234,,,,4.089154243469238,0.0,0.9013131713867186,1018.2744433772464,0.0,,24.738452911376957,1014.76203125,,96.14332,96.14332,,,,,,290.9593811035156,290.8058776855469,292.14776611328125,0.9013131713867186,,0.0,-0.628849446773529,-1.0786091089248655,-0.7373379468917847,-1.2651546001434326,40.45969009399414,0.969081461429596
2026-06-22 06:00:00+00:00,17.069266432108193,,,,4.089154243469238,0.0,0.7183163452148436,1018.2007456802348,0.0,,24.353458404541016,1014.694609375,,100.0,100.0,,,,,,290.640625,291.0771179199219,292.14776611328125,0.7183163452148436,,0.0,-0.1234262734651565,-0.1465055793523788,-0.6639586091041565,-0.795087993144989,10.530766487121582,0.6753333210945129
2026-06-22 07:00:00+00:00,16.3641362835391,,,,4.089154243469238,0.0,0.6846517944335937,1018.4172325683544,0.0,,24.430307388305664,1014.92390625,,100.0,100.0,,,,,,289.9767761230469,291.0107116699219,292.14776611328125,0.6846517944335937,,0.0,0.0407260507345199,0.0470822975039482,-0.2184856832027435,-0.2552996277809143,349.441162109375,0.2222489714622497
2026-06-22 08:00:00+00:00,16.411048787219627,,,,4.089154243469238,0.0,0.6937863159179689,1018.5238094144424,0.0,,24.6466064453125,1015.030625,,100.0,100.0,,,,,,290.0802307128906,290.9881591796875,292.14776611328125,0.6937863159179689,,0.0,0.133836880326271,0.1619245857000351,-0.5363465547561646,-0.6366976499557495,345.9888610839844,0.5527928471565247
2026-06-22 09:00:00+00:00,16.51735464735747,,,,4.089154243469238,0.0,0.6189782714843748,1018.8096242215332,0.0,,24.739376068115234,1015.31265625,,100.0,100.0,,,,,,290.0478515625,290.4017028808594,292.14776611328125,0.6189782714843748,,0.0,-0.0818890631198883,-0.1002121865749359,-0.2110338062047958,-0.256433367729187,21.208127975463867,0.2263649404048919
2026-06-22 10:00:00+00:00,15.986472724729792,,,,4.089154243469238,0.0,0.5509033203125,1019.173045897112,0.0,,24.70401382446289,1015.686875,,100.0,100.0,,,,,,289.6814880371094,290.9041748046875,292.14776611328125,0.5509033203125,,0.0,-0.0358499325811862,-0.0447352677583694,-0.2652506530284881,-0.3171316683292389,7.697165489196777,0.2676623463630676
2026-06-22 11:00:00+00:00,16.293476845497388,,,,4.089154243469238,0.0,0.5216940307617186,1019.2007763367764,0.0,,24.66812515258789,1015.704296875,,94.66088,94.66088,,,,,,291.12945556640625,293.1674194335937,292.14776611328125,0.5216940307617186,,0.0,0.1612359881401062,0.1921019256114959,-0.421652615070343,-0.5020167827606201,339.0736083984375,0.4514288008213043
2026-06-22 12:00:00+00:00,16.239341614847127,,,,4.089154243469238,0.0,0.6961160278320313,1019.411872394752,0.0,,24.625131607055664,1015.902421875,,85.83663,85.83663,,,,,,292.8581237792969,296.399169921875,292.14776611328125,0.6961160278320313,,0.0,0.1960617303848266,0.2305873334407806,-0.150867223739624,-0.179561048746109,307.5778503417969,0.2473886013031005
2026-06-22 13:00:00+00:00,15.82849237926463,,,,4.089154243469238,0.0,0.3153570556640623,1018.4983600042128,0.0,,24.35040855407715,1014.971640625,,72.92743,72.92743,,,,,,295.2490234375,299.92449951171875,292.14776611328125,0.3153570556640623,,0.0,-0.6169124841690063,-0.734115719795227,0.1521448343992233,0.1806171834468841,103.85399627685548,0.6353967785835266
2026-06-22 14:00:00+00:00,15.364654567148872,,,,4.089154243469238,0.0,0.0403277587890626,1018.1768907507868,0.0,,24.06047248840332,1014.6384375,,63.676155,63.676155,,,,,,297.173095703125,302.7772521972656,292.14776611328125,0.0403277587890626,,0.0,-1.0656182765960691,-1.2791104316711426,0.653019905090332,0.7831230759620667,121.50032043457033,1.249790906906128
2026-06-22 15:00:00+00:00,15.473615852085612,,,,4.089154243469238,0.0,0.0,1017.0638948928256,0.0,,23.64332389831543,1013.51609375,,58.411877,58.411877,,,,,,298.75689697265625,304.95172119140625,292.14776611328125,0.0,,0.0,-0.9857856035232544,-1.1816530227661133,-0.1332242041826248,-0.1602628827095031,82.30338287353516,0.9947471618652344
2026-06-22 16:00:00+00:00,15.085480690348303,,,,4.089154243469238,0.0,0.0,1016.1083619105312,0.0,,23.14014434814453,1012.555703125,,53.093533,53.093533,,,,,,299.9940795898437,306.0394592285156,292.14776611328125,0.0,,0.0,-1.4448587894439695,-1.746571063995361,-0.5249669551849365,-0.6341370344161987,70.03217315673828,1.5372726917266846
2026-06-22 17:00:00+00:00,15.055141323419152,,,,4.089154243469238,0.0,0.0,1015.247960610574,0.0,,22.98104286193848,1011.694296875,,50.69357,50.69357,,,,,,300.7239990234375,306.0136413574219,292.14776611328125,0.0,,0.0,-1.9942220449447632,-2.430395126342773,0.7797248363494873,0.9521152973175048,111.3551025390625,2.1412360668182373
2026-06-22 18:00:00+00:00,15.410564793551984,,,,4.089154243469238,0.0,0.0,1014.3405444152212,0.0,,23.46470642089844,1010.79,,51.129246,51.129246,,,,,,300.82012939453125,304.8136291503906,292.14776611328125,0.0,,0.0,-2.4231903553009038,-2.9783644676208496,1.071191906929016,1.317202091217041,113.84823608398438,2.6493968963623047
2026-06-22 19:00:00+00:00,15.975755980757036,,,,4.089154243469238,0.0,0.0,1014.3409974135316,0.0,,24.109838485717773,1010.78734375,,52.11397,52.11397,,,,,,300.77001953125,302.96807861328125,292.14776611328125,0.0,,0.0,-2.520680904388428,-3.1275289058685303,1.0527092218399048,1.3052313327789309,112.66682434082033,2.7316715717315674
2026-06-22 20:00:00+00:00,17.69033637876139,,,,4.089154243469238,0.0,0.0,1013.9304617082778,0.0,,24.383298873901367,1010.3796875,,60.46876,60.46876,,,,,,299.6629333496094,300.16619873046875,292.14776611328125,0.0,,0.0,-2.659773111343384,-3.390577793121338,1.468377709388733,1.8719499111175537,118.90171813964844,3.0381782054901123
2026-06-22 21:00:00+00:00,18.029959329166868,,,,4.089154243469238,0.0,0.0,1014.352542304582,0.0,,26.60365295410156,1010.808671875,,65.335335,65.335335,,,,,,298.5043029785156,298.4649658203125,292.14776611328125,0.0,,0.0,-2.360511779785156,-3.093289375305176,1.441077470779419,1.8902335166931152,121.40380096435548,2.765631914138794
2026-06-22 22:00:00+00:00,17.830379567533473,,,,4.089154243469238,0.0,0.0,1014.4462668403744,0.0,,25.4132080078125,1010.908828125,,66.58858,66.58858,,,,,,297.78497314453125,297.48602294921875,292.14776611328125,0.0,,0.0,-2.221393823623657,-3.0830483436584477,0.9593449234962464,1.334080457687378,113.3578872680664,2.419696807861328
2026-06-22 23:00:00+00:00,17.868548092452652,,,,4.089154243469238,0.0,0.0,1014.8286455467202,0.0,,24.674224853515625,1011.3034375,,72.39443,72.39443,,,,,,296.4716186523437,296.38848876953125,292.14776611328125,0.0,,0.0,-0.3936747014522552,-0.7032570838928223,0.5566026568412781,0.9946366548538208,144.72894287109375,0.6817523837089539
2026-06-23 00:00:00+00:00,17.642309323797313,,,,4.089154243469238,0.0,0.0,1015.2066333061948,0.0,,24.5190486907959,1011.68859375,,74.55055,74.55055,,,,,,295.7381896972656,295.6017761230469,292.14776611328125,0.0,,0.0,-0.5556530356407166,-0.888273298740387,0.8839367628097534,1.4147868156433103,147.84605407714844,1.044075846672058
2026-06-23 00:00:00+00:00,17.548405221821874,,,,4.089154243469238,0.0,0.0,1015.1916223066748,0.0,,22.17877197265625,1011.689921875,,81.187744,81.187744,,,,,,294.0669860839844,297.1534118652344,293.9370422363281,0.0,,0.0,-0.0319019928574562,-0.0450825206935405,-0.9978709816932678,-0.9823352098464966,1.8311257362365725,0.9983807802200316
2026-06-23 01:00:00+00:00,17.357552388507287,,,,4.089154243469238,0.0,0.0,1014.3292373225296,0.0,,22.41388893127441,1010.83375,,82.37726,82.37726,,,,,,293.65008544921875,293.4975891113281,293.9370422363281,0.0,,0.0,0.2481599003076553,0.4018667340278625,-0.7946105599403381,-1.2936248779296875,342.6562194824219,0.8324597477912903
2026-06-23 02:00:00+00:00,17.235884147776723,,,,4.089154243469238,0.0,0.0,1014.9255881072022,0.0,,21.73674774169922,1011.42671875,,81.40735,81.40735,,,,,,293.24072265625,292.8771667480469,293.9370422363281,0.0,,0.0,-0.07359479367733,-0.119199015200138,1.3215663433074951,2.275538682937622,176.81263732910156,1.3236138820648191
2026-06-23 03:00:00+00:00,17.357182138722294,,,,4.089154243469238,0.0,0.0,1014.8758268070152,0.0,,21.785778045654297,1011.380234375,,84.2274,84.2274,,,,,,292.7676696777344,292.32354736328125,293.9370422363281,0.0,,0.0,-0.7253627777099609,-0.9898505210876464,0.2590622007846832,0.355641633272171,109.65410614013672,0.7702365517616272
2026-06-23 04:00:00+00:00,17.851164765935717,,,,4.089154243469238,0.0,0.0,1014.335833281608,0.0,,20.60041236877441,1010.843515625,,88.47088,88.47088,,,,,,292.361572265625,291.8538818359375,293.9370422363281,0.0,,0.0,-0.791861891746521,-1.079394817352295,0.1530672311782837,0.2124525308609008,100.94036865234376,0.8065202236175537
2026-06-23 05:00:00+00:00,17.404554652949724,,,,4.089154243469238,0.0,0.0,1013.7095629130388,0.0,,20.33341407775879,1010.218359375,,83.43687,83.43687,,,,,,292.2248229980469,291.4267272949219,293.9370422363281,0.0,,0.0,-0.1236995235085487,-0.1676111221313476,0.0791135728359222,0.1081202700734138,122.60145568847656,0.1468350440263748
2026-06-23 06:00:00+00:00,17.53412184160889,,,,4.089154243469238,0.0,0.0,1013.064805108522,0.0,,20.919246673583984,1009.57953125,,85.69732,85.69732,,,,,,291.87158203125,291.1308288574219,293.9370422363281,0.0,,0.0,-1.4035041332244873,-2.1471400260925293,-0.9019379019737244,-1.3807106018066406,57.27386474609375,1.6683272123336792
2026-06-23 07:00:00+00:00,17.163357919607783,,,,4.089154243469238,0.0,0.0,1013.08898248868,0.0,,22.467437744140625,1009.60265625,,82.155785,82.155785,,,,,,291.8789367675781,290.9122619628906,293.9370422363281,0.0,,0.0,-1.1749472618103027,-1.6157832145690918,-0.6878085136413574,-0.9454545378684998,59.65549850463867,1.3614630699157717
2026-06-23 08:00:00+00:00,16.62335065223063,,,,4.089154243469238,0.0,0.0,1012.565807411604,0.0,,21.92447853088379,1009.087421875,,80.45472,80.45472,,,,,,291.6614074707031,290.7221374511719,293.9370422363281,0.0,,0.0,-1.2039756774902344,-1.668917894363403,0.7867106795310974,1.0940393209457395,123.16169738769533,1.4382179975509644
2026-06-23 09:00:00+00:00,15.89494631228257,,,,4.089154243469238,0.0,0.0,1012.9878701393852,0.0,,21.48699188232422,1009.4996875,,71.72863,71.72863,,,,,,291.953125,290.6146240234375,293.9370422363281,0.0,,0.0,-0.6895844340324402,-0.9362777471542358,0.0207600779831409,0.0261746942996978,91.72438049316406,0.6898968815803528
2026-06-23 10:00:00+00:00,15.651687767252836,,,,4.089154243469238,0.0,0.0,1013.2872640154588,0.0,,22.29640769958496,1009.8021875,,72.16548,72.16548,,,,,,292.03546142578125,290.9825744628906,293.9370422363281,0.0,,0.0,-1.5503016710281372,-2.2755513191223145,0.9557207822799684,1.3989653587341309,121.65275573730467,1.821218729019165
2026-06-23 11:00:00+00:00,15.719536964743703,,,,4.089154243469238,0.0,0.0,1013.7352633447435,0.0,,24.72015953063965,1010.244140625,,70.40763,70.40763,,,,,,294.7148132324219,294.6549987792969,293.9370422363281,0.0,,0.0,-0.1057717651128768,-0.1835170984268188,0.5849144458770752,1.0298560857772827,169.74981689453125,0.5944010019302368
2026-06-23 12:00:00+00:00,15.377138397542849,,,,4.089154243469238,0.0,0.0,1014.2432648799592,0.0,,25.75552749633789,1010.723359375,,58.084183,58.084183,,,,,,297.92755126953125,299.02960205078125,293.9370422363281,0.0,,0.0,0.5900317430496216,0.715408444404602,-0.5968664884567261,-0.7178562879562378,315.3299255371094,0.8392776846885681
2026-06-23 13:00:00+00:00,14.143551783424709,,,,4.089154243469238,0.0,0.0,1013.5931128004062,0.0062860107421873,,26.724647521972656,1010.04359375,,43.2305,43.2305,,,,,,301.7738647460937,303.5457763671875,293.9370422363281,0.0062860107421873,,0.0,1.958618402481079,2.425747871398926,-1.2237659692764282,-1.515214204788208,301.9975891113281,2.309499740600586
2026-06-23 14:00:00+00:00,12.549902527836151,,,,4.089154243469238,0.1727548599243165,0.0,1013.7091877176638,0.0,,26.79533576965332,1010.146875,,35.21769,35.21769,,,,,,303.7701416015625,306.8502502441406,293.9370422363281,0.1727548599243165,,0.0,2.319242477416992,2.86201810836792,-0.986551821231842,-1.2170591354370115,293.04376220703125,2.5203511714935303
2026-06-23 15:00:00+00:00,11.944802319657644,,,,4.089154243469238,0.2431564331054687,0.0,1013.1015541258912,0.0,,27.07403564453125,1009.528984375,,31.133621,31.133621,,,,,,305.3528747558594,309.1669921875,293.9370422363281,0.2431564331054687,,0.0,2.44731068611145,3.0249831676483154,-0.6706618666648865,-0.8299496173858643,285.3251342773437,2.537541627883911
2026-06-23 16:00:00+00:00,11.931701026913258,,,,4.089154243469238,0.2405052185058593,0.0,1012.8128223249277,0.1267196655273439,,28.91765594482422,1009.23421875,,29.371067,29.371067,,,,,,306.3863525390625,310.2381591796875,293.9370422363281,0.2405052185058593,,0.0,2.6982100009918213,3.349757671356201,0.1496872305870056,0.1919133812189102,266.8246765136719,2.7023589611053467
2026-06-23 17:00:00+00:00,15.245350215985855,,,,4.089154243469238,0.3203096389770508,0.0,1012.9674228444892,0.0,,30.57906150817871,1009.4190625,,46.737804,46.737804,,,,,,302.4594116210937,307.3466186523437,293.9370422363281,0.3203096389770508,,0.0,3.6081771850585938,4.540801525115967,4.214740753173828,5.310146331787109,220.56634521484372,5.548241138458252
2026-06-23 18:00:00+00:00,16.232870609178196,,,,4.089154243469238,0.2746780395507813,0.0,1012.9279740997814,0.0,,32.4007682800293,1009.39046875,,53.764748,53.764748,,,,,,301.0595397949219,305.4237670898437,293.9370422363281,0.2746780395507813,,0.0,2.332619428634644,2.918230533599853,3.877179384231568,4.846668243408203,211.03228759765625,4.524779796600342
2026-06-23 19:00:00+00:00,17.88016830356093,,,,4.089154243469238,0.3104581832885742,0.0,1014.0287003228516,0.0,,36.02849578857422,1010.492578125,,66.4014,66.4014,,,,,,299.06524658203125,302.2563781738281,293.9370422363281,0.3104581832885742,,0.0,3.500264883041382,4.401413917541504,3.030477523803711,3.809349298477173,229.11447143554688,4.629864692687988
2026-06-23 20:00:00+00:00,18.327425728561074,,,,4.089154243469238,0.214706039428711,0.0663818359374999,1014.588446186718,0.4858505249023439,,37.89590072631836,1011.0553125,,75.030685,75.030685,,,,,,297.1564025878906,298.9148864746094,293.9370422363281,0.4858505249023439,,0.0,3.6011359691619877,4.579321384429932,3.491642475128174,4.440426826477051,225.88442993164065,5.015949249267578
2026-06-23 21:00:00+00:00,18.173611093098152,,,,4.089154243469238,0.2035968780517578,0.5396426391601561,1015.6215699514836,0.0326940917968752,,37.9905891418457,1012.08078125,,76.5929,76.5929,,,,,,296.41455078125,297.3388671875,293.9370422363281,0.5396426391601561,,0.0,2.6593024730682373,3.3648428916931152,2.1685094833374023,2.7462754249572754,230.80471801757807,3.431373357772827
2026-06-23 22:00:00+00:00,18.081495697371377,,,,4.089154243469238,0.1867052078247071,0.592989196777344,1015.883484060174,0.2843988037109373,,39.34815979003906,1012.34390625,,77.863,77.863,,,,,,295.9082946777344,296.41778564453125,293.9370422363281,0.592989196777344,,0.0,2.744834423065185,3.499641895294189,1.9050884246826167,2.4289121627807617,235.2369079589844,3.341179132461548
2026-06-23 23:00:00+00:00,17.810550519478625,,,,4.089154243469238,0.1655502319335937,0.5553955078124999,1016.3581871769832,0.361685791015625,,39.464637756347656,1012.82109375,,77.29253,77.29253,,,,,,295.6164245605469,295.79986572265625,293.9370422363281,0.5553955078124999,,0.0,3.0642364025115967,3.950845956802368,1.4809168577194214,1.908947229385376,244.20594787597656,3.4033305644989014
2026-06-24 00:00:00+00:00,18.03685651055818,,,,4.089154243469238,0.2314884185791015,0.5985028076171877,1016.808143740489,0.3107376098632812,,41.42340850830078,1013.267734375,,79.54985,79.54985,,,,,,295.3214111328125,295.35693359375,293.9370422363281,0.5985028076171877,,0.0,1.780459761619568,2.2922797203063965,0.4621570110321045,0.5931040048599243,255.4487762451172,1.839463472366333
2026-06-24 00:00:00+00:00,18.208849425396963,,,,4.089154243469238,0.0703111648559571,0.9821682739257812,1016.8497672640532,0.6088427734374999,,44.56861114501953,1013.311171875,,81.72165,81.72165,,,,,,294.6415710449219,297.1534118652344,295.4927978515625,0.9821682739257812,,0.0,1.5338528156280518,1.5296952724456787,-0.3071092367172241,-0.2893956303596496,281.32208251953125,1.564295530319214
2026-06-24 01:00:00+00:00,17.917986015083027,,,,4.089154243469238,0.220384407043457,1.0,1016.4343548662576,0.7944784545898438,,45.63808822631836,1012.89484375,,79.766594,79.766594,,,,,,295.3102722167969,295.7445068359375,295.4927978515625,1.0,,0.0,1.3401743173599243,1.6552671194076538,-0.344255656003952,-0.4265943169593811,284.40631103515625,1.383683204650879
2026-06-24 02:00:00+00:00,18.23715638069728,,,,4.089154243469238,0.219637107849121,1.0,1016.7478852232975,0.6359655761718752,,46.23032760620117,1013.20859375,,83.054855,83.054855,,,,,,294.96905517578125,295.3280639648437,295.4927978515625,1.0,,0.0,1.9698452949523928,2.4770829677581787,-0.2399539947509765,-0.3012812435626983,276.9451904296875,1.984406352043152
2026-06-24 03:00:00+00:00,18.365424024048792,,,,4.089154243469238,0.0,1.0,1016.1011771482576,0.7171322631835939,,46.79224395751953,1012.569296875,,85.23459,85.23459,,,,,,294.6692810058594,294.9955749511719,295.4927978515625,1.0,,0.0,1.6861079931259155,2.1117563247680664,-0.692922055721283,-0.8693529963493347,292.3406677246094,1.822937488555908
2026-06-24 04:00:00+00:00,18.26229200625489,,,,4.089154243469238,0.0588878631591796,1.0,1016.3973579912296,0.5751565551757811,,46.76737594604492,1012.865546875,,84.5982,84.5982,,,,,,294.6306457519531,294.8175964355469,295.4927978515625,1.0,,0.0,1.7985916137695312,2.279904127120972,-0.7309383749961853,-0.9268905520439148,292.1165771484375,1.94144344329834
2026-06-24 05:00:00+00:00,18.6067489006724,,,,4.089154243469238,0.0114757537841796,1.0,1015.5939804696458,0.5619265747070314,,46.79256820678711,1012.067109375,,88.48106,88.48106,,,,,,294.3055725097656,294.604248046875,295.4927978515625,1.0,,0.0,1.7722843885421753,2.225076675415039,-0.5144408345222473,-0.6454876661300659,286.1864318847656,1.845438003540039
2026-06-24 06:00:00+00:00,18.684307843581337,,,,4.089154243469238,0.0883062362670898,1.0,1015.41035566854,0.7423556518554686,,46.90702819824219,1011.883984375,,88.684616,88.684616,,,,,,294.2348327636719,294.26611328125,295.4927978515625,1.0,,0.0,1.4483590126037598,1.854296326637268,0.3735858500003814,0.4812184870243072,255.5365447998047,1.495764136314392
2026-06-24 07:00:00+00:00,18.788587914275908,,,,4.089154243469238,0.0,1.0,1015.3520679693902,0.6620846557617188,,46.58136367797852,1011.827109375,,90.52253,90.52253,,,,,,293.953369140625,293.8968811035156,295.4927978515625,1.0,,0.0,1.1451678276062012,1.5275425910949707,-0.9285485148429872,-1.2385213375091553,309.0365295410156,1.4743173122406006
2026-06-24 08:00:00+00:00,18.58281799151863,,,,4.089154243469238,0.1157249450683592,1.0,1015.1715046777516,0.812044677734375,,46.777339935302734,1011.64734375,,89.96448,89.96448,,,,,,293.9096374511719,293.9600830078125,295.4927978515625,1.0,,0.0,1.4523534774780271,1.854707956314087,-0.5194922685623169,-0.6618388891220093,289.6816101074219,1.5424665212631226
2026-06-24 09:00:00+00:00,18.46908966940437,,,,4.089154243469238,0.1857107162475586,1.0,1015.4587722779116,0.9514782714843748,,45.86784362792969,1011.93359375,,89.07181,89.07181,,,,,,293.96746826171875,294.0515441894531,295.4927978515625,1.0,,0.0,2.1565499305725098,2.7698302268981934,-0.100544586777687,-0.1265500783920288,272.6693725585937,2.1588923931121826
2026-06-24 10:00:00+00:00,17.388735126819512,,,,4.089154243469238,0.211466407775879,1.0,1015.8396169581592,0.7248101806640626,,44.96495056152344,1012.3171875,,84.29275,84.29275,,,,,,293.73297119140625,293.8267822265625,295.4927978515625,1.0,,0.0,4.473008155822754,5.797039985656738,0.525652289390564,0.6792365908622742,263.29754638671875,4.503788471221924
2026-06-24 11:00:00+00:00,17.012611925481153,,,,4.089154243469238,0.1703020095825196,1.0,1016.5203794405328,0.7764108276367185,,45.24220657348633,1012.9915625,,80.05096,80.05096,,,,,,294.52978515625,295.6329650878906,295.4927978515625,1.0,,0.0,4.684948921203613,5.976705551147461,1.0380232334136963,1.3246939182281494,257.5070495605469,4.7985663414001465
2026-06-24 12:00:00+00:00,16.74161359023577,,,,4.089154243469238,0.1962028503417969,1.0,1017.2109603176082,0.7501034545898437,,45.18101501464844,1013.673203125,,75.577705,75.577705,,,,,,295.47760009765625,297.6446838378906,295.4927978515625,1.0,,0.0,5.224325180053711,6.628414154052734,1.090070128440857,1.3805491924285889,258.21417236328125,5.336836814880371
2026-06-24 13:00:00+00:00,16.935952810109864,,,,4.089154243469238,0.2049123764038085,1.0,1017.0724803507284,0.9294174194335936,,45.49418258666992,1013.53625,,77.172386,77.172386,,,,,,295.3018798828125,297.2984313964844,295.4927978515625,1.0,,0.0,4.627306938171387,5.844538688659668,0.4089573919773102,0.5175004601478577,264.9493713378906,4.64534330368042
2026-06-24 14:00:00+00:00,17.38555791343543,,,,4.089154243469238,0.1630811691284179,0.9357006835937498,1017.1217377740364,0.7525772094726562,,45.62081146240234,1013.58625,,78.67782,78.67782,,,,,,295.9188232421875,299.8338317871094,295.4927978515625,0.9357006835937498,,0.0,5.326013088226318,6.697930335998535,0.9837199449539183,1.2383745908737185,259.53533935546875,5.416098117828369
2026-06-24 15:00:00+00:00,17.636388478376922,,,,4.089154243469238,0.1612850189208985,0.953207702636719,1016.5450360440072,0.8553005981445314,,45.86437225341797,1013.005234375,,78.16903,78.16903,,,,,,296.4642333984375,301.2187805175781,295.4927978515625,0.953207702636719,,0.0,5.491174697875977,6.897333145141602,1.0354576110839844,1.3029608726501465,259.3212585449219,5.587948799133301
2026-06-24 16:00:00+00:00,17.895592407568653,,,,4.089154243469238,0.1658681869506835,0.8546829223632812,1016.2562822814162,0.9326571655273436,,45.90972900390625,1012.71484375,,78.58559,78.58559,,,,,,296.6057434082031,301.1347351074219,295.4927978515625,0.9326571655273436,,0.0,5.356560707092285,6.746914863586426,2.4552536010742188,3.095619440078736,245.3749847412109,5.892453670501709
2026-06-24 17:00:00+00:00,17.1462399152812,,,,4.089154243469238,0.1628135681152343,1.0,1016.2889072233992,0.910226135253906,,45.74482727050781,1012.745390625,,74.1377,74.1377,,,,,,296.7010192871094,300.9194030761719,295.4927978515625,1.0,,0.0,4.448601722717285,5.601816177368164,3.488332509994507,4.394985198974609,231.89854431152344,5.653186798095703
2026-06-24 18:00:00+00:00,17.434898464517786,,,,4.089154243469238,0.1673397064208983,1.0,1016.3935923477072,0.9796020507812502,,46.19451904296875,1012.85625,,79.22148,79.22148,,,,,,295.6781921386719,298.7764892578125,295.4927978515625,1.0,,0.0,4.696014404296875,5.931761741638184,2.974264144897461,3.758556604385376,237.6514892578125,5.558668613433838
2026-06-24 19:00:00+00:00,16.941059447052645,,,,4.089154243469238,0.1441911697387694,1.0,1017.3288578054392,1.0,,46.17700958251953,1013.789921875,,77.48633,77.48633,,,,,,295.2311096191406,297.177734375,295.4927978515625,1.0,,0.0,3.47268295288086,4.39290714263916,3.199888229370117,4.046369552612305,227.34112548828125,4.722161769866943
2026-06-24 20:00:00+00:00,16.907389919079048,,,,4.089154243469238,0.2488546371459961,1.0,1018.0728498768228,1.0,,46.20465850830078,1014.53515625,,80.44809,80.44809,,,,,,294.4085388183594,295.71173095703125,295.4927978515625,1.0,,0.0,3.429433107376098,4.342376708984375,2.42317795753479,3.0654752254486084,234.7556304931641,4.199142932891846
2026-06-24 21:00:00+00:00,17.555232894767382,,,,4.089154243469238,0.1655059814453126,1.0,1019.242801761916,1.0,,46.43035888671875,1015.700234375,,86.33203,86.33203,,,,,,293.8829345703125,294.9812316894531,295.4927978515625,1.0,,0.0,2.309854507446289,2.9060020446777344,2.003509521484375,2.522791862487793,229.0624542236328,3.05769157409668
2026-06-24 22:00:00+00:00,17.32882963923028,,,,4.089154243469238,0.1303043365478515,1.0,1019.6484092558296,1.0,,45.93736267089844,1016.110390625,,87.431435,87.431435,,,,,,293.3847045898437,294.33447265625,295.4927978515625,1.0,,0.0,1.640645146369934,2.0257680416107178,1.060399293899536,1.3040883541107178,237.12417602539065,1.9535002708435056
2026-06-24 23:00:00+00:00,17.11081894584706,,,,4.089154243469238,0.1540246963500977,1.0,1019.839261634714,0.7414184570312501,,44.087684631347656,1016.29625,,84.43333,84.43333,,,,,,293.593017578125,294.1830139160156,295.4927978515625,1.0,,0.0,1.178691267967224,1.4442254304885864,0.2507076561450958,0.3078354299068451,257.9921264648437,1.205059051513672
2026-06-25 00:00:00+00:00,17.393742745434892,,,,4.089154243469238,0.1651828765869141,1.0,1020.3558729768564,0.5943334960937499,,43.58687210083008,1016.810625,,85.9134,85.9134,,,,,,293.6117248535156,294.1835632324219,295.4927978515625,1.0,,0.0,1.3980307579040527,1.7250494956970217,0.3789265155792236,0.4667977392673492,254.8347320556641,1.4484734535217283
2026-06-25 00:00:00+00:00,18.896474951425585,,,,4.089154243469238,0.4927585601806641,0.8831149291992189,1019.3857985043868,0.835348815917969,,45.7326774597168,1015.848671875,,93.85306,93.85306,,,,,,293.12188720703125,297.1534118652344,293.601806640625,0.8831149291992189,,0.0,-0.235512226819992,-0.2418754249811172,-0.4073407053947449,-0.448333740234375,30.03521728515625,0.4705235958099365
2026-06-25 01:00:00+00:00,18.65778654136257,,,,4.089154243469238,0.4037300109863282,1.0,1019.125632066006,0.789622802734375,,44.83710861206055,1015.58390625,,92.51627,92.51627,,,,,,293.54010009765625,293.6058044433594,293.601806640625,1.0,,0.0,0.2314241528511047,0.2891708314418793,0.5946719646453857,0.7306731939315796,201.26412963867188,0.6381158828735352
2026-06-25 02:00:00+00:00,18.24880634832461,,,,4.089154243469238,0.6403257369995119,1.0,1019.4059196895674,0.6426889038085939,,45.49956512451172,1015.864453125,,90.136345,90.136345,,,,,,293.56646728515625,293.68670654296875,293.601806640625,1.0,,0.0,1.4889711141586304,1.8970744609832764,1.269626259803772,1.61847186088562,229.54620361328125,1.9567794799804688
2026-06-25 03:00:00+00:00,18.01926029676801,,,,4.089154243469238,0.7961736679077149,1.0,1019.624044917729,0.8164285278320311,,44.970359802246094,1016.0821875,,89.087654,89.087654,,,,,,293.529541015625,293.6785888671875,293.601806640625,1.0,,0.0,1.0455973148345947,1.3115057945251465,0.8767555356025696,1.0987017154693604,230.0194549560547,1.3645416498184204
2026-06-25 04:00:00+00:00,17.596160758824922,,,,4.089154243469238,0.7171873092651366,1.0,1019.6147111217816,1.0,,44.25178909301758,1016.073359375,,86.802826,86.802826,,,,,,293.5112609863281,293.6570129394531,293.601806640625,1.0,,0.0,0.73697829246521,0.927149534225464,1.261590838432312,1.5854898691177368,210.29200744628903,1.4610778093338013
2026-06-25 05:00:00+00:00,17.678298289951417,,,,4.089154243469238,0.2754726409912109,1.0,1019.6472732667788,1.0,,43.567161560058594,1016.10609375,,87.67746,87.67746,,,,,,293.4379272460937,293.59429931640625,293.601806640625,1.0,,0.0,1.292062759399414,1.6226506233215332,-0.6677784323692322,-0.8386154174804688,297.3313293457031,1.4544256925582886
2026-06-25 06:00:00+00:00,17.657894215396237,,,,4.089154243469238,0.2147912979125976,1.0,1019.4166119665437,1.0,,43.152488708496094,1015.87859375,,88.12016,88.12016,,,,,,293.3370056152344,293.4955444335937,293.601806640625,1.0,,0.0,1.4510613679885864,1.8220971822738647,0.0527413077652454,0.0654821842908859,267.9183959960937,1.4520195722579956
2026-06-25 07:00:00+00:00,17.575567129582375,,,,4.089154243469238,0.2258239746093751,0.9797088623046876,1019.6869749484592,1.0,,43.16533279418945,1016.14796875,,87.97039,87.97039,,,,,,293.2527770996094,293.35858154296875,293.601806640625,1.0,,0.0,0.6420789361000061,0.7872753143310547,-0.364600121974945,-0.4498096108436584,299.5897827148437,0.7383756637573242
2026-06-25 08:00:00+00:00,18.03115505230737,,,,4.089154243469238,0.2274843215942383,1.0,1019.9488750089912,1.0,,43.661224365234375,1016.40984375,,91.962296,91.962296,,,,,,293.0784912109375,293.3447265625,293.601806640625,1.0,,0.0,0.6712433695793152,0.8309723138809204,-1.07514488697052,-1.3306982517242432,328.0223083496094,1.267479419708252
2026-06-25 09:00:00+00:00,18.084346927825315,,,,4.089154243469238,0.2222942352294921,1.0,1020.571715595883,1.0,,43.71422576904297,1017.033359375,,92.72466,92.72466,,,,,,292.9826965332031,293.2295227050781,293.601806640625,1.0,,0.0,0.7811710238456726,0.9548567533493042,0.0240107588469982,0.0373980887234211,268.2394714355469,0.7815399169921875
2026-06-25 10:00:00+00:00,18.169124408650973,,,,4.089154243469238,0.2012258529663086,1.0,1021.6866233849706,1.0,,44.10311126708984,1018.14140625,,93.34853,93.34853,,,,,,292.9789123535156,293.2289428710937,293.601806640625,1.0,,0.0,-1.6427710056304932,-2.0772130489349365,1.3065212965011597,1.660895824432373,128.4957733154297,2.098974704742432
2026-06-25 11:00:00+00:00,18.160284067519555,,,,4.089154243469238,0.1720005035400391,1.0,1022.3145330162356,1.0,,43.95610427856445,1018.7634375,,91.32275,91.32275,,,,,,293.29669189453125,293.49322509765625,293.601806640625,1.0,,0.0,-1.3676981925964355,-1.7487534284591677,2.240363836288452,2.865330219268799,148.5967559814453,2.6248483657836914
2026-06-25 12:00:00+00:00,17.806835293807474,,,,4.089154243469238,0.2055984497070313,1.0,1023.1991583671396,1.0,,44.42928314208984,1019.648046875,,89.10378,89.10378,,,,,,293.40460205078125,293.8006286621094,293.601806640625,1.0,,0.0,-1.2064255475997925,-1.5353338718414309,2.9380571842193604,3.741809129714966,157.67596435546875,3.17610502243042
2026-06-25 13:00:00+00:00,17.704770424686945,,,,4.089154243469238,0.213350486755371,1.0,1022.9662328902988,1.0,,44.908016204833984,1019.414765625,,86.996796,86.996796,,,,,,293.7435302734375,294.3056640625,293.601806640625,1.0,,0.0,-1.0855624675750732,-1.3731215000152588,2.8191258907318115,3.5658583641052246,158.9397735595703,3.0209131240844727
2026-06-25 14:00:00+00:00,18.11106520955297,,,,4.089154243469238,0.2355407714843749,1.0,1023.7903383757438,1.0,,45.08393096923828,1020.2346875,,89.55212,89.55212,,,,,,293.70928955078125,294.3096923828125,293.601806640625,1.0,,0.0,-3.385270357131958,-4.302946090698242,0.6502451300621033,0.8218634128570557,100.87298583984376,3.4471545219421387
2026-06-25 15:00:00+00:00,18.005127292089867,,,,4.089154243469238,0.2393835067749024,1.0,1023.4507281708292,1.0,,45.348289489746094,1019.89421875,,87.206505,87.206505,,,,,,294.1622009277344,295.2055053710937,293.601806640625,1.0,,0.0,-2.214858055114746,-2.7511086463928223,1.01233172416687,1.2609131336212158,114.5634307861328,2.435243606567383
2026-06-25 16:00:00+00:00,18.583779759445164,,,,4.089154243469238,0.275947380065918,1.0,1023.4286965820356,1.0,,45.47413635253906,1019.872421875,,91.72446,91.72446,,,,,,293.93560791015625,294.9189453125,293.601806640625,1.0,,0.0,-2.2583487033843994,-2.8484106063842773,2.472866535186768,3.119069576263428,137.5960693359375,3.3489115238189697
2026-06-25 17:00:00+00:00,17.818629129688695,,,,4.089154243469238,0.2843122482299804,1.0,1023.2052222719808,1.0,,45.39521789550781,1019.6525,,87.735596,87.735596,,,,,,293.8793029785156,294.925048828125,293.601806640625,1.0,,0.0,-3.127645254135132,-3.970458030700684,2.726163387298584,3.4641809463500977,131.07652282714844,4.148991584777832
2026-06-25 18:00:00+00:00,17.998238201784353,,,,4.089154243469238,0.3220685958862304,1.0,1022.7020926041156,1.0,,46.09558868408203,1019.151953125,,88.791595,88.791595,,,,,,293.9029846191406,295.03424072265625,293.601806640625,1.0,,0.0,-2.514420509338379,-3.177699565887451,2.8849587440490723,3.6440696716308594,138.9258270263672,3.8269174098968506
2026-06-25 19:00:00+00:00,17.95410166914406,,,,4.089154243469238,0.2644081115722656,1.0,1023.0129713570642,1.0,,46.0711555480957,1019.45546875,,85.37261,85.37261,,,,,,294.3664855957031,295.11590576171875,293.601806640625,1.0,,0.0,-2.722196578979492,-3.436344623565674,1.405813217163086,1.7749361991882324,117.3130111694336,3.0637664794921875
2026-06-25 20:00:00+00:00,18.48404287564179,,,,4.089154243469238,0.2273881912231445,1.0,1023.127986380762,1.0,,47.02327346801758,1019.574765625,,91.81422,91.81422,,,,,,293.61846923828125,294.017578125,293.601806640625,1.0,,0.0,-2.843246936798096,-3.634242296218872,2.17067551612854,2.7808680534362797,127.3599090576172,3.577133655548096
2026-06-25 21:00:00+00:00,18.253300207099773,,,,4.089154243469238,0.1705802917480468,1.0,1023.7416797480996,1.0,,47.2559700012207,1020.190625,,92.94737,92.94737,,,,,,293.16510009765625,293.5068664550781,293.601806640625,1.0,,0.0,-2.310830593109131,-2.953261375427246,2.3745720386505127,3.0342884063720703,135.7794189453125,3.3133864402771
2026-06-25 22:00:00+00:00,18.521243197188426,,,,4.089154243469238,0.3923561096191406,1.0,1023.6489940038196,1.0,,47.7243537902832,1020.100703125,,94.382835,94.382835,,,,,,293.1552734375,293.3929748535156,293.601806640625,1.0,,0.0,-2.23457145690918,-2.8533785343170166,1.8936737775802608,2.420670986175537,130.27940368652344,2.9290459156036377
2026-06-25 23:00:00+00:00,18.32878199838445,,,,4.089154243469238,0.3166519165039063,1.0,1023.9291743627776,1.0,,47.81812286376953,1020.369140625,,87.97449,87.97449,,,,,,293.8621520996094,293.6870422363281,293.601806640625,1.0,,0.0,-2.261281013488769,-3.0505642890930176,0.5281057953834534,0.7103180885314941,103.14540100097656,2.322129964828491
2026-06-26 00:00:00+00:00,18.44203724792736,,,,4.089154243469238,0.2316709518432618,1.0,1024.2760236512763,1.0,,48.19341659545898,1020.71640625,,89.12124,89.12124,,,,,,293.8083190917969,293.68182373046875,293.601806640625,1.0,,0.0,-2.2826571464538574,-3.045921802520752,0.2381235212087631,0.318913996219635,95.95547485351562,2.2950439453125
2026-06-26 00:00:00+00:00,18.407119355187373,,,,4.089154243469238,0.2994037628173829,1.0,1026.1755155271278,1.0,,44.82479095458984,1022.618671875,,97.925835,97.925835,,,,,,291.93994140625,297.1534118652344,292.3665771484375,1.0,,0.0,-0.8729348182678223,-0.878520667552948,0.3252714574337005,0.3496003150939941,110.43630981445312,0.931566834449768
2026-06-26 01:00:00+00:00,18.379704744203583,,,,4.089154243469238,0.309381866455078,1.0,1025.8564907642613,1.0,,44.93209838867188,1022.299296875,,97.39163,97.39163,,,,,,292.3032531738281,292.2612609863281,292.3665771484375,1.0,,0.0,-0.2521558105945587,-0.3672807812690735,0.2292172908782959,0.3357614874839782,132.27178955078125,0.340768426656723
2026-06-26 02:00:00+00:00,18.36351741717993,,,,4.089154243469238,0.645431709289551,1.0,1025.3729831535402,1.0,,45.405704498291016,1021.8196875,,98.04532,98.04532,,,,,,292.3092041015625,292.36187744140625,292.3665771484375,1.0,,0.0,-0.1719522774219513,-0.2155612856149673,0.5452254414558411,0.6690658926963806,162.495849609375,0.5716977715492249
2026-06-26 03:00:00+00:00,18.38801165574861,,,,4.089154243469238,0.7090549468994141,1.0,1025.2221180395356,0.9988272094726564,,45.76856231689453,1021.67,,97.733955,97.733955,,,,,,292.4097900390625,292.5600280761719,292.3665771484375,1.0,,0.0,-0.0668363124132156,-0.0805460810661315,0.3810510635375976,0.4562617540359497,170.05152893066406,0.3868682086467743
2026-06-26 04:00:00+00:00,18.263570208059896,,,,4.089154243469238,0.7573728561401367,1.0,1024.5716517938424,1.0,,46.308082580566406,1021.0246875,,97.02257,97.02257,,,,,,292.4369201660156,292.6386413574219,292.3665771484375,1.0,,0.0,0.5904680490493774,0.7303555011749268,-0.8439040780067444,-1.036974549293518,325.0200500488281,1.0299643278121948
2026-06-26 05:00:00+00:00,18.082652990131045,,,,4.089154243469238,0.7838077545166016,1.0,1024.1958199184835,1.0,,46.49220657348633,1020.649765625,,95.04615,95.04615,,,,,,292.5608825683594,292.7722473144531,292.3665771484375,1.0,,0.0,0.3106921017169952,0.3724597692489624,0.3134519159793854,0.3741281628608703,224.7466583251953,0.4413407742977142
2026-06-26 06:00:00+00:00,18.02948907126735,,,,4.089154243469238,0.7454401016235352,1.0,1023.867500470326,1.0,,47.02064514160156,1020.32265625,,94.48661,94.48661,,,,,,292.59814453125,292.7909545898437,292.3665771484375,1.0,,0.0,0.3081417977809906,0.3731229305267334,-0.3487186729907989,-0.4216498434543609,318.5348815917969,0.4653558731079101
2026-06-26 07:00:00+00:00,17.906627629789067,,,,4.089154243469238,0.7379337310791017,1.0,1024.1077059808422,1.0,,47.368282318115234,1020.564296875,,93.708015,93.708015,,,,,,292.5632019042969,292.6224365234375,292.3665771484375,1.0,,0.0,0.5598587989807129,0.6914093494415283,-0.3253119587898254,-0.4017317295074463,300.1591796875,0.6475104093551636
2026-06-26 08:00:00+00:00,17.32190440859645,,,,4.089154243469238,0.7669345855712892,0.96659423828125,1024.045961251146,1.0,,47.56550216674805,1020.5059375,,89.75602,89.75602,,,,,,292.64813232421875,292.6974182128906,292.3665771484375,1.0,,0.0,1.355823278427124,1.7256591320037842,-0.3687595129013061,-0.4687963724136352,285.2153625488281,1.4050766229629517
2026-06-26 09:00:00+00:00,17.30683637892898,,,,4.089154243469238,0.7589216232299805,0.9911843872070314,1024.1001000997485,1.0,,47.948020935058594,1020.5621875,,90.42133,90.42133,,,,,,292.5395812988281,292.6410522460937,292.3665771484375,1.0,,0.0,0.9202234148979188,1.1482884883880615,-0.5597575902938843,-0.6984052658081055,301.3114929199219,1.077097773551941
2026-06-26 10:00:00+00:00,17.16486603872058,,,,4.089154243469238,0.7444988250732423,0.9846041870117186,1024.3046099879225,1.0,,48.2153434753418,1020.766171875,,89.26262,89.26262,,,,,,292.60467529296875,292.7264709472656,292.3665771484375,1.0,,0.0,0.9079537391662598,1.1210412979125977,-0.1085149273276329,-0.1329810321331024,276.8154296875,0.9144153594970704
2026-06-26 11:00:00+00:00,17.254266597490616,,,,4.089154243469238,0.849747085571289,0.8066802978515626,1024.4464481934765,1.0,,47.94293212890625,1020.91296875,,90.55794,90.55794,,,,,,292.55810546875,292.9501037597656,292.3665771484375,1.0,,0.0,0.3378381431102752,0.4126973748207092,-0.9173957705497742,-1.12237811088562,339.78338623046875,0.9776244759559632
2026-06-26 12:00:00+00:00,17.29035338825479,,,,4.089154243469238,0.709269332885742,0.8089654541015623,1024.936326562285,1.0,,47.36646270751953,1021.400234375,,90.30411,90.30411,,,,,,292.69500732421875,293.3603515625,292.3665771484375,1.0,,0.0,0.5761762857437134,0.6950688362121582,-0.4645254909992218,-0.5612289905548096,308.8764953613281,0.7401101589202881
2026-06-26 13:00:00+00:00,17.181559445962574,,,,4.089154243469238,0.6854549407958985,0.6861010742187501,1024.537453275351,1.0,,46.91394805908203,1020.99921875,,86.58698,86.58698,,,,,,293.3385925292969,294.392822265625,292.3665771484375,1.0,,0.0,0.5774301886558533,0.692884624004364,-0.4778705239295959,-0.5748238563537598,309.61053466796875,0.7495237588882446
2026-06-26 14:00:00+00:00,17.228815537811684,,,,4.089154243469238,0.6146890640258791,0.630584716796875,1024.557899316617,1.0,,45.97674179077149,1021.01328125,,82.9469,82.9469,,,,,,294.0780944824219,295.2963256835937,292.3665771484375,1.0,,0.0,-0.0290489178150892,-0.0348745137453079,-0.3681096136569977,-0.4361476004123688,4.512075424194336,0.3692540228366852
2026-06-26 15:00:00+00:00,17.21055039561408,,,,4.089154243469238,0.4344673156738281,0.5769531250000002,1023.874395870412,1.0,,45.28032302856445,1020.3284375,,80.61579,80.61579,,,,,,294.55194091796875,295.80987548828125,292.3665771484375,1.0,,0.0,-0.3798697292804718,-0.4534147381782532,-0.4767034947872162,-0.569115400314331,38.55021667480469,0.6095467209815979
2026-06-26 16:00:00+00:00,17.337692360083754,,,,4.089154243469238,0.5618812561035158,0.6552774047851564,1023.2325019979966,1.0,,44.69620132446289,1019.68671875,,79.405235,79.405235,,,,,,295.0157165527344,296.4778137207031,292.3665771484375,1.0,,0.0,-0.8381422162055969,-1.0161975622177124,-0.8127698302268982,-0.98390793800354,45.8804931640625,1.1675089597702026
2026-06-26 17:00:00+00:00,17.51980319787588,,,,4.089154243469238,0.7296258926391603,0.7367077636718751,1022.6928269705728,1.0,,44.42084884643555,1019.145390625,,78.693405,78.693405,,,,,,295.1970520019531,296.2172241210937,292.3665771484375,1.0,,0.0,-0.3773877322673797,-0.4454991221427917,0.1538376659154892,0.183528333902359,112.1776885986328,0.4075383841991424
2026-06-26 18:00:00+00:00,17.693753416769656,,,,4.089154243469238,0.8306631088256835,0.7333480834960939,1022.1551854513916,1.0,,44.59668350219727,1018.60640625,,78.87663,78.87663,,,,,,295.3369140625,296.1797180175781,292.3665771484375,1.0,,0.0,0.6417630910873413,0.7738733887672424,-0.5096604228019714,-0.6151111721992493,308.455078125,0.8195203542709351
2026-06-26 19:00:00+00:00,17.819312746633862,,,,4.089154243469238,0.814092445373535,0.9381042480468752,1022.3000578228804,1.0,,44.76942443847656,1018.7521875,,79.28724,79.28724,,,,,,295.25830078125,295.65301513671875,292.3665771484375,1.0,,0.0,0.3586752414703369,0.4318781495094299,-0.4214887917041778,-0.507049024105072,319.6031494140625,0.5534444451332092
2026-06-26 20:00:00+00:00,17.973456710140614,,,,4.089154243469238,0.7913082122802733,0.8769140625,1021.9483685935376,1.0,,44.49141693115234,1018.406640625,,80.74732,80.74732,,,,,,295.03924560546875,295.15478515625,292.3665771484375,1.0,,0.0,0.0498216897249221,0.0594825521111488,-0.4716358184814453,-0.5716245770454407,353.9698791503906,0.474260002374649
2026-06-26 21:00:00+00:00,18.0901296780578,,,,4.089154243469238,0.7954042434692381,0.72165771484375,1022.5995484005676,1.0,,44.781620025634766,1019.0609375,,83.60502,83.60502,,,,,,294.5936889648437,294.6755676269531,292.3665771484375,1.0,,0.0,0.1454105675220489,0.1808640360832214,-0.841650664806366,-1.0438315868377686,350.1978759765625,0.8541194796562195
2026-06-26 22:00:00+00:00,17.96150108546507,,,,4.089154243469238,0.7870252609252928,0.7439221191406249,1022.93145053178,1.0,,44.90261459350586,1019.3953125,,83.7365,83.7365,,,,,,294.399169921875,294.409423828125,292.3665771484375,1.0,,0.0,0.2798448503017425,0.3522830605506897,-0.586120069026947,-0.735098123550415,334.47772216796875,0.6494997143745422
2026-06-26 23:00:00+00:00,17.795120878057777,,,,4.089154243469238,0.7825233459472658,0.6956329345703125,1023.5079541185396,1.0,,44.936859130859375,1019.96609375,,81.40045,81.40045,,,,,,294.3585510253906,294.2051086425781,292.3665771484375,1.0,,0.0,0.2956994473934173,0.4050547182559967,-0.4431129097938537,-0.6081895232200623,326.2839050292969,0.5327168107032776
2026-06-27 00:00:00+00:00,17.930593489744666,,,,4.089154243469238,0.5448127746582032,0.7187152099609375,1024.067124098321,0.9132498168945312,,44.87667465209961,1020.525078125,,84.01586,84.01586,,,,,,294.10821533203125,294.0268249511719,292.3665771484375,0.9132498168945312,,0.0,0.067890428006649,0.104342445731163,-0.5267549157142639,-0.7933735251426697,352.6559753417969,0.5311118960380554
2026-06-27 00:00:00+00:00,18.705364200198154,,,,4.089154243469238,0.4539136886596679,0.5483859252929686,1025.0381236650771,0.661343994140625,,42.599395751953125,1021.4978125,,96.93967,96.93967,,,,,,292.4053649902344,297.1534118652344,292.4759826660156,0.661343994140625,,0.0,0.7932858467102051,0.7900524139404297,-0.3990445733070373,-0.3931838870048523,296.7036437988281,0.8879972100257874
2026-06-27 01:00:00+00:00,18.532642276879525,,,,4.089154243469238,0.3076148986816407,0.6607049560546874,1025.2131033485368,0.9428738403320313,,42.62857818603516,1021.6753125,,98.400154,98.400154,,,,,,292.3162841796875,292.2245788574219,292.4759826660156,0.9428738403320313,,0.0,0.6818447113037109,0.9473745822906494,-1.119300127029419,-1.5557012557983398,328.6514587402344,1.3106276988983154
2026-06-27 02:00:00+00:00,18.3652650527216,,,,4.089154243469238,0.3228466033935546,0.671109619140625,1024.6757302273302,0.8920425415039062,,43.3050422668457,1021.14078125,,97.30506,97.30506,,,,,,292.26226806640625,292.1775817871094,292.4759826660156,0.8920425415039062,,0.0,0.7909373044967651,1.2762219905853271,0.0777560174465179,0.1288244277238845,264.3853759765625,0.7947501540184021
2026-06-27 03:00:00+00:00,18.20332586005347,,,,4.089154243469238,0.2173112869262694,0.6714227294921873,1024.13719788088,0.936981506347656,,42.79541397094727,1020.60625,,96.41767,96.41767,,,,,,292.0917663574219,291.96881103515625,292.4759826660156,0.936981506347656,,0.0,0.7249621748924255,1.2829506397247314,0.3572919070720672,0.633874773979187,243.76397705078125,0.8082250356674194
2026-06-27 04:00:00+00:00,18.01662091139626,,,,4.089154243469238,0.0,0.6164950561523437,1024.1430240282657,0.7565371704101564,,41.57547378540039,1020.613203125,,95.14441,95.14441,,,,,,291.9116516113281,291.7113952636719,292.4759826660156,0.7565371704101564,,0.0,0.979887843132019,1.647303342819214,-0.064924731850624,-0.1110014021396637,273.79071044921875,0.9820363521575928
2026-06-27 05:00:00+00:00,17.97154065911208,,,,4.089154243469238,0.0,0.4692150878906251,1023.2670330054076,0.6632308959960938,,39.98480987548828,1019.746875,,98.40998,98.40998,,,,,,291.6017150878906,291.504638671875,292.4759826660156,0.6632308959960938,,0.0,0.7304314970970154,1.2914271354675293,-0.0830752179026603,-0.1476635634899139,276.4886169433594,0.7351405620574951
2026-06-27 06:00:00+00:00,17.838281755190675,,,,4.089154243469238,0.0,0.4003631591796877,1022.6199713092212,0.524197998046875,,38.697174072265625,1019.101875,,96.819016,96.819016,,,,,,291.5269470214844,291.3215637207031,292.4759826660156,0.524197998046875,,0.0,0.5462831854820251,0.7429982423782349,-0.1971742808818817,-0.2675039172172546,289.846435546875,0.5807779431343079
2026-06-27 07:00:00+00:00,17.637978253468766,,,,4.089154243469238,0.0,0.3108273315429688,1022.911328010252,0.3600976562499998,,37.55146408081055,1019.396171875,,97.76414,97.76414,,,,,,291.3119812011719,291.1718444824219,292.4759826660156,0.3600976562499998,,0.0,0.0183977596461772,0.0317074283957481,-0.9258005023002625,-1.5989216566085815,358.8615417480469,0.9259833097457886
2026-06-27 08:00:00+00:00,17.668782006413235,,,,4.089154243469238,0.0,0.2475692749023439,1022.4582081190292,0.2680673217773437,,36.2208366394043,1018.95109375,,100.0,100.0,,,,,,291.05596923828125,290.996826171875,292.4759826660156,0.2680673217773437,,0.0,-0.3222039937973022,-0.4373199939727783,-1.1984736919403076,-1.6251239776611328,15.047891616821287,1.2410296201705933
2026-06-27 09:00:00+00:00,17.6141011146399,,,,4.089154243469238,0.0,0.3060137939453127,1022.7696377128508,0.2103851318359373,,34.65238571166992,1019.262109375,,100.0,100.0,,,,,,290.94097900390625,290.81256103515625,292.4759826660156,0.3060137939453127,,0.0,-0.251569926738739,-0.3422819375991821,-0.262171059846878,-0.3542347848415375,43.8178596496582,0.3633470833301544
2026-06-27 10:00:00+00:00,17.64645749672649,,,,4.089154243469238,0.0,0.2295034790039061,1023.198370408228,0.1162771606445312,,33.77836227416992,1019.68828125,,100.0,100.0,,,,,,291.1713562011719,291.13427734375,292.4759826660156,0.2295034790039061,,0.0,-0.5199101567268372,-0.766255795955658,-0.3287668526172638,-0.4865755438804626,57.69265365600586,0.6151375770568848
2026-06-27 11:00:00+00:00,17.604247774163117,,,,4.089154243469238,0.0,0.2599935913085938,1023.4788909875556,0.0142602539062499,,32.941654205322266,1019.963984375,,97.08686,97.08686,,,,,,292.0669250488281,293.7552490234375,292.4759826660156,0.2599935913085938,,0.0,-0.094386950135231,-0.1112877801060676,-0.911564290523529,-1.0848790407180786,5.911563873291016,0.9164378643035888
2026-06-27 12:00:00+00:00,17.337467652834206,,,,4.089154243469238,0.0,0.2291229248046873,1023.8279182234274,0.0733697509765622,,32.097618103027344,1020.2915625,,83.92165,83.92165,,,,,,294.22821044921875,297.30877685546875,292.4759826660156,0.2291229248046873,,0.0,-0.1615607887506485,-0.1900829523801803,0.0373912192881107,0.0448497906327247,103.0309600830078,0.1658312082290649
2026-06-27 13:00:00+00:00,17.24706719271195,,,,4.089154243469238,0.0,0.3592147827148437,1023.1812737576208,0.0,,31.539209365844727,1019.629375,,73.80932,73.80932,,,,,,296.44793701171875,300.8127746582031,292.4759826660156,0.3592147827148437,,0.0,-0.0081076929345726,-0.0107633173465728,0.0261014699935913,0.0325132757425308,162.74404907226562,0.027331693097949
2026-06-27 14:00:00+00:00,17.4527297016142,,,,4.089154243469238,0.0,0.1377996826171874,1023.1138122869894,0.0,,31.66603279113769,1019.541484375,,66.714714,66.714714,,,,,,298.5128173828125,303.8395690917969,292.4759826660156,0.1377996826171874,,0.0,-0.1386145651340484,-0.1655985414981842,0.534382700920105,0.6366722583770752,165.4584197998047,0.5520678162574768
2026-06-27 15:00:00+00:00,17.444566842592103,,,,4.089154243469238,0.0,0.1462353515624999,1022.3528858094166,0.0,,31.68018913269043,1018.775,,62.702385,62.702385,,,,,,299.83856201171875,305.5927734375,292.4759826660156,0.1462353515624999,,0.0,-1.7650622129440308,-2.1546435356140137,1.186446189880371,1.44599449634552,123.90835571289062,2.126757860183716
2026-06-27 16:00:00+00:00,18.544587155601644,,,,4.089154243469238,0.0,0.357757568359375,1021.8282557133632,0.0,,32.52785873413086,1018.25390625,,69.491776,69.491776,,,,,,299.4901733398437,305.5455017089844,292.4759826660156,0.357757568359375,,0.0,-3.0649802684783936,-3.777131319046021,1.6076103448867798,1.9797223806381223,117.67742156982422,3.4609992504119877
2026-06-27 17:00:00+00:00,18.82559255371972,,,,4.089154243469238,0.0,0.350799560546875,1021.3533137751476,0.1859918212890625,,33.89547348022461,1017.77875,,70.839294,70.839294,,,,,,299.427490234375,304.8441467285156,292.4759826660156,0.350799560546875,,0.0,-3.745853900909424,-4.654234886169434,2.0329384803771973,2.527676105499268,118.48943328857422,4.261954784393311
2026-06-27 18:00:00+00:00,18.83996185000644,,,,4.089154243469238,0.0,0.47180419921875,1020.8274042309972,0.4219354248046874,,34.69680404663086,1017.256640625,,73.10638,73.10638,,,,,,298.75653076171875,303.2400207519531,292.4759826660156,0.47180419921875,,0.0,-3.616122722625733,-4.510770797729492,2.5118277072906494,3.13405990600586,124.78457641601562,4.402910709381104
2026-06-27 19:00:00+00:00,18.94399371951221,,,,4.089154243469238,0.0,0.6308193969726563,1021.391729443763,0.2297601318359374,,35.244991302490234,1017.82015625,,74.9528,74.9528,,,,,,298.13720703125,301.1606140136719,292.4759826660156,0.6308193969726563,,0.0,-2.9999067783355717,-3.746790885925293,2.5311508178710938,3.1624860763549805,130.15577697753906,3.925068855285645
2026-06-27 20:00:00+00:00,19.012362282943503,,,,4.089154243469238,0.0,0.701627197265625,1021.4128746288502,0.44881103515625,,36.20326232910156,1017.846953125,,78.52687,78.52687,,,,,,297.0350036621094,298.45654296875,292.4759826660156,0.701627197265625,,0.0,-2.7814714908599854,-3.5041327476501465,2.2478394508361816,2.8309197425842285,128.94332885742188,3.5762221813201904
2026-06-27 21:00:00+00:00,19.19615651455042,,,,4.089154243469238,0.0,0.8127429199218752,1022.2528022803984,0.3847564697265624,,34.62567138671875,1018.689140625,,83.72479,83.72479,,,,,,295.97882080078125,296.7513732910156,292.4759826660156,0.8127429199218752,,0.0,-2.460118770599365,-3.105334520339966,1.8081977367401123,2.283515453338623,126.31604766845705,3.0531563758850098
2026-06-27 22:00:00+00:00,19.15355281299582,,,,4.089154243469238,0.0,0.7090164184570313,1022.394052291826,0.499886779785156,,35.346195220947266,1018.83390625,,84.24439,84.24439,,,,,,295.6771240234375,296.0420227050781,292.4759826660156,0.7090164184570313,,0.0,-1.1037938594818115,-1.3586220741271973,0.3161717653274536,0.384631872177124,105.98387908935548,1.1481835842132568
2026-06-27 23:00:00+00:00,19.65770318321813,,,,4.089154243469238,0.0,0.4174856567382812,1022.8194428775524,0.253095703125,,36.34457015991211,1019.264453125,,91.07708,91.07708,,,,,,294.93927001953125,295.2891845703125,292.4759826660156,0.4174856567382812,,0.0,-1.5128117799758911,-1.8875515460968015,0.8114951848983765,1.0148684978485107,118.20978546142578,1.7167189121246338
2026-06-28 00:00:00+00:00,19.962581299786653,,,,4.089154243469238,0.0,0.4193051147460935,1023.0990260617874,0.6788076782226562,,38.42296600341797,1019.54875,,93.84895,93.84895,,,,,,294.6827087402344,294.8382263183594,292.4759826660156,0.6788076782226562,,0.0,-0.7111541032791138,-0.8789700269699097,0.551243007183075,0.6800718903541565,127.78064727783205,0.8997827768325806
2026-06-28 00:00:00+00:00,18.84042273468901,,,,4.089154243469238,0.0,0.4508688354492189,1023.0892157151064,0.0,,35.80662155151367,1019.549140625,,90.82301,90.82301,,,,,,293.58837890625,297.1534118652344,293.87164306640625,0.4508688354492189,,0.0,0.7799664735794067,0.7694494128227234,-0.2498418688774109,-0.250633180141449,287.7615051269531,0.8190046548843384
2026-06-28 01:00:00+00:00,18.641401814974163,,,,4.089154243469238,0.0,0.5926736450195311,1022.7089381947716,0.0,,35.847320556640625,1019.173125,,91.29887,91.29887,,,,,,293.7178039550781,293.740966796875,293.87164306640625,0.5926736450195311,,0.0,1.1806641817092896,1.5153433084487915,-0.9461777806282043,-1.2114430665969849,308.70849609375,1.513016939163208
2026-06-28 02:00:00+00:00,18.359968186841236,,,,4.089154243469238,0.0,0.5154623413085937,1022.4071199823204,0.0,,35.0011100769043,1018.87796875,,91.030266,91.030266,,,,,,293.3435974121094,293.25164794921875,293.87164306640625,0.5154623413085937,,0.0,0.9523165225982666,1.4336183071136477,0.1119971796870231,0.1713737845420837,263.29254150390625,0.9588796496391296
2026-06-28 03:00:00+00:00,18.30351305742513,,,,4.089154243469238,0.0,0.589813232421875,1022.1583069355644,0.0,,34.19868850708008,1018.632734375,,91.80345,91.80345,,,,,,292.934814453125,292.7986145019531,293.87164306640625,0.589813232421875,,0.0,0.7228188514709473,1.1057474613189695,0.0419267676770687,0.0640247464179992,266.6802978515625,0.724033772945404
2026-06-28 04:00:00+00:00,18.311409633120004,,,,4.089154243469238,0.0,0.6562561035156249,1022.0544434461308,0.0,,33.57209396362305,1018.53109375,,94.02779,94.02779,,,,,,292.5553894042969,292.4167785644531,293.87164306640625,0.6562561035156249,,0.0,0.4487416744232178,0.6885272264480591,-0.583939790725708,-0.8977877497673035,322.4587097167969,0.7364473938941956
2026-06-28 05:00:00+00:00,18.11971553488459,,,,4.089154243469238,0.0,0.6511462402343748,1021.5124322428492,0.0,,32.355098724365234,1017.993125,,94.82296,94.82296,,,,,,292.2201843261719,292.0743713378906,293.87164306640625,0.6511462402343748,,0.0,-0.2064453810453415,-0.3079078197479248,-0.6684262752532959,-0.9844723343849182,17.163454055786133,0.6995808482170105
2026-06-28 06:00:00+00:00,18.3589134697557,,,,4.089154243469238,0.0,0.6951174926757813,1021.0641710946082,0.0,,31.740571975708008,1017.5459375,,96.89472,96.89472,,,,,,291.989501953125,291.7870788574219,293.87164306640625,0.6951174926757813,,0.0,-0.7302202582359314,-1.0836622714996338,-0.3991786539554596,-0.5901006460189819,61.336551666259766,0.832205057144165
2026-06-28 07:00:00+00:00,18.677900253016944,,,,4.089154243469238,0.0,0.5944815063476563,1021.041129888846,0.0,,31.374177932739254,1017.525546875,,100.0,100.0,,,,,,291.710693359375,291.5452880859375,293.87164306640625,0.5944815063476563,,0.0,-0.3262586891651153,-0.5049302577972412,-0.7884657979011536,-1.2243516445159912,22.479246139526367,0.8533012866973877
2026-06-28 08:00:00+00:00,18.27943120990906,,,,4.089154243469238,0.0,0.568961181640625,1020.8763133140234,0.0,,31.37349510192871,1017.366015625,,100.0,100.0,,,,,,291.463623046875,291.3597412109375,293.87164306640625,0.568961181640625,,0.0,-0.0050804172642529,-0.00972331315279,-0.6233349442481995,-0.9355257749557496,0.4669720828533172,0.6233556270599365
2026-06-28 09:00:00+00:00,17.689636186240563,,,,4.089154243469238,0.0,0.6313793945312498,1021.3452227136372,0.0,,30.84071159362793,1017.84203125,,100.0,100.0,,,,,,291.24755859375,291.6552734375,293.87164306640625,0.6313793945312498,,0.0,-0.0100802481174469,-0.0117061799392104,-0.5734091401100159,-0.6839597225189209,1.0071276426315308,0.5734977126121521
2026-06-28 10:00:00+00:00,17.27595683531803,,,,4.089154243469238,0.0,0.7294427490234376,1021.7678765870044,0.0,,30.88055229187012,1018.270859375,,100.0,100.0,,,,,,290.9388732910156,291.8290710449219,293.87164306640625,0.7294427490234376,,0.0,-0.2824141085147857,-0.3339648246765136,-0.660253643989563,-0.7875837087631226,23.15812873840332,0.7181174159049988
2026-06-28 11:00:00+00:00,17.701436600736365,,,,4.089154243469238,0.0,0.9033865356445312,1022.1483163241526,0.0768429565429689,,31.23296165466309,1018.64234375,,100.0,100.0,,,,,,291.4959716796875,293.0902404785156,293.87164306640625,0.9033865356445312,,0.0,0.2720938324928283,0.3218508958816528,-0.6279190182685852,-0.7440989017486572,336.5716552734375,0.6843371391296387
2026-06-28 12:00:00+00:00,18.234194182548023,,,,4.089154243469238,0.0,0.6878491210937501,1022.538775579724,0.0,,31.163761138916016,1019.01140625,,93.3395,93.3395,,,,,,293.5148620605469,296.6611328125,293.87164306640625,0.6878491210937501,,0.0,0.3327095210552215,0.3929684162139892,-0.0105898398905992,-0.012234691530466,271.82305908203125,0.3328780233860016
2026-06-28 13:00:00+00:00,18.369333829777517,,,,4.089154243469238,0.0,0.3036376953125002,1021.8643892247554,0.0,,30.228742599487305,1018.311171875,,80.48143,80.48143,,,,,,296.2312927246094,300.5875549316406,293.87164306640625,0.3036376953125002,,0.0,0.3851182460784912,0.4571583867073059,0.004257746040821,0.0055375099182128,269.3665771484375,0.3851417899131775
2026-06-28 14:00:00+00:00,17.87183425612428,,,,4.089154243469238,0.0,0.0727560424804689,1021.7001625701072,0.0,,30.738142013549805,1018.127890625,,67.902054,67.902054,,,,,,298.65057373046875,303.83062744140625,293.87164306640625,0.0727560424804689,,0.0,-0.1448800414800644,-0.1747170835733413,-0.4992812573909759,-0.5974189043045044,16.1815242767334,0.5198768973350525
2026-06-28 15:00:00+00:00,17.341610737377376,,,,4.089154243469238,0.0,0.0353124999999998,1020.8355639180448,0.0,,30.28371238708496,1017.256875,,60.634937,60.634937,,,,,,300.1542663574219,305.9216003417969,293.87164306640625,0.0353124999999998,,0.0,-0.4717683494091034,-0.5667975544929504,-1.1253609657287598,-1.3553826808929443,22.74416923522949,1.2202470302581787
2026-06-28 16:00:00+00:00,17.84885634772816,,,,4.089154243469238,0.0,0.0,1020.0076773336492,0.0,,30.04930305480957,1016.42140625,,59.27314,59.27314,,,,,,301.1446228027344,306.9819641113281,293.87164306640625,0.0,,0.0,-0.5008125305175781,-0.6069588661193848,-1.2951158285140991,-1.5683276653289795,21.141149520874023,1.3885741233825684
2026-06-28 17:00:00+00:00,16.97219830221903,,,,4.089154243469238,0.0,0.0,1019.1668133736492,0.0,,28.72236442565918,1015.581015625,,53.843224,53.843224,,,,,,301.7284545898437,307.0150146484375,293.87164306640625,0.0,,0.0,-1.1541410684585571,-1.4056638479232788,-0.4362219870090484,-0.5170632600784302,69.2952880859375,1.233827829360962
2026-06-28 18:00:00+00:00,16.692402540697373,,,,4.089154243469238,0.0,0.0,1018.1072333201286,0.0,,27.89981460571289,1014.52984375,,53.478394,53.478394,,,,,,301.4842529296875,305.5860595703125,293.87164306640625,0.0,,0.0,-2.3495302200317383,-2.888279914855957,0.7535870671272278,0.9231789112091064,107.78309631347656,2.467424869537353
2026-06-28 19:00:00+00:00,17.292907125154926,,,,4.089154243469238,0.0,0.0,1018.4088397405744,0.0,,28.194589614868164,1014.835390625,,57.5393,57.5393,,,,,,300.6382141113281,303.3522644042969,293.87164306640625,0.0,,0.0,-2.361051082611084,-2.9100770950317383,0.7832403182983398,0.9658851027488708,108.35242462158205,2.487574577331543
2026-06-28 20:00:00+00:00,17.760390348355358,,,,4.089154243469238,0.0,0.0,1017.9988231471948,0.0,,28.776294708251957,1014.43078125,,61.44539,61.44539,,,,,,299.6067810058594,300.5232238769531,293.87164306640625,0.0,,0.0,-2.14450740814209,-2.688967704772949,1.3994872570037842,1.7552828788757324,123.12812042236328,2.5607569217681885
2026-06-28 21:00:00+00:00,17.803687103221833,,,,4.089154243469238,0.0,0.0,1018.7083867504869,0.0,,27.6546630859375,1015.142578125,,64.036934,64.036934,,,,,,298.6811218261719,298.8081359863281,293.87164306640625,0.0,,0.0,-1.6571574211120603,-2.115816593170166,1.0537593364715576,1.3457026481628418,122.4516143798828,1.9638175964355469
2026-06-28 22:00:00+00:00,17.84004428933237,,,,4.089154243469238,0.0,0.0,1018.7294222919184,0.0,,26.66090965270996,1015.17,,66.995926,66.995926,,,,,,297.8582458496094,297.77264404296875,293.87164306640625,0.0,,0.0,-2.2933311462402344,-3.018847942352295,1.4975875616073608,1.979750633239746,123.14527893066406,2.7390027046203613
2026-06-28 23:00:00+00:00,18.859010158963198,,,,4.089154243469238,0.0,0.0,1019.0898725550272,0.0,,25.103687286376957,1015.537265625,,76.49938,76.49938,,,,,,296.77569580078125,296.7425537109375,293.87164306640625,0.0,,0.0,-1.3494460582733154,-1.7817106246948242,0.0445254184305667,0.0590526238083839,91.88980865478516,1.3501803874969482
2026-06-29 00:00:00+00:00,17.651438964475705,,,,4.089154243469238,0.0,0.0,1019.2462320256526,0.0,,24.1494140625,1015.704375,,72.532394,72.532394,,,,,,296.0484313964844,295.89971923828125,293.87164306640625,0.0,,0.0,-0.6897913813591003,-1.2287280559539795,0.5475397706031799,0.9747411608695984,128.4416961669922,0.8806883096694946
2026-06-29 00:00:00+00:00,17.239011231456324,,,,4.089154243469238,0.0,0.0,1018.9169384246557,0.0,,26.525983810424805,1015.3953125,,77.743515,77.743515,,,,,,294.44415283203125,297.1534118652344,294.4292907714844,0.0,,0.0,-0.5600736737251282,-0.5734829902648926,-1.1490126848220823,-1.1212706565856934,25.986412048339844,1.2782459259033203
2026-06-29 01:00:00+00:00,17.19053200002813,,,,4.089154243469238,0.0,0.0,1018.8876707802362,0.0,,27.292333602905277,1015.371171875,,79.558075,79.558075,,,,,,294.3008117675781,294.19586181640625,294.4292907714844,0.0,,0.0,-0.3382353782653808,-0.4983859658241272,-1.056127905845642,-1.5395268201828003,17.758176803588867,1.108967661857605
2026-06-29 02:00:00+00:00,16.989876990738924,,,,4.089154243469238,0.0,0.0,1018.2286844896496,0.0,,27.452436447143555,1014.718515625,,80.40002,80.40002,,,,,,293.8353881835937,293.6058654785156,294.4292907714844,0.0,,0.0,-1.3810607194900513,-1.9764796495437624,1.1239750385284424,1.6059913635253906,129.14039611816406,1.7806315422058103
2026-06-29 03:00:00+00:00,17.187707893945067,,,,4.089154243469238,0.0,0.0,1019.1420879513464,0.0,,28.276538848876957,1015.626328125,,82.273735,82.273735,,,,,,293.2552185058594,293.000732421875,294.4292907714844,0.0,,0.0,1.0439581871032717,1.6542868614196775,-0.0783440992236137,-0.1260801702737808,274.2917175292969,1.0468937158584597
2026-06-29 04:00:00+00:00,17.208221834597243,,,,4.089154243469238,0.0,0.0,1018.2847346070928,0.0,,27.946155548095703,1014.771953125,,82.4269,82.4269,,,,,,292.9762268066406,292.542236328125,294.4292907714844,0.0,,0.0,-0.5915449261665344,-0.8081651926040649,0.2499396353960037,0.33667653799057,112.90503692626952,0.6421800255775452
2026-06-29 05:00:00+00:00,16.942501723569762,,,,4.089154243469238,0.0,0.0,1018.2143655423588,0.0,,27.91576194763184,1014.702890625,,80.41615,80.41615,,,,,,292.7866516113281,292.19830322265625,294.4292907714844,0.0,,0.0,-0.3407271206378937,-0.4641149044036865,0.9393466114997864,1.283250331878662,160.06288146972656,0.9992332458496094
2026-06-29 06:00:00+00:00,16.55028962205569,,,,4.089154243469238,0.0,0.0,1017.846697754749,0.0,,26.93345832824707,1014.33578125,,77.35957,77.35957,,,,,,292.6119079589844,291.90167236328125,294.4292907714844,0.0,,0.0,0.1071201339364051,0.1573526114225387,1.473937749862671,2.149160861968994,184.1567230224609,1.477825164794922
2026-06-29 07:00:00+00:00,15.096343447692524,,,,4.089154243469238,0.0,0.0,1017.7516327461776,0.0,,25.71432876586914,1014.23203125,,64.89895,64.89895,,,,,,292.9319152832031,291.68170166015625,294.4292907714844,0.0,,0.0,0.2399860620498657,0.3263229727745056,1.0252571105957031,1.3936089277267456,193.1742706298828,1.0529698133468628
2026-06-29 08:00:00+00:00,16.024395713253618,,,,4.089154243469238,0.0,0.0,1017.6737782833388,0.0,,24.94541931152344,1014.166953125,,76.837036,76.837036,,,,,,292.1667175292969,291.3885803222656,294.4292907714844,0.0,,0.0,-0.9211808443069458,-1.2592278718948364,-0.7708419561386108,-1.0521003007888794,50.07748794555664,1.2011542320251465
2026-06-29 09:00:00+00:00,15.971712296610525,,,,4.089154243469238,0.0,0.0,1018.0100667177538,0.0,,25.093929290771484,1014.50171875,,76.95672,76.95672,,,,,,291.9748229980469,291.1438293457031,294.4292907714844,0.0,,0.0,-0.7272478342056274,-0.9896994233131408,-0.1073499098420143,-0.1456919014453888,81.60314178466797,0.7351281642913818
2026-06-29 10:00:00+00:00,15.702478045300808,,,,4.089154243469238,0.0,0.0,1018.6049804778054,0.0,,25.30385971069336,1015.096875,,75.76857,75.76857,,,,,,292.14776611328125,291.418212890625,294.4292907714844,0.0,,0.0,0.109273262321949,0.1482059359550476,0.2571054100990295,0.3483289182186126,203.0261383056641,0.2793632745742798
2026-06-29 11:00:00+00:00,15.675977585715083,,,,4.089154243469238,0.0,0.0,1019.0533941787398,0.0,,25.741811752319336,1015.5375,,72.13658,72.13658,,,,,,294.52569580078125,294.86822509765625,294.4292907714844,0.0,,0.0,0.2296132594347,0.2764201760292053,0.4990208148956299,0.6018717288970947,204.70846557617188,0.5493122935295105
2026-06-29 12:00:00+00:00,15.024629947459662,,,,4.089154243469238,0.0,0.0,1019.5712576770924,0.0,,26.066314697265625,1016.024140625,,57.151524,57.151524,,,,,,297.859130859375,299.13873291015625,294.4292907714844,0.0,,0.0,0.1354208439588546,0.1621812283992767,-0.8400583863258362,-1.012709617614746,350.84246826171875,0.8509035706520081
2026-06-29 13:00:00+00:00,14.939637492382962,,,,4.089154243469238,0.0,0.0,1018.9511747027908,0.0,,26.018455505371094,1015.391796875,,52.02431,52.02431,,,,,,299.7522277832031,302.67254638671875,294.4292907714844,0.0,,0.0,-0.2076313346624374,-0.253677099943161,-1.948162317276001,-2.3803553581237797,6.083507537841797,1.9591954946517944
2026-06-29 14:00:00+00:00,15.8093667123017,,,,4.089154243469238,0.0,0.0,1018.7829102511308,0.0,,26.54106903076172,1015.210390625,,51.402122,51.402122,,,,,,301.14080810546875,305.5250549316406,294.4292907714844,0.0,,0.0,-0.2942898273468017,-0.3586585521697998,-1.819668173789978,-2.2124218940734863,9.186741828918455,1.8433119058609009
2026-06-29 15:00:00+00:00,14.52848493706485,,,,4.089154243469238,0.0,0.0,1017.9555854235348,0.0,,27.061019897460938,1014.3815625,,44.38101,44.38101,,,,,,302.3203125,307.51336669921875,294.4292907714844,0.0,,0.0,-0.4094852209091186,-0.4968627691268921,-1.73075532913208,-2.1034929752349854,13.31103515625,1.7785365581512451
2026-06-29 16:00:00+00:00,14.156434350158056,,,,4.089154243469238,0.0,0.0,1017.1321348414305,0.0,,27.36389541625977,1013.55234375,,40.58137,40.58137,,,,,,303.4403991699219,308.63287353515625,294.4292907714844,0.0,,0.0,-0.5104008316993713,-0.6208863258361816,-1.4965050220489502,-1.8222012519836424,18.83255195617676,1.5811502933502195
2026-06-29 17:00:00+00:00,13.5542227736539,,,,4.089154243469238,0.0,0.0,1016.584957539828,0.0,,28.548471450805664,1013.00015625,,36.587425,36.587425,,,,,,304.416015625,308.931396484375,294.4292907714844,0.0,,0.0,-0.2214828133583068,-0.2686269581317901,-0.9617769122123718,-1.1700291633605957,12.968273162841797,0.9869495630264282
2026-06-29 18:00:00+00:00,13.275792052314596,,,,4.089154243469238,0.0,0.0,1015.9900357794004,0.0,,29.096071243286133,1012.405,,35.009396,35.009396,,,,,,304.6673583984375,308.0615234375,294.4292907714844,0.0,,0.0,0.2012489289045334,0.2452379763126373,-0.861933171749115,-1.0508941411972046,346.8576965332031,0.8851157426834106
2026-06-29 19:00:00+00:00,13.950994536295935,,,,4.089154243469238,0.1718128204345703,0.0,1016.5081829288208,0.0,,29.482723236083984,1012.92921875,,38.63119,38.63119,,,,,,303.5583801269531,305.53863525390625,294.4292907714844,0.1718128204345703,,0.0,-2.668781042098999,-3.3337738513946533,0.6470352411270142,0.8112761378288269,103.628173828125,2.746096611022949
2026-06-29 20:00:00+00:00,14.876180981975391,,,,4.089154243469238,0.0,0.0,1016.5476860533936,0.0,,29.543140411376957,1012.98296875,,45.406456,45.406456,,,,,,301.4784851074219,302.19207763671875,294.4292907714844,0.0,,0.0,-2.552938461303711,-3.243249654769897,1.953277826309204,2.4864251613616943,127.41995239257812,3.214465618133545
2026-06-29 21:00:00+00:00,15.858297831280364,,,,4.089154243469238,0.0,0.0,1017.368230863917,0.0,,29.66058349609375,1013.810625,,52.47255,52.47255,,,,,,299.9229736328125,300.10699462890625,294.4292907714844,0.0,,0.0,-2.477868795394897,-3.196982383728028,1.7978585958480835,2.319177627563477,125.96337890625,3.0613932609558105
2026-06-29 22:00:00+00:00,16.155219384132327,,,,4.089154243469238,0.0,0.0,1017.8405452300776,0.0,,31.170747756958008,1014.288671875,,56.391254,56.391254,,,,,,298.9317626953125,298.89385986328125,294.4292907714844,0.0,,0.0,-1.2879236936569214,-1.7165178060531616,0.3872658610343933,0.5158020853996277,106.73551177978516,1.3448874950408936
2026-06-29 23:00:00+00:00,15.453795600281104,,,,4.089154243469238,0.0,0.0,1018.482900656074,0.3183615112304689,,32.76205062866211,1014.935390625,,55.508545,55.508545,,,,,,298.0859375,297.9042358398437,294.4292907714844,0.3183615112304689,,0.0,-0.0482490882277488,-0.0499091893434524,0.2570667564868927,0.3524777293205261,169.36978149414062,0.2615555226802826
2026-06-30 00:00:00+00:00,18.75519456799489,,,,4.089154243469238,0.0,0.0,1019.3309561045546,0.1340518188476562,,33.79739761352539,1015.783203125,,76.67273,76.67273,,,,,,296.74493408203125,296.9573059082031,294.4292907714844,0.1340518188476562,,0.0,3.667815685272217,4.747939109802246,1.7176049947738647,2.2208237648010254,244.90673828125,4.0500664710998535
2026-06-30 00:00:00+00:00,18.966298573632304,,,,4.089154243469238,0.0,0.6648199462890627,1021.0724109146192,0.0,,31.86873435974121,1017.533203125,,89.95098,89.95098,,,,,,293.8711242675781,297.1534118652344,294.25311279296875,0.6648199462890627,,0.0,2.12739896774292,2.132596492767334,-0.1100978255271911,-0.1099005118012428,272.9625549316406,2.130245923995972
2026-06-30 01:00:00+00:00,18.731911532141392,,,,4.089154243469238,0.0611607551574706,0.7657962036132813,1020.3876417454152,0.0,,32.1457633972168,1016.847265625,,87.53265,87.53265,,,,,,294.59356689453125,294.8511657714844,294.25311279296875,0.7657962036132813,,0.0,1.8129820823669436,2.283552646636963,-0.3169907033443451,-0.3976372480392456,279.9176330566406,1.8404855728149412
2026-06-30 02:00:00+00:00,18.783809791916884,,,,4.089154243469238,0.1126449584960938,0.8025042724609377,1020.248370512914,0.0,,32.063358306884766,1016.71078125,,88.39506,88.39506,,,,,,294.33868408203125,294.29083251953125,294.25311279296875,0.8025042724609377,,0.0,1.5669270753860474,2.0739519596099854,0.1596037894487381,0.2112100422382354,264.1840209960937,1.575034499168396
2026-06-30 03:00:00+00:00,18.76475777362859,,,,4.089154243469238,0.0676520347595215,0.8017160034179689,1020.3491717392092,0.0,,32.42279815673828,1016.814375,,89.8428,89.8428,,,,,,293.9718322753906,293.84722900390625,294.25311279296875,0.8017160034179689,,0.0,1.316089749336243,1.8793203830718996,-0.2850122451782226,-0.409600019454956,282.2192687988281,1.3465973138809204
2026-06-30 04:00:00+00:00,18.787179478937663,,,,4.089154243469238,0.2144960403442382,0.8382836914062501,1019.5289498957128,0.0,,32.03228759765625,1016.00421875,,92.743484,92.743484,,,,,,293.5209045410156,293.4100341796875,294.25311279296875,0.8382836914062501,,0.0,1.3001805543899536,1.7684354782104492,-1.1187453269958496,-1.5231473445892334,310.7104797363281,1.715243577957153
2026-06-30 05:00:00+00:00,18.843306269874187,,,,4.089154243469238,0.1416879653930665,0.7941390991210939,1019.0682533991736,0.0,,31.77967643737793,1015.549921875,,95.29562,95.29562,,,,,,293.1361083984375,293.0119934082031,294.25311279296875,0.7941390991210939,,0.0,1.7038954496383667,2.319119691848755,-0.611400842666626,-0.8300282955169678,289.7392578125,1.8102681636810305
2026-06-30 06:00:00+00:00,18.56324280852372,,,,4.089154243469238,0.1647214889526367,0.6421658325195314,1018.7238460003066,0.0,,31.37690734863281,1015.20921875,,95.332596,95.332596,,,,,,292.7843017578125,292.6742248535156,294.25311279296875,0.6421658325195314,,0.0,0.9151355624198914,1.4047701358795166,-0.3955012559890747,-0.6068005561828613,293.3729248046875,0.9969425201416016
2026-06-30 07:00:00+00:00,18.4127099912696,,,,4.089154243469238,0.1587411880493163,0.5342379760742189,1018.9905778643324,0.0,,31.041051864624023,1015.47859375,,96.63838,96.63838,,,,,,292.4452209472656,292.3492736816406,294.25311279296875,0.5342379760742189,,0.0,0.6489481329917908,0.9661991000175476,-0.7704845070838928,-1.146536350250244,319.8939208984375,1.007362961769104
2026-06-30 08:00:00+00:00,18.23741551685106,,,,4.089154243469238,0.156158447265625,0.4746847534179688,1018.8491226721848,0.0,,30.2185173034668,1015.340703125,,96.718666,96.718666,,,,,,292.1217346191406,292.0249938964844,294.25311279296875,0.4746847534179688,,0.0,0.0704266056418418,0.116752415895462,-0.678146481513977,-1.1434645652770996,354.07098388671875,0.6817936301231384
2026-06-30 09:00:00+00:00,18.125043481206085,,,,4.089154243469238,0.0739853858947754,0.3758306884765625,1019.1804385126526,0.0,,29.27210235595703,1015.676953125,,98.24912,98.24912,,,,,,291.87713623046875,291.74676513671875,294.25311279296875,0.3758306884765625,,0.0,-0.1238900572061538,-0.1784689873456955,-1.3109581470489502,-1.8875174522399905,5.398614883422852,1.3167991638183594
2026-06-30 10:00:00+00:00,18.05310719142228,,,,4.089154243469238,0.0193037033081053,0.3980319213867189,1019.6450207361484,0.0,,29.187068939208984,1016.1403125,,98.43207,98.43207,,,,,,291.8984069824219,291.89471435546875,294.25311279296875,0.3980319213867189,,0.0,-0.2747372984886169,-0.3464173674583435,-0.4650168418884277,-0.5857183933258057,30.575082778930664,0.5401122570037842
2026-06-30 11:00:00+00:00,18.140098847954736,,,,4.089154243469238,0.1066509246826172,0.3327764892578124,1019.8790005512086,0.0,,28.73161125183105,1016.365546875,,94.069824,94.069824,,,,,,293.09820556640625,294.5585632324219,294.25311279296875,0.3327764892578124,,0.0,-0.8466136455535889,-1.0198330879211426,-0.6369732618331909,-0.7658481597900391,53.04301071166992,1.0594761371612549
2026-06-30 12:00:00+00:00,18.2898581829483,,,,4.089154243469238,0.1854261398315428,0.4368774414062502,1020.410011965634,0.0,,28.628379821777344,1016.89078125,,91.1994,91.1994,,,,,,294.0361022949219,297.09625244140625,294.25311279296875,0.4368774414062502,,0.0,-1.0645653009414673,-1.275171995162964,-0.4780190587043762,-0.5707392692565918,65.81861114501953,1.166962504386902
2026-06-30 13:00:00+00:00,18.161511246397843,,,,4.089154243469238,0.0525118827819823,0.1304376220703123,1019.6487964122688,0.0,,28.42032814025879,1016.11328125,,80.72839,80.72839,,,,,,296.1254577636719,300.6697692871094,294.25311279296875,0.1304376220703123,,0.0,-1.328705072402954,-1.5958197116851809,-0.3447643220424652,-0.415324866771698,75.45401763916016,1.3727052211761477
2026-06-30 14:00:00+00:00,16.96930030687042,,,,4.089154243469238,0.0,0.0,1019.3930710877842,0.0,,28.15300750732422,1015.842890625,,65.3169,65.3169,,,,,,298.4217224121094,303.84814453125,294.25311279296875,0.0,,0.0,-1.0643976926803589,-1.2755742073059082,-0.4372495710849762,-0.5242789387702942,67.66737365722656,1.1507083177566528
2026-06-30 15:00:00+00:00,15.9156814327448,,,,4.089154243469238,0.0483815193176269,0.0,1018.437315213295,0.0,,27.215450286865234,1014.87625,,54.56869,54.56869,,,,,,300.40673828125,306.1439514160156,294.25311279296875,0.0483815193176269,,0.0,-1.5107460021972656,-1.827500820159912,0.6390191316604614,0.7737184166908264,112.9275131225586,1.640334963798523
2026-06-30 16:00:00+00:00,14.295665054995265,,,,4.089154243469238,0.0022037506103516,0.0,1017.8482139004254,0.0,,26.45210647583008,1014.286875,,46.33063,46.33063,,,,,,301.4703063964844,307.0925598144531,294.25311279296875,0.0022037506103516,,0.0,-2.1987111568450928,-2.6847472190856934,0.9023398756980896,1.1020132303237915,112.31299591064452,2.3766674995422363
2026-06-30 17:00:00+00:00,16.46564927470265,,,,4.089154243469238,0.1026485443115234,0.0,1017.2533268166447,0.0,,28.28756332397461,1013.686328125,,52.706184,52.706184,,,,,,301.6505126953125,306.89227294921875,294.25311279296875,0.1026485443115234,,0.0,-2.33630633354187,-2.8600239753723145,0.772569477558136,0.9452537894248962,108.29801177978516,2.4607298374176025
2026-06-30 18:00:00+00:00,17.196971151782382,,,,4.089154243469238,0.0,0.0,1016.567484226812,0.0,,28.43585586547852,1012.99765625,,54.141323,54.141323,,,,,,301.826904296875,305.8360900878906,294.25311279296875,0.0,,0.0,-2.462998151779175,-3.034459352493286,1.1353949308395386,1.3994503021240234,114.74879455566406,2.712099075317383
2026-06-30 19:00:00+00:00,18.343703027452605,,,,4.089154243469238,0.0,0.0,1016.922409057286,0.0,,29.856664657592773,1013.353359375,,60.093216,60.093216,,,,,,301.0497436523437,303.55224609375,294.25311279296875,0.0,,0.0,-2.7574620246887207,-3.450304746627808,2.229836225509644,2.7889609336853027,128.96092224121094,3.5462327003479004
2026-06-30 20:00:00+00:00,18.617520385822264,,,,4.089154243469238,0.0,0.0,1016.8553366468736,0.0,,29.93093681335449,1013.298125,,65.91746,65.91746,,,,,,299.4011535644531,300.4563293457031,294.25311279296875,0.0,,0.0,-2.8180630207061768,-3.577305793762207,2.382576465606689,3.024209499359131,130.21337890625,3.690277814865112
2026-06-30 21:00:00+00:00,19.13130731446809,,,,4.089154243469238,0.0,0.0,1017.6133118233062,0.0,,29.623607635498047,1014.061328125,,72.91446,72.91446,,,,,,298.06329345703125,298.5126342773437,294.25311279296875,0.0,,0.0,-2.616186141967773,-3.341042280197144,1.7756946086883545,2.266773223876953,124.16607666015624,3.1618857383728027
2026-06-30 22:00:00+00:00,18.98836611125016,,,,4.089154243469238,0.0,0.0,1017.746371778749,0.0,,28.26833152770996,1014.198671875,,74.10354,74.10354,,,,,,297.4878845214844,297.5471496582031,294.25311279296875,0.0,,0.0,-1.9406479597091677,-2.504932403564453,1.142264723777771,1.475799560546875,120.48104858398438,2.251862049102783
2026-06-30 23:00:00+00:00,18.69248984064097,,,,4.089154243469238,0.0,0.0,1018.0808731767784,0.0,,27.980688095092773,1014.537421875,,73.3556,73.3556,,,,,,297.0145874023437,296.755126953125,294.25311279296875,0.0,,0.0,-0.9712885022163392,-1.4741077423095703,1.2242426872253418,1.8596229553222656,141.57225036621094,1.5627448558807373
2026-07-01 00:00:00+00:00,17.79812634273012,,,,4.089154243469238,0.0,0.0,1018.4161556458988,0.0,,28.98538398742676,1014.87671875,,69.33204,69.33204,,,,,,296.4081115722656,296.02215576171875,294.25311279296875,0.0,,0.0,-0.5160154104232788,-0.7577211856842041,0.9860791563987732,1.4551944732666016,152.37692260742188,1.1129348278045654
